fixture_id,competition,competition_id,competition_short,season,date_ist,time_ist,datetime_ist,datetime_utc,match_day,home_team,home_team_id,away_team,away_team_id,status,venue,last_updated
match_fmb_es1_2026-27_20260815_deportivo_alaves_getafe,La Liga,comp_laliga_es,LaLiga,2026/27,2026-08-15,11:00 PM,2026-08-15 23:00:00,2026-08-15T17:30:00Z,Saturday,Deportivo Alavés,team_alaves_es,Getafe,team_getafe_es,finished,,2026-09-26T13:26:06Z
match_fmb_es1_2026-27_20260815_sevilla_rayo_vallecano,La Liga,comp_laliga_es,LaLiga,2026/27,2026-08-16,01:00 AM,2026-08-16 01:00:00,2026-08-15T19:30:00Z,Sunday,Sevilla,team_sevilla_es,Rayo Vallecano,team_rayo_vallecano_es,finished,,2026-09-26T13:26:06Z
match_fmb_es1_2026-27_20260816_racing_santander_villarreal,La Liga,comp_laliga_es,LaLiga,2026/27,2026-08-16,08:30 PM,2026-08-16 20:30:00,2026-08-16T15:00:00Z,Sunday,Racing Santander,team_racing_santander_es,Villarreal,team_villarreal_es,finished,,2026-09-26T13:26:06Z
match_fmb_es1_2026-27_20260816_espanyol_levante,La Liga,comp_laliga_es,LaLiga,2026/27,2026-08-16,10:30 PM,2026-08-16 22:30:00,2026-08-16T17:00:00Z,Sunday,Espanyol,team_espanyol_es,Levante,team_levante_es,finished,,2026-09-26T13:26:06Z
match_fmb_es1_2026-27_20260817_deportivo_a_coruna_elche,La Liga,comp_laliga_es,LaLiga,2026/27,2026-08-18,12:30 AM,2026-08-18 00:30:00,2026-08-17T19:00:00Z,Tuesday,Deportivo A Coruña,team_a_coruna_es,Elche,team_elche_es,finished,,2026-09-26T13:26:06Z
match_fmb_es1_2026-27_20260819_atletico_madrid_malaga,La Liga,comp_laliga_es,LaLiga,2026/27,2026-08-20,12:35 AM,2026-08-20 00:35:00,2026-08-19T19:05:00Z,Thursday,Atlético Madrid,team_atletico_madrid_es,Málaga,team_malaga_es,finished,,2026-09-26T13:26:06Z
match_fmb_es1_2026-27_20260820_rayo_vallecano_deportivo_alaves,La Liga,comp_laliga_es,LaLiga,2026/27,2026-08-21,12:30 AM,2026-08-21 00:30:00,2026-08-20T19:00:00Z,Friday,Rayo Vallecano,team_rayo_vallecano_es,Deportivo Alavés,team_alaves_es,finished,,2026-09-26T13:26:06Z
match_fmb_fr1_2026-27_20260821_marseille_strasbourg,Ligue 1,comp_ligue_1_fr,Ligue 1,2026/27,2026-08-22,12:15 AM,2026-08-22 00:15:00,2026-08-21T18:45:00Z,Saturday,Marseille,team_marseille_fr,Strasbourg,team_strasbourg_fr,finished,,2026-09-26T13:26:08Z
match_fmb_es1_2026-27_20260821_real_betis_real_sociedad,La Liga,comp_laliga_es,LaLiga,2026/27,2026-08-22,12:30 AM,2026-08-22 00:30:00,2026-08-21T19:00:00Z,Saturday,Real Betis,team_real_betis_es,Real Sociedad,team_real_sociedad_es,finished,,2026-09-26T13:26:06Z
match_fmb_epl_2026-27_20260821_arsenal_coventry_city,Premier League,comp_premier_league_eng,EPL,2026/27,2026-08-22,12:30 AM,2026-08-22 00:30:00,2026-08-21T19:00:00Z,Saturday,Arsenal,team_arsenal_eng,Coventry City,team_coventry_city_eng,finished,,2026-09-26T13:26:05Z
match_fmb_epl_2026-27_20260822_hull_city_manchester_united,Premier League,comp_premier_league_eng,EPL,2026/27,2026-08-22,05:00 PM,2026-08-22 17:00:00,2026-08-22T11:30:00Z,Saturday,Hull City,team_hull_city_eng,Manchester United,team_manchester_united_eng,finished,,2026-09-26T13:26:05Z
match_fmb_epl_2026-27_20260822_everton_crystal_palace,Premier League,comp_premier_league_eng,EPL,2026/27,2026-08-22,07:30 PM,2026-08-22 19:30:00,2026-08-22T14:00:00Z,Saturday,Everton,team_everton_eng,Crystal Palace,team_crystal_palace_eng,finished,,2026-09-26T13:26:05Z
match_fmb_epl_2026-27_20260822_ipswich_town_sunderland,Premier League,comp_premier_league_eng,EPL,2026/27,2026-08-22,07:30 PM,2026-08-22 19:30:00,2026-08-22T14:00:00Z,Saturday,Ipswich Town,team_ipswich_town_eng,Sunderland,team_sunderland_eng,finished,,2026-09-26T13:26:05Z
match_fmb_epl_2026-27_20260822_nottingham_forest_leeds_united,Premier League,comp_premier_league_eng,EPL,2026/27,2026-08-22,07:30 PM,2026-08-22 19:30:00,2026-08-22T14:00:00Z,Saturday,Nottingham Forest,team_nottingham_forest_eng,Leeds United,team_leeds_united_eng,finished,,2026-09-26T13:26:05Z
match_fmb_es1_2026-27_20260822_athletic_club_sevilla,La Liga,comp_laliga_es,LaLiga,2026/27,2026-08-22,08:30 PM,2026-08-22 20:30:00,2026-08-22T15:00:00Z,Saturday,Athletic Club,team_athletic_club_es,Sevilla,team_sevilla_es,finished,,2026-09-26T13:26:06Z
match_fmb_fr1_2026-27_20260822_lens_auxerre,Ligue 1,comp_ligue_1_fr,Ligue 1,2026/27,2026-08-22,08:45 PM,2026-08-22 20:45:00,2026-08-22T15:15:00Z,Saturday,Lens,team_lens_fr,Auxerre,team_auxerre_fr,finished,,2026-09-26T13:26:08Z
match_fmb_epl_2026-27_20260822_brentford_tottenham_hotspur,Premier League,comp_premier_league_eng,EPL,2026/27,2026-08-22,10:00 PM,2026-08-22 22:00:00,2026-08-22T16:30:00Z,Saturday,Brentford,team_brentford_eng,Tottenham Hotspur,team_tottenham_eng,finished,,2026-09-26T13:26:05Z
match_fmb_it1_2026-27_20260822_inter_monza,Serie A,comp_serie_a_it,Serie A,2026/27,2026-08-22,10:00 PM,2026-08-22 22:00:00,2026-08-22T16:30:00Z,Saturday,Inter,team_inter_it,Monza,team_monza_it,finished,,2026-09-26T13:26:06Z
match_fmb_it1_2026-27_20260822_udinese_como,Serie A,comp_serie_a_it,Serie A,2026/27,2026-08-22,10:00 PM,2026-08-22 22:00:00,2026-08-22T16:30:00Z,Saturday,Udinese,team_udinese_it,Como,team_como_it,finished,,2026-09-26T13:26:06Z
match_fmb_es1_2026-27_20260822_valencia_celta_vigo,La Liga,comp_laliga_es,LaLiga,2026/27,2026-08-22,11:00 PM,2026-08-22 23:00:00,2026-08-22T17:30:00Z,Saturday,Valencia,team_valencia_es,Celta Vigo,team_celta_vigo_es,finished,,2026-09-26T13:26:06Z
match_fmb_fr1_2026-27_20260822_le_mans_brest,Ligue 1,comp_ligue_1_fr,Ligue 1,2026/27,2026-08-23,12:15 AM,2026-08-23 00:15:00,2026-08-22T18:45:00Z,Sunday,Le Mans,team_le_mans_fr,Brest,team_brest_fr,finished,,2026-09-26T13:26:08Z
match_fmb_fr1_2026-27_20260822_nice_lorient,Ligue 1,comp_ligue_1_fr,Ligue 1,2026/27,2026-08-23,12:15 AM,2026-08-23 00:15:00,2026-08-22T18:45:00Z,Sunday,Nice,team_nice_fr,Lorient,team_lorient_fr,finished,,2026-09-26T13:26:08Z
match_fmb_fr1_2026-27_20260822_toulouse_lyon,Ligue 1,comp_ligue_1_fr,Ligue 1,2026/27,2026-08-23,12:15 AM,2026-08-23 00:15:00,2026-08-22T18:45:00Z,Sunday,Toulouse,team_toulouse_fr,Lyon,team_lyon_fr,finished,,2026-09-26T13:26:08Z
match_fmb_fr1_2026-27_20260822_troyes_paris_fc,Ligue 1,comp_ligue_1_fr,Ligue 1,2026/27,2026-08-23,12:15 AM,2026-08-23 00:15:00,2026-08-22T18:45:00Z,Sunday,Troyes,team_troyes_fr,Paris FC,team_paris_fr,finished,,2026-09-26T13:26:08Z
match_fmb_it1_2026-27_20260822_genoa_napoli,Serie A,comp_serie_a_it,Serie A,2026/27,2026-08-23,12:15 AM,2026-08-23 00:15:00,2026-08-22T18:45:00Z,Sunday,Genoa,team_genoa_it,Napoli,team_napoli_it,finished,,2026-09-26T13:26:06Z
match_fmb_it1_2026-27_20260822_parma_cagliari,Serie A,comp_serie_a_it,Serie A,2026/27,2026-08-23,12:15 AM,2026-08-23 00:15:00,2026-08-22T18:45:00Z,Sunday,Parma,team_parma_it,Cagliari,team_cagliari_it,finished,,2026-09-26T13:26:06Z
match_fmb_es1_2026-27_20260822_espanyol_real_madrid,La Liga,comp_laliga_es,LaLiga,2026/27,2026-08-23,01:00 AM,2026-08-23 01:00:00,2026-08-22T19:30:00Z,Sunday,Espanyol,team_espanyol_es,Real Madrid,team_real_madrid_es,finished,,2026-09-26T13:26:06Z
match_fmb_fr1_2026-27_20260823_angers_lille,Ligue 1,comp_ligue_1_fr,Ligue 1,2026/27,2026-08-23,06:30 PM,2026-08-23 18:30:00,2026-08-23T13:00:00Z,Sunday,Angers,team_angers_fr,Lille,team_lille_fr,finished,,2026-09-26T13:26:08Z
match_fmb_epl_2026-27_20260823_brighton_hove_albion_aston_villa,Premier League,comp_premier_league_eng,EPL,2026/27,2026-08-23,06:30 PM,2026-08-23 18:30:00,2026-08-23T13:00:00Z,Sunday,Brighton & Hove Albion,team_brighton_and_hove_albion_eng,Aston Villa,team_aston_villa_eng,finished,,2026-09-26T13:26:05Z
match_fmb_epl_2026-27_20260823_manchester_city_afc_bournemouth,Premier League,comp_premier_league_eng,EPL,2026/27,2026-08-23,06:30 PM,2026-08-23 18:30:00,2026-08-23T13:00:00Z,Sunday,Manchester City,team_manchester_city_eng,AFC Bournemouth,team_afc_bournemouth_eng,finished,,2026-09-26T13:26:05Z
match_fmb_es1_2026-27_20260823_atletico_madrid_villarreal,La Liga,comp_laliga_es,LaLiga,2026/27,2026-08-23,08:30 PM,2026-08-23 20:30:00,2026-08-23T15:00:00Z,Sunday,Atlético Madrid,team_atletico_madrid_es,Villarreal,team_villarreal_es,finished,,2026-09-26T13:26:06Z
match_fmb_fr1_2026-27_20260823_le_havre_monaco,Ligue 1,comp_ligue_1_fr,Ligue 1,2026/27,2026-08-23,08:45 PM,2026-08-23 20:45:00,2026-08-23T15:15:00Z,Sunday,Le Havre,team_le_havre_fr,Monaco,team_monaco_fr,finished,,2026-09-26T13:26:08Z
match_fmb_epl_2026-27_20260823_newcastle_united_liverpool,Premier League,comp_premier_league_eng,EPL,2026/27,2026-08-23,09:00 PM,2026-08-23 21:00:00,2026-08-23T15:30:00Z,Sunday,Newcastle United,team_newcastle_united_eng,Liverpool,team_liverpool_eng,finished,,2026-09-26T13:26:05Z
match_fmb_it1_2026-27_20260823_frosinone_juventus,Serie A,comp_serie_a_it,Serie A,2026/27,2026-08-23,10:00 PM,2026-08-23 22:00:00,2026-08-23T16:30:00Z,Sunday,Frosinone,team_frosinone_it,Juventus,team_juventus_it,finished,,2026-09-26T13:26:06Z
match_fmb_it1_2026-27_20260823_venezia_lecce,Serie A,comp_serie_a_it,Serie A,2026/27,2026-08-23,10:00 PM,2026-08-23 22:00:00,2026-08-23T16:30:00Z,Sunday,Venezia,team_venezia_it,Lecce,team_lecce_it,finished,,2026-09-26T13:26:06Z
match_fmb_es1_2026-27_20260823_getafe_racing_santander,La Liga,comp_laliga_es,LaLiga,2026/27,2026-08-23,11:00 PM,2026-08-23 23:00:00,2026-08-23T17:30:00Z,Sunday,Getafe,team_getafe_es,Racing Santander,team_racing_santander_es,finished,,2026-09-26T13:26:06Z
match_fmb_fr1_2026-27_20260823_rennes_paris_saint_germain,Ligue 1,comp_ligue_1_fr,Ligue 1,2026/27,2026-08-24,12:15 AM,2026-08-24 00:15:00,2026-08-23T18:45:00Z,Monday,Rennes,team_rennes_fr,Paris Saint-Germain,team_paris_saint_germain_fr,finished,,2026-09-26T13:26:08Z
match_fmb_it1_2026-27_20260823_atalanta_sassuolo,Serie A,comp_serie_a_it,Serie A,2026/27,2026-08-24,12:15 AM,2026-08-24 00:15:00,2026-08-23T18:45:00Z,Monday,Atalanta,team_atalanta_it,Sassuolo,team_sassuolo_it,finished,,2026-09-26T13:26:06Z
match_fmb_it1_2026-27_20260823_torino_milan,Serie A,comp_serie_a_it,Serie A,2026/27,2026-08-24,12:15 AM,2026-08-24 00:15:00,2026-08-23T18:45:00Z,Monday,Torino,team_torino_it,Milan,team_milan_it,finished,,2026-09-26T13:26:06Z
match_fmb_es1_2026-27_20260823_elche_barcelona,La Liga,comp_laliga_es,LaLiga,2026/27,2026-08-24,01:00 AM,2026-08-24 01:00:00,2026-08-23T19:30:00Z,Monday,Elche,team_elche_es,Barcelona,team_barcelona_es,finished,,2026-09-26T13:26:06Z
match_fmb_it1_2026-27_20260824_bologna_lazio,Serie A,comp_serie_a_it,Serie A,2026/27,2026-08-24,10:00 PM,2026-08-24 22:00:00,2026-08-24T16:30:00Z,Monday,Bologna,team_bologna_it,Lazio,team_lazio_it,finished,,2026-09-26T13:26:06Z
match_fmb_es1_2026-27_20260824_osasuna_levante,La Liga,comp_laliga_es,LaLiga,2026/27,2026-08-24,11:00 PM,2026-08-24 23:00:00,2026-08-24T17:30:00Z,Monday,Osasuna,team_osasuna_es,Levante,team_levante_es,finished,,2026-09-26T13:26:06Z
match_fmb_it1_2026-27_20260824_roma_fiorentina,Serie A,comp_serie_a_it,Serie A,2026/27,2026-08-25,12:15 AM,2026-08-25 00:15:00,2026-08-24T18:45:00Z,Tuesday,Roma,team_roma_it,Fiorentina,team_fiorentina_it,finished,,2026-09-26T13:26:06Z
match_fmb_epl_2026-27_20260824_fulham_chelsea,Premier League,comp_premier_league_eng,EPL,2026/27,2026-08-25,12:30 AM,2026-08-25 00:30:00,2026-08-24T19:00:00Z,Tuesday,Fulham,team_fulham_eng,Chelsea,team_chelsea_eng,finished,,2026-09-26T13:26:05Z
match_fmb_es1_2026-27_20260824_malaga_deportivo_a_coruna,La Liga,comp_laliga_es,LaLiga,2026/27,2026-08-25,01:00 AM,2026-08-25 01:00:00,2026-08-24T19:30:00Z,Tuesday,Málaga,team_malaga_es,Deportivo A Coruña,team_a_coruna_es,finished,,2026-09-26T13:26:06Z
match_fmb_es1_2026-27_20260825_valencia_real_betis,La Liga,comp_laliga_es,LaLiga,2026/27,2026-08-26,12:30 AM,2026-08-26 00:30:00,2026-08-25T19:00:00Z,Wednesday,Valencia,team_valencia_es,Real Betis,team_real_betis_es,finished,,2026-09-26T13:26:06Z
match_fmb_es1_2026-27_20260826_real_madrid_real_sociedad,La Liga,comp_laliga_es,LaLiga,2026/27,2026-08-27,12:30 AM,2026-08-27 00:30:00,2026-08-26T19:00:00Z,Thursday,Real Madrid,team_real_madrid_es,Real Sociedad,team_real_sociedad_es,finished,,2026-09-26T13:26:06Z
match_fmb_es1_2026-27_20260827_celta_vigo_osasuna,La Liga,comp_laliga_es,LaLiga,2026/27,2026-08-28,12:00 AM,2026-08-28 00:00:00,2026-08-27T18:30:00Z,Friday,Celta Vigo,team_celta_vigo_es,Osasuna,team_osasuna_es,finished,,2026-09-26T13:26:06Z
match_fmb_es1_2026-27_20260827_barcelona_athletic_club,La Liga,comp_laliga_es,LaLiga,2026/27,2026-08-28,12:30 AM,2026-08-28 00:30:00,2026-08-27T19:00:00Z,Friday,Barcelona,team_barcelona_es,Athletic Club,team_athletic_club_es,finished,,2026-09-26T13:26:06Z
match_fmb_es1_2026-27_20260828_racing_santander_elche,La Liga,comp_laliga_es,LaLiga,2026/27,2026-08-28,10:30 PM,2026-08-28 22:30:00,2026-08-28T17:00:00Z,Friday,Racing Santander,team_racing_santander_es,Elche,team_elche_es,finished,,2026-09-26T13:26:06Z
match_fmb_de1_2026-27_20260828_bayern_munchen_vfb_stuttgart,Bundesliga,comp_bundesliga_de,Bundesliga,2026/27,2026-08-29,12:00 AM,2026-08-29 00:00:00,2026-08-28T18:30:00Z,Saturday,Bayern München,team_bayern_munich_de,VfB Stuttgart,team_stuttgart_de,finished,,2026-09-26T13:26:07Z
match_fmb_it1_2026-27_20260828_milan_venezia,Serie A,comp_serie_a_it,Serie A,2026/27,2026-08-29,12:15 AM,2026-08-29 00:15:00,2026-08-28T18:45:00Z,Saturday,Milan,team_milan_it,Venezia,team_venezia_it,finished,,2026-09-26T13:26:06Z
match_fmb_fr1_2026-27_20260828_lille_paris_saint_germain,Ligue 1,comp_ligue_1_fr,Ligue 1,2026/27,2026-08-29,12:30 AM,2026-08-29 00:30:00,2026-08-28T19:00:00Z,Saturday,Lille,team_lille_fr,Paris Saint-Germain,team_paris_saint_germain_fr,finished,,2026-09-26T13:26:08Z
match_fmb_epl_2026-27_20260828_crystal_palace_manchester_city,Premier League,comp_premier_league_eng,EPL,2026/27,2026-08-29,12:30 AM,2026-08-29 00:30:00,2026-08-28T19:00:00Z,Saturday,Crystal Palace,team_crystal_palace_eng,Manchester City,team_manchester_city_eng,finished,,2026-09-26T13:26:05Z
match_fmb_es1_2026-27_20260828_deportivo_alaves_villarreal,La Liga,comp_laliga_es,LaLiga,2026/27,2026-08-29,01:00 AM,2026-08-29 01:00:00,2026-08-28T19:30:00Z,Saturday,Deportivo Alavés,team_alaves_es,Villarreal,team_villarreal_es,finished,,2026-09-26T13:26:06Z
match_fmb_epl_2026-27_20260829_liverpool_nottingham_forest,Premier League,comp_premier_league_eng,EPL,2026/27,2026-08-29,05:00 PM,2026-08-29 17:00:00,2026-08-29T11:30:00Z,Saturday,Liverpool,team_liverpool_eng,Nottingham Forest,team_nottingham_forest_eng,finished,,2026-09-26T13:26:05Z
match_fmb_de1_2026-27_20260829_1_fc_koln_hoffenheim,Bundesliga,comp_bundesliga_de,Bundesliga,2026/27,2026-08-29,07:00 PM,2026-08-29 19:00:00,2026-08-29T13:30:00Z,Saturday,1. FC Köln,team_koln_de,Hoffenheim,team_hoffenheim_de,finished,,2026-09-26T13:26:07Z
match_fmb_de1_2026-27_20260829_elversberg_bayer_leverkusen,Bundesliga,comp_bundesliga_de,Bundesliga,2026/27,2026-08-29,07:00 PM,2026-08-29 19:00:00,2026-08-29T13:30:00Z,Saturday,Elversberg,team_elversberg_de,Bayer Leverkusen,team_bayer_leverkusen_de,finished,,2026-09-26T13:26:07Z
match_fmb_de1_2026-27_20260829_mainz_05_paderborn,Bundesliga,comp_bundesliga_de,Bundesliga,2026/27,2026-08-29,07:00 PM,2026-08-29 19:00:00,2026-08-29T13:30:00Z,Saturday,Mainz 05,team_mainz_05_de,Paderborn,team_paderborn_de,finished,,2026-09-26T13:26:07Z
match_fmb_de1_2026-27_20260829_rb_leipzig_borussia_monchengladbach,Bundesliga,comp_bundesliga_de,Bundesliga,2026/27,2026-08-29,07:00 PM,2026-08-29 19:00:00,2026-08-29T13:30:00Z,Saturday,RB Leipzig,team_rb_leipzig_de,Borussia Mönchengladbach,team_borussia_m_gladbach_de,finished,,2026-09-26T13:26:07Z
match_fmb_de1_2026-27_20260829_union_berlin_eintracht_frankfurt,Bundesliga,comp_bundesliga_de,Bundesliga,2026/27,2026-08-29,07:00 PM,2026-08-29 19:00:00,2026-08-29T13:30:00Z,Saturday,Union Berlin,team_union_berlin_de,Eintracht Frankfurt,team_eintracht_frankfurt_de,finished,,2026-09-26T13:26:07Z
match_fmb_epl_2026-27_20260829_afc_bournemouth_everton,Premier League,comp_premier_league_eng,EPL,2026/27,2026-08-29,07:30 PM,2026-08-29 19:30:00,2026-08-29T14:00:00Z,Saturday,AFC Bournemouth,team_afc_bournemouth_eng,Everton,team_everton_eng,finished,,2026-09-26T13:26:05Z
match_fmb_epl_2026-27_20260829_coventry_city_hull_city,Premier League,comp_premier_league_eng,EPL,2026/27,2026-08-29,07:30 PM,2026-08-29 19:30:00,2026-08-29T14:00:00Z,Saturday,Coventry City,team_coventry_city_eng,Hull City,team_hull_city_eng,finished,,2026-09-26T13:26:05Z
match_fmb_es1_2026-27_20260829_levante_real_betis,La Liga,comp_laliga_es,LaLiga,2026/27,2026-08-29,08:30 PM,2026-08-29 20:30:00,2026-08-29T15:00:00Z,Saturday,Levante,team_levante_es,Real Betis,team_real_betis_es,finished,,2026-09-26T13:26:06Z
match_fmb_fr1_2026-27_20260829_strasbourg_lens,Ligue 1,comp_ligue_1_fr,Ligue 1,2026/27,2026-08-29,08:45 PM,2026-08-29 20:45:00,2026-08-29T15:15:00Z,Saturday,Strasbourg,team_strasbourg_fr,Lens,team_lens_fr,finished,,2026-09-26T13:26:08Z
match_fmb_de1_2026-27_20260829_borussia_dortmund_hamburger_sv,Bundesliga,comp_bundesliga_de,Bundesliga,2026/27,2026-08-29,10:00 PM,2026-08-29 22:00:00,2026-08-29T16:30:00Z,Saturday,Borussia Dortmund,team_borussia_dortmund_de,Hamburger SV,team_hamburger_de,finished,,2026-09-26T13:26:07Z
match_fmb_epl_2026-27_20260829_tottenham_hotspur_newcastle_united,Premier League,comp_premier_league_eng,EPL,2026/27,2026-08-29,10:00 PM,2026-08-29 22:00:00,2026-08-29T16:30:00Z,Saturday,Tottenham Hotspur,team_tottenham_eng,Newcastle United,team_newcastle_united_eng,finished,,2026-09-26T13:26:05Z
match_fmb_it1_2026-27_20260829_fiorentina_frosinone,Serie A,comp_serie_a_it,Serie A,2026/27,2026-08-29,10:00 PM,2026-08-29 22:00:00,2026-08-29T16:30:00Z,Saturday,Fiorentina,team_fiorentina_it,Frosinone,team_frosinone_it,finished,,2026-09-26T13:26:06Z
match_fmb_it1_2026-27_20260829_monza_udinese,Serie A,comp_serie_a_it,Serie A,2026/27,2026-08-29,10:00 PM,2026-08-29 22:00:00,2026-08-29T16:30:00Z,Saturday,Monza,team_monza_it,Udinese,team_udinese_it,finished,,2026-09-26T13:26:06Z
match_fmb_it1_2026-27_20260829_sassuolo_torino,Serie A,comp_serie_a_it,Serie A,2026/27,2026-08-29,10:00 PM,2026-08-29 22:00:00,2026-08-29T16:30:00Z,Saturday,Sassuolo,team_sassuolo_it,Torino,team_torino_it,finished,,2026-09-26T13:26:06Z
match_fmb_es1_2026-27_20260829_real_sociedad_espanyol,La Liga,comp_laliga_es,LaLiga,2026/27,2026-08-29,10:30 PM,2026-08-29 22:30:00,2026-08-29T17:00:00Z,Saturday,Real Sociedad,team_real_sociedad_es,Espanyol,team_espanyol_es,finished,,2026-09-26T13:26:06Z
match_fmb_fr1_2026-27_20260829_auxerre_angers,Ligue 1,comp_ligue_1_fr,Ligue 1,2026/27,2026-08-30,12:15 AM,2026-08-30 00:15:00,2026-08-29T18:45:00Z,Sunday,Auxerre,team_auxerre_fr,Angers,team_angers_fr,finished,,2026-09-26T13:26:08Z
match_fmb_fr1_2026-27_20260829_brest_toulouse,Ligue 1,comp_ligue_1_fr,Ligue 1,2026/27,2026-08-30,12:15 AM,2026-08-30 00:15:00,2026-08-29T18:45:00Z,Sunday,Brest,team_brest_fr,Toulouse,team_toulouse_fr,finished,,2026-09-26T13:26:08Z
match_fmb_fr1_2026-27_20260829_lorient_troyes,Ligue 1,comp_ligue_1_fr,Ligue 1,2026/27,2026-08-30,12:15 AM,2026-08-30 00:15:00,2026-08-29T18:45:00Z,Sunday,Lorient,team_lorient_fr,Troyes,team_troyes_fr,finished,,2026-09-26T13:26:08Z
match_fmb_fr1_2026-27_20260829_lyon_le_havre,Ligue 1,comp_ligue_1_fr,Ligue 1,2026/27,2026-08-30,12:15 AM,2026-08-30 00:15:00,2026-08-29T18:45:00Z,Sunday,Lyon,team_lyon_fr,Le Havre,team_le_havre_fr,finished,,2026-09-26T13:26:08Z
match_fmb_it1_2026-27_20260829_juventus_parma,Serie A,comp_serie_a_it,Serie A,2026/27,2026-08-30,12:15 AM,2026-08-30 00:15:00,2026-08-29T18:45:00Z,Sunday,Juventus,team_juventus_it,Parma,team_parma_it,finished,,2026-09-26T13:26:06Z
match_fmb_es1_2026-27_20260829_sevilla_atletico_madrid,La Liga,comp_laliga_es,LaLiga,2026/27,2026-08-30,01:00 AM,2026-08-30 01:00:00,2026-08-29T19:30:00Z,Sunday,Sevilla,team_sevilla_es,Atlético Madrid,team_atletico_madrid_es,finished,,2026-09-26T13:26:06Z
match_fmb_fr1_2026-27_20260830_paris_fc_nice,Ligue 1,comp_ligue_1_fr,Ligue 1,2026/27,2026-08-30,06:30 PM,2026-08-30 18:30:00,2026-08-30T13:00:00Z,Sunday,Paris FC,team_paris_fr,Nice,team_nice_fr,finished,,2026-09-26T13:26:08Z
match_fmb_epl_2026-27_20260830_chelsea_brighton_hove_albion,Premier League,comp_premier_league_eng,EPL,2026/27,2026-08-30,06:30 PM,2026-08-30 18:30:00,2026-08-30T13:00:00Z,Sunday,Chelsea,team_chelsea_eng,Brighton & Hove Albion,team_brighton_and_hove_albion_eng,finished,,2026-09-26T13:26:05Z
match_fmb_epl_2026-27_20260830_leeds_united_brentford,Premier League,comp_premier_league_eng,EPL,2026/27,2026-08-30,06:30 PM,2026-08-30 18:30:00,2026-08-30T13:00:00Z,Sunday,Leeds United,team_leeds_united_eng,Brentford,team_brentford_eng,finished,,2026-09-26T13:26:05Z
match_fmb_epl_2026-27_20260830_sunderland_fulham,Premier League,comp_premier_league_eng,EPL,2026/27,2026-08-30,06:30 PM,2026-08-30 18:30:00,2026-08-30T13:00:00Z,Sunday,Sunderland,team_sunderland_eng,Fulham,team_fulham_eng,finished,,2026-09-26T13:26:05Z
match_fmb_de1_2026-27_20260830_freiburg_werder_bremen,Bundesliga,comp_bundesliga_de,Bundesliga,2026/27,2026-08-30,07:00 PM,2026-08-30 19:00:00,2026-08-30T13:30:00Z,Sunday,Freiburg,team_freiburg_de,Werder Bremen,team_werder_bremen_de,finished,,2026-09-26T13:26:07Z
match_fmb_es1_2026-27_20260830_real_madrid_malaga,La Liga,comp_laliga_es,LaLiga,2026/27,2026-08-30,08:30 PM,2026-08-30 20:30:00,2026-08-30T15:00:00Z,Sunday,Real Madrid,team_real_madrid_es,Málaga,team_malaga_es,finished,,2026-09-26T13:26:06Z
match_fmb_fr1_2026-27_20260830_rennes_le_mans,Ligue 1,comp_ligue_1_fr,Ligue 1,2026/27,2026-08-30,08:45 PM,2026-08-30 20:45:00,2026-08-30T15:15:00Z,Sunday,Rennes,team_rennes_fr,Le Mans,team_le_mans_fr,finished,,2026-09-26T13:26:08Z
match_fmb_de1_2026-27_20260830_augsburg_schalke_04,Bundesliga,comp_bundesliga_de,Bundesliga,2026/27,2026-08-30,09:00 PM,2026-08-30 21:00:00,2026-08-30T15:30:00Z,Sunday,Augsburg,team_augsburg_de,Schalke 04,team_schalke_04_de,finished,,2026-09-26T13:26:07Z
match_fmb_epl_2026-27_20260830_manchester_united_ipswich_town,Premier League,comp_premier_league_eng,EPL,2026/27,2026-08-30,09:00 PM,2026-08-30 21:00:00,2026-08-30T15:30:00Z,Sunday,Manchester United,team_manchester_united_eng,Ipswich Town,team_ipswich_town_eng,finished,,2026-09-26T13:26:05Z
match_fmb_it1_2026-27_20260830_napoli_como,Serie A,comp_serie_a_it,Serie A,2026/27,2026-08-30,10:00 PM,2026-08-30 22:00:00,2026-08-30T16:30:00Z,Sunday,Napoli,team_napoli_it,Como,team_como_it,finished,,2026-09-26T13:26:06Z
match_fmb_es1_2026-27_20260830_deportivo_a_coruna_valencia,La Liga,comp_laliga_es,LaLiga,2026/27,2026-08-30,11:00 PM,2026-08-30 23:00:00,2026-08-30T17:30:00Z,Sunday,Deportivo A Coruña,team_a_coruna_es,Valencia,team_valencia_es,finished,,2026-09-26T13:26:06Z
match_fmb_fr1_2026-27_20260830_monaco_marseille,Ligue 1,comp_ligue_1_fr,Ligue 1,2026/27,2026-08-31,12:15 AM,2026-08-31 00:15:00,2026-08-30T18:45:00Z,Monday,Monaco,team_monaco_fr,Marseille,team_marseille_fr,finished,,2026-09-26T13:26:08Z
match_fmb_it1_2026-27_20260830_cagliari_inter,Serie A,comp_serie_a_it,Serie A,2026/27,2026-08-31,12:15 AM,2026-08-31 00:15:00,2026-08-30T18:45:00Z,Monday,Cagliari,team_cagliari_it,Inter,team_inter_it,finished,,2026-09-26T13:26:06Z
match_fmb_it1_2026-27_20260830_lazio_genoa,Serie A,comp_serie_a_it,Serie A,2026/27,2026-08-31,12:15 AM,2026-08-31 00:15:00,2026-08-30T18:45:00Z,Monday,Lazio,team_lazio_it,Genoa,team_genoa_it,finished,,2026-09-26T13:26:06Z
match_fmb_es1_2026-27_20260830_celta_vigo_athletic_club,La Liga,comp_laliga_es,LaLiga,2026/27,2026-08-31,01:00 AM,2026-08-31 01:00:00,2026-08-30T19:30:00Z,Monday,Celta Vigo,team_celta_vigo_es,Athletic Club,team_athletic_club_es,finished,,2026-09-26T13:26:06Z
match_fmb_it1_2026-27_20260831_lecce_roma,Serie A,comp_serie_a_it,Serie A,2026/27,2026-08-31,10:00 PM,2026-08-31 22:00:00,2026-08-31T16:30:00Z,Monday,Lecce,team_lecce_it,Roma,team_roma_it,finished,,2026-09-26T13:26:06Z
match_fmb_es1_2026-27_20260831_osasuna_getafe,La Liga,comp_laliga_es,LaLiga,2026/27,2026-08-31,11:00 PM,2026-08-31 23:00:00,2026-08-31T17:30:00Z,Monday,Osasuna,team_osasuna_es,Getafe,team_getafe_es,finished,,2026-09-26T13:26:06Z
match_fmb_it1_2026-27_20260831_atalanta_bologna,Serie A,comp_serie_a_it,Serie A,2026/27,2026-09-01,12:15 AM,2026-09-01 00:15:00,2026-08-31T18:45:00Z,Tuesday,Atalanta,team_atalanta_it,Bologna,team_bologna_it,finished,,2026-09-26T13:26:06Z
match_fmb_epl_2026-27_20260831_aston_villa_arsenal,Premier League,comp_premier_league_eng,EPL,2026/27,2026-09-01,12:30 AM,2026-09-01 00:30:00,2026-08-31T19:00:00Z,Tuesday,Aston Villa,team_aston_villa_eng,Arsenal,team_arsenal_eng,finished,,2026-09-26T13:26:05Z
match_fmb_es1_2026-27_20260831_barcelona_rayo_vallecano,La Liga,comp_laliga_es,LaLiga,2026/27,2026-09-01,01:00 AM,2026-09-01 01:00:00,2026-08-31T19:30:00Z,Tuesday,Barcelona,team_barcelona_es,Rayo Vallecano,team_rayo_vallecano_es,finished,,2026-09-26T13:26:06Z
match_fmb_fr1_2026-27_20260903_toulouse_lille,Ligue 1,comp_ligue_1_fr,Ligue 1,2026/27,2026-09-04,12:15 AM,2026-09-04 00:15:00,2026-09-03T18:45:00Z,Friday,Toulouse,team_toulouse_fr,Lille,team_lille_fr,finished,,2026-09-26T13:26:08Z
match_fmb_es1_2026-27_20260903_real_sociedad_celta_vigo,La Liga,comp_laliga_es,LaLiga,2026/27,2026-09-04,12:30 AM,2026-09-04 00:30:00,2026-09-03T19:00:00Z,Friday,Real Sociedad,team_real_sociedad_es,Celta Vigo,team_celta_vigo_es,finished,,2026-09-26T13:26:06Z
match_fmb_fr1_2026-27_20260904_lyon_auxerre,Ligue 1,comp_ligue_1_fr,Ligue 1,2026/27,2026-09-04,10:30 PM,2026-09-04 22:30:00,2026-09-04T17:00:00Z,Friday,Lyon,team_lyon_fr,Auxerre,team_auxerre_fr,finished,,2026-09-26T13:26:08Z
match_fmb_de1_2026-27_20260904_vfb_stuttgart_1_fc_koln,Bundesliga,comp_bundesliga_de,Bundesliga,2026/27,2026-09-05,12:00 AM,2026-09-05 00:00:00,2026-09-04T18:30:00Z,Saturday,VfB Stuttgart,team_stuttgart_de,1. FC Köln,team_koln_de,finished,,2026-09-26T13:26:07Z
match_fmb_it1_2026-27_20260904_genoa_como,Serie A,comp_serie_a_it,Serie A,2026/27,2026-09-05,12:15 AM,2026-09-05 00:15:00,2026-09-04T18:45:00Z,Saturday,Genoa,team_genoa_it,Como,team_como_it,finished,,2026-09-26T13:26:06Z
match_fmb_es1_2026-27_20260904_real_betis_real_madrid,La Liga,comp_laliga_es,LaLiga,2026/27,2026-09-05,12:30 AM,2026-09-05 00:30:00,2026-09-04T19:00:00Z,Saturday,Real Betis,team_real_betis_es,Real Madrid,team_real_madrid_es,finished,,2026-09-26T13:26:06Z
match_fmb_epl_2026-27_20260904_ipswich_town_liverpool,Premier League,comp_premier_league_eng,EPL,2026/27,2026-09-05,12:30 AM,2026-09-05 00:30:00,2026-09-04T19:00:00Z,Saturday,Ipswich Town,team_ipswich_town_eng,Liverpool,team_liverpool_eng,finished,,2026-09-26T13:26:05Z
match_fmb_fr1_2026-27_20260904_paris_saint_germain_monaco,Ligue 1,comp_ligue_1_fr,Ligue 1,2026/27,2026-09-05,12:35 AM,2026-09-05 00:35:00,2026-09-04T19:05:00Z,Saturday,Paris Saint-Germain,team_paris_saint_germain_fr,Monaco,team_monaco_fr,finished,,2026-09-26T13:26:08Z
match_fmb_epl_2026-27_20260905_newcastle_united_afc_bournemouth,Premier League,comp_premier_league_eng,EPL,2026/27,2026-09-05,05:00 PM,2026-09-05 17:00:00,2026-09-05T11:30:00Z,Saturday,Newcastle United,team_newcastle_united_eng,AFC Bournemouth,team_afc_bournemouth_eng,finished,,2026-09-26T13:26:05Z
match_fmb_it1_2026-27_20260905_fiorentina_torino,Serie A,comp_serie_a_it,Serie A,2026/27,2026-09-05,06:30 PM,2026-09-05 18:30:00,2026-09-05T13:00:00Z,Saturday,Fiorentina,team_fiorentina_it,Torino,team_torino_it,finished,,2026-09-26T13:26:06Z
match_fmb_de1_2026-27_20260905_bayer_leverkusen_union_berlin,Bundesliga,comp_bundesliga_de,Bundesliga,2026/27,2026-09-05,07:00 PM,2026-09-05 19:00:00,2026-09-05T13:30:00Z,Saturday,Bayer Leverkusen,team_bayer_leverkusen_de,Union Berlin,team_union_berlin_de,finished,,2026-09-26T13:26:07Z
match_fmb_de1_2026-27_20260905_borussia_monchengladbach_elversberg,Bundesliga,comp_bundesliga_de,Bundesliga,2026/27,2026-09-05,07:00 PM,2026-09-05 19:00:00,2026-09-05T13:30:00Z,Saturday,Borussia Mönchengladbach,team_borussia_m_gladbach_de,Elversberg,team_elversberg_de,finished,,2026-09-26T13:26:07Z
match_fmb_de1_2026-27_20260905_hoffenheim_borussia_dortmund,Bundesliga,comp_bundesliga_de,Bundesliga,2026/27,2026-09-05,07:00 PM,2026-09-05 19:00:00,2026-09-05T13:30:00Z,Saturday,Hoffenheim,team_hoffenheim_de,Borussia Dortmund,team_borussia_dortmund_de,finished,,2026-09-26T13:26:07Z
match_fmb_de1_2026-27_20260905_paderborn_freiburg,Bundesliga,comp_bundesliga_de,Bundesliga,2026/27,2026-09-05,07:00 PM,2026-09-05 19:00:00,2026-09-05T13:30:00Z,Saturday,Paderborn,team_paderborn_de,Freiburg,team_freiburg_de,finished,,2026-09-26T13:26:07Z
match_fmb_de1_2026-27_20260905_werder_bremen_rb_leipzig,Bundesliga,comp_bundesliga_de,Bundesliga,2026/27,2026-09-05,07:00 PM,2026-09-05 19:00:00,2026-09-05T13:30:00Z,Saturday,Werder Bremen,team_werder_bremen_de,RB Leipzig,team_rb_leipzig_de,finished,,2026-09-26T13:26:07Z
match_fmb_epl_2026-27_20260905_brentford_sunderland,Premier League,comp_premier_league_eng,EPL,2026/27,2026-09-05,07:30 PM,2026-09-05 19:30:00,2026-09-05T14:00:00Z,Saturday,Brentford,team_brentford_eng,Sunderland,team_sunderland_eng,finished,,2026-09-26T13:26:05Z
match_fmb_epl_2026-27_20260905_brighton_hove_albion_leeds_united,Premier League,comp_premier_league_eng,EPL,2026/27,2026-09-05,07:30 PM,2026-09-05 19:30:00,2026-09-05T14:00:00Z,Saturday,Brighton & Hove Albion,team_brighton_and_hove_albion_eng,Leeds United,team_leeds_united_eng,finished,,2026-09-26T13:26:05Z
match_fmb_epl_2026-27_20260905_fulham_crystal_palace,Premier League,comp_premier_league_eng,EPL,2026/27,2026-09-05,07:30 PM,2026-09-05 19:30:00,2026-09-05T14:00:00Z,Saturday,Fulham,team_fulham_eng,Crystal Palace,team_crystal_palace_eng,finished,,2026-09-26T13:26:05Z
match_fmb_epl_2026-27_20260905_manchester_city_coventry_city,Premier League,comp_premier_league_eng,EPL,2026/27,2026-09-05,07:30 PM,2026-09-05 19:30:00,2026-09-05T14:00:00Z,Saturday,Manchester City,team_manchester_city_eng,Coventry City,team_coventry_city_eng,finished,,2026-09-26T13:26:05Z
match_fmb_epl_2026-27_20260905_nottingham_forest_tottenham_hotspur,Premier League,comp_premier_league_eng,EPL,2026/27,2026-09-05,07:30 PM,2026-09-05 19:30:00,2026-09-05T14:00:00Z,Saturday,Nottingham Forest,team_nottingham_forest_eng,Tottenham Hotspur,team_tottenham_eng,finished,,2026-09-26T13:26:05Z
match_fmb_es1_2026-27_20260905_athletic_club_atletico_madrid,La Liga,comp_laliga_es,LaLiga,2026/27,2026-09-05,07:45 PM,2026-09-05 19:45:00,2026-09-05T14:15:00Z,Saturday,Athletic Club,team_athletic_club_es,Atlético Madrid,team_atletico_madrid_es,finished,,2026-09-26T13:26:06Z
match_fmb_fr1_2026-27_20260905_lens_lorient,Ligue 1,comp_ligue_1_fr,Ligue 1,2026/27,2026-09-05,08:45 PM,2026-09-05 20:45:00,2026-09-05T15:15:00Z,Saturday,Lens,team_lens_fr,Lorient,team_lorient_fr,finished,,2026-09-26T13:26:08Z
match_fmb_it1_2026-27_20260905_inter_napoli,Serie A,comp_serie_a_it,Serie A,2026/27,2026-09-05,09:30 PM,2026-09-05 21:30:00,2026-09-05T16:00:00Z,Saturday,Inter,team_inter_it,Napoli,team_napoli_it,finished,,2026-09-26T13:26:06Z
match_fmb_de1_2026-27_20260905_schalke_04_bayern_munchen,Bundesliga,comp_bundesliga_de,Bundesliga,2026/27,2026-09-05,10:00 PM,2026-09-05 22:00:00,2026-09-05T16:30:00Z,Saturday,Schalke 04,team_schalke_04_de,Bayern München,team_bayern_munich_de,finished,,2026-09-26T13:26:07Z
match_fmb_es1_2026-27_20260905_rayo_vallecano_racing_santander,La Liga,comp_laliga_es,LaLiga,2026/27,2026-09-05,10:00 PM,2026-09-05 22:00:00,2026-09-05T16:30:00Z,Saturday,Rayo Vallecano,team_rayo_vallecano_es,Racing Santander,team_racing_santander_es,finished,,2026-09-26T13:26:06Z
match_fmb_epl_2026-27_20260905_hull_city_aston_villa,Premier League,comp_premier_league_eng,EPL,2026/27,2026-09-05,10:00 PM,2026-09-05 22:00:00,2026-09-05T16:30:00Z,Saturday,Hull City,team_hull_city_eng,Aston Villa,team_aston_villa_eng,finished,,2026-09-26T13:26:05Z
match_fmb_fr1_2026-27_20260905_le_havre_brest,Ligue 1,comp_ligue_1_fr,Ligue 1,2026/27,2026-09-06,12:15 AM,2026-09-06 00:15:00,2026-09-05T18:45:00Z,Sunday,Le Havre,team_le_havre_fr,Brest,team_brest_fr,finished,,2026-09-26T13:26:08Z
match_fmb_fr1_2026-27_20260905_nice_le_mans,Ligue 1,comp_ligue_1_fr,Ligue 1,2026/27,2026-09-06,12:15 AM,2026-09-06 00:15:00,2026-09-05T18:45:00Z,Sunday,Nice,team_nice_fr,Le Mans,team_le_mans_fr,finished,,2026-09-26T13:26:08Z
match_fmb_it1_2026-27_20260905_roma_atalanta,Serie A,comp_serie_a_it,Serie A,2026/27,2026-09-06,12:15 AM,2026-09-06 00:15:00,2026-09-05T18:45:00Z,Sunday,Roma,team_roma_it,Atalanta,team_atalanta_it,finished,,2026-09-26T13:26:06Z
match_fmb_es1_2026-27_20260905_villarreal_deportivo_a_coruna,La Liga,comp_laliga_es,LaLiga,2026/27,2026-09-06,12:30 AM,2026-09-06 00:30:00,2026-09-05T19:00:00Z,Sunday,Villarreal,team_villarreal_es,Deportivo A Coruña,team_a_coruna_es,finished,,2026-09-26T13:26:06Z
match_fmb_fr1_2026-27_20260906_troyes_strasbourg,Ligue 1,comp_ligue_1_fr,Ligue 1,2026/27,2026-09-06,06:30 PM,2026-09-06 18:30:00,2026-09-06T13:00:00Z,Sunday,Troyes,team_troyes_fr,Strasbourg,team_strasbourg_fr,finished,,2026-09-26T13:26:08Z
match_fmb_epl_2026-27_20260906_everton_manchester_united,Premier League,comp_premier_league_eng,EPL,2026/27,2026-09-06,06:30 PM,2026-09-06 18:30:00,2026-09-06T13:00:00Z,Sunday,Everton,team_everton_eng,Manchester United,team_manchester_united_eng,finished,,2026-09-26T13:26:05Z
match_fmb_it1_2026-27_20260906_frosinone_venezia,Serie A,comp_serie_a_it,Serie A,2026/27,2026-09-06,06:30 PM,2026-09-06 18:30:00,2026-09-06T13:00:00Z,Sunday,Frosinone,team_frosinone_it,Venezia,team_venezia_it,finished,,2026-09-26T13:26:06Z
match_fmb_it1_2026-27_20260906_parma_monza,Serie A,comp_serie_a_it,Serie A,2026/27,2026-09-06,06:30 PM,2026-09-06 18:30:00,2026-09-06T13:00:00Z,Sunday,Parma,team_parma_it,Monza,team_monza_it,finished,,2026-09-26T13:26:06Z
match_fmb_de1_2026-27_20260906_hamburger_sv_mainz_05,Bundesliga,comp_bundesliga_de,Bundesliga,2026/27,2026-09-06,07:00 PM,2026-09-06 19:00:00,2026-09-06T13:30:00Z,Sunday,Hamburger SV,team_hamburger_de,Mainz 05,team_mainz_05_de,finished,,2026-09-26T13:26:07Z
match_fmb_es1_2026-27_20260906_valencia_barcelona,La Liga,comp_laliga_es,LaLiga,2026/27,2026-09-06,07:45 PM,2026-09-06 19:45:00,2026-09-06T14:15:00Z,Sunday,Valencia,team_valencia_es,Barcelona,team_barcelona_es,finished,,2026-09-26T13:26:06Z
match_fmb_fr1_2026-27_20260906_angers_rennes,Ligue 1,comp_ligue_1_fr,Ligue 1,2026/27,2026-09-06,08:45 PM,2026-09-06 20:45:00,2026-09-06T15:15:00Z,Sunday,Angers,team_angers_fr,Rennes,team_rennes_fr,finished,,2026-09-26T13:26:08Z
match_fmb_de1_2026-27_20260906_eintracht_frankfurt_augsburg,Bundesliga,comp_bundesliga_de,Bundesliga,2026/27,2026-09-06,09:00 PM,2026-09-06 21:00:00,2026-09-06T15:30:00Z,Sunday,Eintracht Frankfurt,team_eintracht_frankfurt_de,Augsburg,team_augsburg_de,finished,,2026-09-26T13:26:07Z
match_fmb_epl_2026-27_20260906_arsenal_chelsea,Premier League,comp_premier_league_eng,EPL,2026/27,2026-09-06,09:00 PM,2026-09-06 21:00:00,2026-09-06T15:30:00Z,Sunday,Arsenal,team_arsenal_eng,Chelsea,team_chelsea_eng,finished,,2026-09-26T13:26:05Z
match_fmb_it1_2026-27_20260906_bologna_sassuolo,Serie A,comp_serie_a_it,Serie A,2026/27,2026-09-06,09:30 PM,2026-09-06 21:30:00,2026-09-06T16:00:00Z,Sunday,Bologna,team_bologna_it,Sassuolo,team_sassuolo_it,finished,,2026-09-26T13:26:06Z
match_fmb_es1_2026-27_20260906_deportivo_alaves_osasuna,La Liga,comp_laliga_es,LaLiga,2026/27,2026-09-06,10:00 PM,2026-09-06 22:00:00,2026-09-06T16:30:00Z,Sunday,Deportivo Alavés,team_alaves_es,Osasuna,team_osasuna_es,finished,,2026-09-26T13:26:06Z
match_fmb_es1_2026-27_20260906_malaga_levante,La Liga,comp_laliga_es,LaLiga,2026/27,2026-09-06,10:00 PM,2026-09-06 22:00:00,2026-09-06T16:30:00Z,Sunday,Málaga,team_malaga_es,Levante,team_levante_es,finished,,2026-09-26T13:26:06Z
match_fmb_fr1_2026-27_20260906_marseille_paris_fc,Ligue 1,comp_ligue_1_fr,Ligue 1,2026/27,2026-09-07,12:15 AM,2026-09-07 00:15:00,2026-09-06T18:45:00Z,Monday,Marseille,team_marseille_fr,Paris FC,team_paris_fr,finished,,2026-09-26T13:26:08Z
match_fmb_it1_2026-27_20260906_juventus_milan,Serie A,comp_serie_a_it,Serie A,2026/27,2026-09-07,12:15 AM,2026-09-07 00:15:00,2026-09-06T18:45:00Z,Monday,Juventus,team_juventus_it,Milan,team_milan_it,finished,,2026-09-26T13:26:06Z
match_fmb_es1_2026-27_20260906_espanyol_sevilla,La Liga,comp_laliga_es,LaLiga,2026/27,2026-09-07,12:30 AM,2026-09-07 00:30:00,2026-09-06T19:00:00Z,Monday,Espanyol,team_espanyol_es,Sevilla,team_sevilla_es,finished,,2026-09-26T13:26:06Z
match_fmb_it1_2026-27_20260907_cagliari_lecce,Serie A,comp_serie_a_it,Serie A,2026/27,2026-09-07,10:00 PM,2026-09-07 22:00:00,2026-09-07T16:30:00Z,Monday,Cagliari,team_cagliari_it,Lecce,team_lecce_it,finished,,2026-09-26T13:26:06Z
match_fmb_es1_2026-27_20260907_getafe_celta_vigo,La Liga,comp_laliga_es,LaLiga,2026/27,2026-09-07,10:30 PM,2026-09-07 22:30:00,2026-09-07T17:00:00Z,Monday,Getafe,team_getafe_es,Celta Vigo,team_celta_vigo_es,finished,,2026-09-26T13:26:06Z
match_fmb_it1_2026-27_20260907_udinese_lazio,Serie A,comp_serie_a_it,Serie A,2026/27,2026-09-08,12:15 AM,2026-09-08 00:15:00,2026-09-07T18:45:00Z,Tuesday,Udinese,team_udinese_it,Lazio,team_lazio_it,finished,,2026-09-26T13:26:06Z
match_fmb_es1_2026-27_20260907_elche_real_sociedad,La Liga,comp_laliga_es,LaLiga,2026/27,2026-09-08,01:00 AM,2026-09-08 01:00:00,2026-09-07T19:30:00Z,Tuesday,Elche,team_elche_es,Real Sociedad,team_real_sociedad_es,finished,,2026-09-26T13:26:06Z
match_fmb_ucl_2026-27_20260908_aek_athens_lask,Champions League,comp_uefa_champions_league,UCL,2026/27,2026-09-08,10:15 PM,2026-09-08 22:15:00,2026-09-08T16:45:00Z,Tuesday,AEK Athens,team_aek_athens_eur,LASK,team_lask_eur,finished,,2026-09-26T13:26:09Z
match_fmb_ucl_2026-27_20260908_club_brugge_aston_villa,Champions League,comp_uefa_champions_league,UCL,2026/27,2026-09-08,10:15 PM,2026-09-08 22:15:00,2026-09-08T16:45:00Z,Tuesday,Club Brugge,team_brugge_eur,Aston Villa,team_aston_villa_eur,finished,,2026-09-26T13:26:09Z
match_fmb_ucl_2026-27_20260908_borussia_dortmund_villarreal,Champions League,comp_uefa_champions_league,UCL,2026/27,2026-09-09,12:30 AM,2026-09-09 00:30:00,2026-09-08T19:00:00Z,Wednesday,Borussia Dortmund,team_borussia_dortmund_eur,Villarreal,team_villarreal_eur,finished,,2026-09-26T13:26:09Z
match_fmb_ucl_2026-27_20260908_fc_porto_manchester_city,Champions League,comp_uefa_champions_league,UCL,2026/27,2026-09-09,12:30 AM,2026-09-09 00:30:00,2026-09-08T19:00:00Z,Wednesday,FC Porto,team_porto_eur,Manchester City,team_manchester_city_eur,finished,,2026-09-26T13:26:09Z
match_fmb_ucl_2026-27_20260908_lille_real_betis,Champions League,comp_uefa_champions_league,UCL,2026/27,2026-09-09,12:30 AM,2026-09-09 00:30:00,2026-09-08T19:00:00Z,Wednesday,Lille,team_lille_eur,Real Betis,team_real_betis_eur,finished,,2026-09-26T13:26:09Z
match_fmb_ucl_2026-27_20260908_real_madrid_inter,Champions League,comp_uefa_champions_league,UCL,2026/27,2026-09-09,12:30 AM,2026-09-09 00:30:00,2026-09-08T19:00:00Z,Wednesday,Real Madrid,team_real_madrid_eur,Inter,team_inter_eur,finished,,2026-09-26T13:26:09Z
match_fmb_ucl_2026-27_20260909_barcelona_feyenoord,Champions League,comp_uefa_champions_league,UCL,2026/27,2026-09-09,10:15 PM,2026-09-09 22:15:00,2026-09-09T16:45:00Z,Wednesday,Barcelona,team_barcelona_eur,Feyenoord,team_feyenoord_eur,finished,,2026-09-26T13:26:09Z
match_fmb_ucl_2026-27_20260909_vfb_stuttgart_viking,Champions League,comp_uefa_champions_league,UCL,2026/27,2026-09-09,10:15 PM,2026-09-09 22:15:00,2026-09-09T16:45:00Z,Wednesday,VfB Stuttgart,team_stuttgart_eur,Viking,team_viking_eur,finished,,2026-09-26T13:26:09Z
match_fmb_ucl_2026-27_20260909_liverpool_atletico_madrid,Champions League,comp_uefa_champions_league,UCL,2026/27,2026-09-10,12:30 AM,2026-09-10 00:30:00,2026-09-09T19:00:00Z,Thursday,Liverpool,team_liverpool_eur,Atlético Madrid,team_atletico_madrid_eur,finished,,2026-09-26T13:26:09Z
match_fmb_ucl_2026-27_20260909_napoli_arsenal,Champions League,comp_uefa_champions_league,UCL,2026/27,2026-09-10,12:30 AM,2026-09-10 00:30:00,2026-09-09T19:00:00Z,Thursday,Napoli,team_napoli_eur,Arsenal,team_arsenal_eur,finished,,2026-09-26T13:26:09Z
match_fmb_ucl_2026-27_20260909_paris_saint_germain_slovan_bratislava,Champions League,comp_uefa_champions_league,UCL,2026/27,2026-09-10,12:30 AM,2026-09-10 00:30:00,2026-09-09T19:00:00Z,Thursday,Paris Saint-Germain,team_paris_saint_germain_eur,Slovan Bratislava,team_slovan_bratislava_eur,finished,,2026-09-26T13:26:09Z
match_fmb_ucl_2026-27_20260909_sporting_cp_galatasaray,Champions League,comp_uefa_champions_league,UCL,2026/27,2026-09-10,12:30 AM,2026-09-10 00:30:00,2026-09-09T19:00:00Z,Thursday,Sporting CP,team_sporting_cp_eur,Galatasaray,team_galatasaray_eur,finished,,2026-09-26T13:26:09Z
match_fmb_ucl_2026-27_20260910_fenerbahce_roma,Champions League,comp_uefa_champions_league,UCL,2026/27,2026-09-10,10:15 PM,2026-09-10 22:15:00,2026-09-10T16:45:00Z,Thursday,Fenerbahçe,team_fenerbahce_eur,Roma,team_roma_eur,finished,,2026-09-26T13:26:09Z
match_fmb_ucl_2026-27_20260910_psv_eindhoven_shakhtar_donetsk,Champions League,comp_uefa_champions_league,UCL,2026/27,2026-09-10,10:15 PM,2026-09-10 22:15:00,2026-09-10T16:45:00Z,Thursday,PSV Eindhoven,team_psv_eindhoven_eur,Shakhtar Donetsk,team_shakhtar_donetsk_eur,finished,,2026-09-26T13:26:09Z
match_fmb_ucl_2026-27_20260910_bayern_munchen_bod_glimt,Champions League,comp_uefa_champions_league,UCL,2026/27,2026-09-11,12:30 AM,2026-09-11 00:30:00,2026-09-10T19:00:00Z,Friday,Bayern München,team_bayern_munich_eur,Bodø/Glimt,team_bod_glimt_eur,finished,,2026-09-26T13:26:09Z
match_fmb_ucl_2026-27_20260910_como_rb_leipzig,Champions League,comp_uefa_champions_league,UCL,2026/27,2026-09-11,12:30 AM,2026-09-11 00:30:00,2026-09-10T19:00:00Z,Friday,Como,team_como_eur,RB Leipzig,team_rb_leipzig_eur,finished,,2026-09-26T13:26:09Z
match_fmb_ucl_2026-27_20260910_manchester_united_sabah_fk,Champions League,comp_uefa_champions_league,UCL,2026/27,2026-09-11,12:30 AM,2026-09-11 00:30:00,2026-09-10T19:00:00Z,Friday,Manchester United,team_manchester_united_eur,Sabah FK,team_sabah_eur,finished,,2026-09-26T13:26:09Z
match_fmb_ucl_2026-27_20260910_slavia_prague_lens,Champions League,comp_uefa_champions_league,UCL,2026/27,2026-09-11,12:30 AM,2026-09-11 00:30:00,2026-09-10T19:00:00Z,Friday,Slavia Prague,team_slavia_prague_eur,Lens,team_lens_eur,finished,,2026-09-26T13:26:09Z
match_fmb_de1_2026-27_20260911_union_berlin_schalke_04,Bundesliga,comp_bundesliga_de,Bundesliga,2026/27,2026-09-12,12:00 AM,2026-09-12 00:00:00,2026-09-11T18:30:00Z,Saturday,Union Berlin,team_union_berlin_de,Schalke 04,team_schalke_04_de,finished,,2026-09-26T13:26:07Z
match_fmb_fr1_2026-27_20260911_rennes_marseille,Ligue 1,comp_ligue_1_fr,Ligue 1,2026/27,2026-09-12,12:15 AM,2026-09-12 00:15:00,2026-09-11T18:45:00Z,Saturday,Rennes,team_rennes_fr,Marseille,team_marseille_fr,finished,,2026-09-26T13:26:08Z
match_fmb_it1_2026-27_20260911_venezia_fiorentina,Serie A,comp_serie_a_it,Serie A,2026/27,2026-09-12,12:15 AM,2026-09-12 00:15:00,2026-09-11T18:45:00Z,Saturday,Venezia,team_venezia_it,Fiorentina,team_fiorentina_it,finished,,2026-09-26T13:26:06Z
match_fmb_es1_2026-27_20260911_sevilla_valencia,La Liga,comp_laliga_es,LaLiga,2026/27,2026-09-12,12:30 AM,2026-09-12 00:30:00,2026-09-11T19:00:00Z,Saturday,Sevilla,team_sevilla_es,Valencia,team_valencia_es,finished,,2026-09-26T13:26:06Z
match_fmb_es1_2026-27_20260912_racing_santander_deportivo_alaves,La Liga,comp_laliga_es,LaLiga,2026/27,2026-09-12,05:30 PM,2026-09-12 17:30:00,2026-09-12T12:00:00Z,Saturday,Racing Santander,team_racing_santander_es,Deportivo Alavés,team_alaves_es,finished,,2026-09-26T13:26:06Z
match_fmb_it1_2026-27_20260912_genoa_frosinone,Serie A,comp_serie_a_it,Serie A,2026/27,2026-09-12,06:30 PM,2026-09-12 18:30:00,2026-09-12T13:00:00Z,Saturday,Genoa,team_genoa_it,Frosinone,team_frosinone_it,finished,,2026-09-26T13:26:06Z
match_fmb_de1_2026-27_20260912_augsburg_bayer_leverkusen,Bundesliga,comp_bundesliga_de,Bundesliga,2026/27,2026-09-12,07:00 PM,2026-09-12 19:00:00,2026-09-12T13:30:00Z,Saturday,Augsburg,team_augsburg_de,Bayer Leverkusen,team_bayer_leverkusen_de,finished,,2026-09-26T13:26:07Z
match_fmb_de1_2026-27_20260912_borussia_dortmund_paderborn,Bundesliga,comp_bundesliga_de,Bundesliga,2026/27,2026-09-12,07:00 PM,2026-09-12 19:00:00,2026-09-12T13:30:00Z,Saturday,Borussia Dortmund,team_borussia_dortmund_de,Paderborn,team_paderborn_de,finished,,2026-09-26T13:26:07Z
match_fmb_de1_2026-27_20260912_freiburg_borussia_monchengladbach,Bundesliga,comp_bundesliga_de,Bundesliga,2026/27,2026-09-12,07:00 PM,2026-09-12 19:00:00,2026-09-12T13:30:00Z,Saturday,Freiburg,team_freiburg_de,Borussia Mönchengladbach,team_borussia_m_gladbach_de,finished,,2026-09-26T13:26:07Z
match_fmb_de1_2026-27_20260912_hoffenheim_vfb_stuttgart,Bundesliga,comp_bundesliga_de,Bundesliga,2026/27,2026-09-12,07:00 PM,2026-09-12 19:00:00,2026-09-12T13:30:00Z,Saturday,Hoffenheim,team_hoffenheim_de,VfB Stuttgart,team_stuttgart_de,finished,,2026-09-26T13:26:07Z
match_fmb_de1_2026-27_20260912_mainz_05_eintracht_frankfurt,Bundesliga,comp_bundesliga_de,Bundesliga,2026/27,2026-09-12,07:00 PM,2026-09-12 19:00:00,2026-09-12T13:30:00Z,Saturday,Mainz 05,team_mainz_05_de,Eintracht Frankfurt,team_eintracht_frankfurt_de,finished,,2026-09-26T13:26:07Z
match_fmb_epl_2026-27_20260912_afc_bournemouth_brentford,Premier League,comp_premier_league_eng,EPL,2026/27,2026-09-12,07:30 PM,2026-09-12 19:30:00,2026-09-12T14:00:00Z,Saturday,AFC Bournemouth,team_afc_bournemouth_eng,Brentford,team_brentford_eng,finished,,2026-09-26T13:26:05Z
match_fmb_epl_2026-27_20260912_aston_villa_nottingham_forest,Premier League,comp_premier_league_eng,EPL,2026/27,2026-09-12,07:30 PM,2026-09-12 19:30:00,2026-09-12T14:00:00Z,Saturday,Aston Villa,team_aston_villa_eng,Nottingham Forest,team_nottingham_forest_eng,finished,,2026-09-26T13:26:05Z
match_fmb_epl_2026-27_20260912_chelsea_hull_city,Premier League,comp_premier_league_eng,EPL,2026/27,2026-09-12,07:30 PM,2026-09-12 19:30:00,2026-09-12T14:00:00Z,Saturday,Chelsea,team_chelsea_eng,Hull City,team_hull_city_eng,finished,,2026-09-26T13:26:05Z
match_fmb_epl_2026-27_20260912_crystal_palace_ipswich_town,Premier League,comp_premier_league_eng,EPL,2026/27,2026-09-12,07:30 PM,2026-09-12 19:30:00,2026-09-12T14:00:00Z,Saturday,Crystal Palace,team_crystal_palace_eng,Ipswich Town,team_ipswich_town_eng,finished,,2026-09-26T13:26:05Z
match_fmb_epl_2026-27_20260912_liverpool_fulham,Premier League,comp_premier_league_eng,EPL,2026/27,2026-09-12,07:30 PM,2026-09-12 19:30:00,2026-09-12T14:00:00Z,Saturday,Liverpool,team_liverpool_eng,Fulham,team_fulham_eng,finished,,2026-09-26T13:26:05Z
match_fmb_es1_2026-27_20260912_osasuna_espanyol,La Liga,comp_laliga_es,LaLiga,2026/27,2026-09-12,07:45 PM,2026-09-12 19:45:00,2026-09-12T14:15:00Z,Saturday,Osasuna,team_osasuna_es,Espanyol,team_espanyol_es,finished,,2026-09-26T13:26:06Z
match_fmb_fr1_2026-27_20260912_strasbourg_monaco,Ligue 1,comp_ligue_1_fr,Ligue 1,2026/27,2026-09-12,08:45 PM,2026-09-12 20:45:00,2026-09-12T15:15:00Z,Saturday,Strasbourg,team_strasbourg_fr,Monaco,team_monaco_fr,finished,,2026-09-26T13:26:08Z
match_fmb_it1_2026-27_20260912_lazio_milan,Serie A,comp_serie_a_it,Serie A,2026/27,2026-09-12,09:30 PM,2026-09-12 21:30:00,2026-09-12T16:00:00Z,Saturday,Lazio,team_lazio_it,Milan,team_milan_it,finished,,2026-09-26T13:26:06Z
match_fmb_de1_2026-27_20260912_1_fc_koln_werder_bremen,Bundesliga,comp_bundesliga_de,Bundesliga,2026/27,2026-09-12,10:00 PM,2026-09-12 22:00:00,2026-09-12T16:30:00Z,Saturday,1. FC Köln,team_koln_de,Werder Bremen,team_werder_bremen_de,finished,,2026-09-26T13:26:07Z
match_fmb_es1_2026-27_20260912_athletic_club_elche,La Liga,comp_laliga_es,LaLiga,2026/27,2026-09-12,10:00 PM,2026-09-12 22:00:00,2026-09-12T16:30:00Z,Saturday,Athletic Club,team_athletic_club_es,Elche,team_elche_es,finished,,2026-09-26T13:26:06Z
match_fmb_epl_2026-27_20260912_tottenham_hotspur_everton,Premier League,comp_premier_league_eng,EPL,2026/27,2026-09-12,10:00 PM,2026-09-12 22:00:00,2026-09-12T16:30:00Z,Saturday,Tottenham Hotspur,team_tottenham_eng,Everton,team_everton_eng,finished,,2026-09-26T13:26:05Z
match_fmb_fr1_2026-27_20260912_auxerre_nice,Ligue 1,comp_ligue_1_fr,Ligue 1,2026/27,2026-09-13,12:15 AM,2026-09-13 00:15:00,2026-09-12T18:45:00Z,Sunday,Auxerre,team_auxerre_fr,Nice,team_nice_fr,finished,,2026-09-26T13:26:08Z
match_fmb_fr1_2026-27_20260912_le_havre_angers,Ligue 1,comp_ligue_1_fr,Ligue 1,2026/27,2026-09-13,12:15 AM,2026-09-13 00:15:00,2026-09-12T18:45:00Z,Sunday,Le Havre,team_le_havre_fr,Angers,team_angers_fr,finished,,2026-09-26T13:26:08Z
match_fmb_fr1_2026-27_20260912_lorient_toulouse,Ligue 1,comp_ligue_1_fr,Ligue 1,2026/27,2026-09-13,12:15 AM,2026-09-13 00:15:00,2026-09-12T18:45:00Z,Sunday,Lorient,team_lorient_fr,Toulouse,team_toulouse_fr,finished,,2026-09-26T13:26:08Z
match_fmb_fr1_2026-27_20260912_paris_fc_lyon,Ligue 1,comp_ligue_1_fr,Ligue 1,2026/27,2026-09-13,12:15 AM,2026-09-13 00:15:00,2026-09-12T18:45:00Z,Sunday,Paris FC,team_paris_fr,Lyon,team_lyon_fr,finished,,2026-09-26T13:26:08Z
match_fmb_it1_2026-27_20260912_atalanta_cagliari,Serie A,comp_serie_a_it,Serie A,2026/27,2026-09-13,12:15 AM,2026-09-13 00:15:00,2026-09-12T18:45:00Z,Sunday,Atalanta,team_atalanta_it,Cagliari,team_cagliari_it,finished,,2026-09-26T13:26:06Z
match_fmb_es1_2026-27_20260912_real_madrid_rayo_vallecano,La Liga,comp_laliga_es,LaLiga,2026/27,2026-09-13,12:30 AM,2026-09-13 00:30:00,2026-09-12T19:00:00Z,Sunday,Real Madrid,team_real_madrid_es,Rayo Vallecano,team_rayo_vallecano_es,finished,,2026-09-26T13:26:06Z
match_fmb_epl_2026-27_20260912_sunderland_arsenal,Premier League,comp_premier_league_eng,EPL,2026/27,2026-09-13,12:30 AM,2026-09-13 00:30:00,2026-09-12T19:00:00Z,Sunday,Sunderland,team_sunderland_eng,Arsenal,team_arsenal_eng,finished,,2026-09-26T13:26:05Z
match_fmb_es1_2026-27_20260913_celta_vigo_malaga,La Liga,comp_laliga_es,LaLiga,2026/27,2026-09-13,05:30 PM,2026-09-13 17:30:00,2026-09-13T12:00:00Z,Sunday,Celta Vigo,team_celta_vigo_es,Málaga,team_malaga_es,finished,,2026-09-26T13:26:06Z
match_fmb_fr1_2026-27_20260913_lille_troyes,Ligue 1,comp_ligue_1_fr,Ligue 1,2026/27,2026-09-13,06:30 PM,2026-09-13 18:30:00,2026-09-13T13:00:00Z,Sunday,Lille,team_lille_fr,Troyes,team_troyes_fr,finished,,2026-09-26T13:26:08Z
match_fmb_epl_2026-27_20260913_coventry_city_brighton_hove_albion,Premier League,comp_premier_league_eng,EPL,2026/27,2026-09-13,06:30 PM,2026-09-13 18:30:00,2026-09-13T13:00:00Z,Sunday,Coventry City,team_coventry_city_eng,Brighton & Hove Albion,team_brighton_and_hove_albion_eng,finished,,2026-09-26T13:26:05Z
match_fmb_it1_2026-27_20260913_lecce_monza,Serie A,comp_serie_a_it,Serie A,2026/27,2026-09-13,06:30 PM,2026-09-13 18:30:00,2026-09-13T13:00:00Z,Sunday,Lecce,team_lecce_it,Monza,team_monza_it,finished,,2026-09-26T13:26:06Z
match_fmb_de1_2026-27_20260913_rb_leipzig_hamburger_sv,Bundesliga,comp_bundesliga_de,Bundesliga,2026/27,2026-09-13,07:00 PM,2026-09-13 19:00:00,2026-09-13T13:30:00Z,Sunday,RB Leipzig,team_rb_leipzig_de,Hamburger SV,team_hamburger_de,finished,,2026-09-26T13:26:07Z
match_fmb_es1_2026-27_20260913_levante_barcelona,La Liga,comp_laliga_es,LaLiga,2026/27,2026-09-13,07:45 PM,2026-09-13 19:45:00,2026-09-13T14:15:00Z,Sunday,Levante,team_levante_es,Barcelona,team_barcelona_es,finished,,2026-09-26T13:26:06Z
match_fmb_fr1_2026-27_20260913_le_mans_lens,Ligue 1,comp_ligue_1_fr,Ligue 1,2026/27,2026-09-13,08:45 PM,2026-09-13 20:45:00,2026-09-13T15:15:00Z,Sunday,Le Mans,team_le_mans_fr,Lens,team_lens_fr,finished,,2026-09-26T13:26:08Z
match_fmb_de1_2026-27_20260913_elversberg_bayern_munchen,Bundesliga,comp_bundesliga_de,Bundesliga,2026/27,2026-09-13,09:00 PM,2026-09-13 21:00:00,2026-09-13T15:30:00Z,Sunday,Elversberg,team_elversberg_de,Bayern München,team_bayern_munich_de,finished,,2026-09-26T13:26:07Z
match_fmb_epl_2026-27_20260913_manchester_united_manchester_city,Premier League,comp_premier_league_eng,EPL,2026/27,2026-09-13,09:00 PM,2026-09-13 21:00:00,2026-09-13T15:30:00Z,Sunday,Manchester United,team_manchester_united_eng,Manchester City,team_manchester_city_eng,finished,,2026-09-26T13:26:05Z
match_fmb_it1_2026-27_20260913_napoli_bologna,Serie A,comp_serie_a_it,Serie A,2026/27,2026-09-13,09:30 PM,2026-09-13 21:30:00,2026-09-13T16:00:00Z,Sunday,Napoli,team_napoli_it,Bologna,team_bologna_it,finished,,2026-09-26T13:26:06Z
match_fmb_es1_2026-27_20260913_getafe_deportivo_a_coruna,La Liga,comp_laliga_es,LaLiga,2026/27,2026-09-13,10:00 PM,2026-09-13 22:00:00,2026-09-13T16:30:00Z,Sunday,Getafe,team_getafe_es,Deportivo A Coruña,team_a_coruna_es,finished,,2026-09-26T13:26:06Z
match_fmb_fr1_2026-27_20260913_brest_paris_saint_germain,Ligue 1,comp_ligue_1_fr,Ligue 1,2026/27,2026-09-14,12:15 AM,2026-09-14 00:15:00,2026-09-13T18:45:00Z,Monday,Brest,team_brest_fr,Paris Saint-Germain,team_paris_saint_germain_fr,finished,,2026-09-26T13:26:08Z
match_fmb_it1_2026-27_20260913_sassuolo_juventus,Serie A,comp_serie_a_it,Serie A,2026/27,2026-09-14,12:15 AM,2026-09-14 00:15:00,2026-09-13T18:45:00Z,Monday,Sassuolo,team_sassuolo_it,Juventus,team_juventus_it,finished,,2026-09-26T13:26:06Z
match_fmb_es1_2026-27_20260913_real_sociedad_atletico_madrid,La Liga,comp_laliga_es,LaLiga,2026/27,2026-09-14,12:30 AM,2026-09-14 00:30:00,2026-09-13T19:00:00Z,Monday,Real Sociedad,team_real_sociedad_es,Atlético Madrid,team_atletico_madrid_es,finished,,2026-09-26T13:26:06Z
match_fmb_it1_2026-27_20260914_como_parma,Serie A,comp_serie_a_it,Serie A,2026/27,2026-09-14,10:00 PM,2026-09-14 22:00:00,2026-09-14T16:30:00Z,Monday,Como,team_como_it,Parma,team_parma_it,finished,,2026-09-26T13:26:06Z
match_fmb_it1_2026-27_20260914_torino_roma,Serie A,comp_serie_a_it,Serie A,2026/27,2026-09-14,10:00 PM,2026-09-14 22:00:00,2026-09-14T16:30:00Z,Monday,Torino,team_torino_it,Roma,team_roma_it,finished,,2026-09-26T13:26:06Z
match_fmb_it1_2026-27_20260914_inter_udinese,Serie A,comp_serie_a_it,Serie A,2026/27,2026-09-15,12:15 AM,2026-09-15 00:15:00,2026-09-14T18:45:00Z,Tuesday,Inter,team_inter_it,Udinese,team_udinese_it,finished,,2026-09-26T13:26:06Z
match_fmb_epl_2026-27_20260914_leeds_united_newcastle_united,Premier League,comp_premier_league_eng,EPL,2026/27,2026-09-15,12:30 AM,2026-09-15 00:30:00,2026-09-14T19:00:00Z,Tuesday,Leeds United,team_leeds_united_eng,Newcastle United,team_newcastle_united_eng,finished,,2026-09-26T13:26:05Z
match_fmb_uel_2026-27_20260916_ararat_armenia_sparta_prague,Europa League,comp_uefa_europa_league,UEL,2026/27,2026-09-16,10:15 PM,2026-09-16 22:15:00,2026-09-16T16:45:00Z,Wednesday,Ararat Armenia,team_ararat_armenia_eur,Sparta Prague,team_sparta_prague_eur,finished,,2026-09-26T13:26:09Z
match_fmb_uel_2026-27_20260916_omonia_nicosia_celta_vigo,Europa League,comp_uefa_europa_league,UEL,2026/27,2026-09-16,10:15 PM,2026-09-16 22:15:00,2026-09-16T16:45:00Z,Wednesday,Omonia Nicosia,team_omonia_nicosia_eur,Celta Vigo,team_celta_vigo_eur,finished,,2026-09-26T13:26:09Z
match_fmb_uel_2026-27_20260916_anderlecht_lyon,Europa League,comp_uefa_europa_league,UEL,2026/27,2026-09-17,12:30 AM,2026-09-17 00:30:00,2026-09-16T19:00:00Z,Thursday,Anderlecht,team_anderlecht_eur,Lyon,team_lyon_eur,finished,,2026-09-26T13:26:09Z
match_fmb_uel_2026-27_20260916_bayer_leverkusen_nk_celje,Europa League,comp_uefa_europa_league,UEL,2026/27,2026-09-17,12:30 AM,2026-09-17 00:30:00,2026-09-16T19:00:00Z,Thursday,Bayer Leverkusen,team_bayer_leverkusen_eur,NK Celje,team_nk_celje_eur,finished,,2026-09-26T13:26:09Z
match_fmb_uel_2026-27_20260916_hapoel_beer_sheva_dinamo_zagreb,Europa League,comp_uefa_europa_league,UEL,2026/27,2026-09-17,12:30 AM,2026-09-17 00:30:00,2026-09-16T19:00:00Z,Thursday,Hapoel Beer Sheva,team_hapoel_beer_sheva_eur,Dinamo Zagreb,team_dinamo_zagreb_eur,finished,,2026-09-26T13:26:09Z
match_fmb_uel_2026-27_20260916_milan_benfica,Europa League,comp_uefa_europa_league,UEL,2026/27,2026-09-17,12:30 AM,2026-09-17 00:30:00,2026-09-16T19:00:00Z,Thursday,Milan,team_milan_eur,Benfica,team_benfica_eur,finished,,2026-09-26T13:26:09Z
match_fmb_uel_2026-27_20260916_olympiacos_jagiellonia_bia_ystok,Europa League,comp_uefa_europa_league,UEL,2026/27,2026-09-17,12:30 AM,2026-09-17 00:30:00,2026-09-16T19:00:00Z,Thursday,Olympiacos,team_olympiacos_eur,Jagiellonia Białystok,team_jagiellonia_bia_ystok_eur,finished,,2026-09-26T13:26:09Z
match_fmb_uel_2026-27_20260916_sturm_graz_rennes,Europa League,comp_uefa_europa_league,UEL,2026/27,2026-09-17,12:30 AM,2026-09-17 00:30:00,2026-09-16T19:00:00Z,Thursday,Sturm Graz,team_sturm_graz_eur,Rennes,team_rennes_eur,finished,,2026-09-26T13:26:09Z
match_fmb_uel_2026-27_20260916_sunderland_az_alkmaar,Europa League,comp_uefa_europa_league,UEL,2026/27,2026-09-17,12:30 AM,2026-09-17 00:30:00,2026-09-16T19:00:00Z,Thursday,Sunderland,team_sunderland_eur,AZ Alkmaar,team_az_alkmaar_eur,finished,,2026-09-26T13:26:09Z
match_fmb_uel_2026-27_20260917_levski_sofia_salzburg,Europa League,comp_uefa_europa_league,UEL,2026/27,2026-09-17,10:15 PM,2026-09-17 22:15:00,2026-09-17T16:45:00Z,Thursday,Levski Sofia,team_levski_sofia_eur,Salzburg,team_salzburg_eur,finished,,2026-09-26T13:26:09Z
match_fmb_uel_2026-27_20260917_ofi_crete_hoffenheim,Europa League,comp_uefa_europa_league,UEL,2026/27,2026-09-17,10:15 PM,2026-09-17 22:15:00,2026-09-17T16:45:00Z,Thursday,OFI Crete,team_ofi_crete_eur,Hoffenheim,team_hoffenheim_eur,finished,,2026-09-26T13:26:09Z
match_fmb_uel_2026-27_20260917_besiktas_marseille,Europa League,comp_uefa_europa_league,UEL,2026/27,2026-09-18,12:30 AM,2026-09-18 00:30:00,2026-09-17T19:00:00Z,Friday,Beşiktaş,team_besiktas_eur,Marseille,team_marseille_eur,finished,,2026-09-26T13:26:09Z
match_fmb_uel_2026-27_20260917_celtic_ferencvaros,Europa League,comp_uefa_europa_league,UEL,2026/27,2026-09-18,12:30 AM,2026-09-18 00:30:00,2026-09-17T19:00:00Z,Friday,Celtic,team_celtic_eur,Ferencváros,team_ferencvaros_eur,finished,,2026-09-26T13:26:09Z
match_fmb_uel_2026-27_20260917_crystal_palace_lech_poznan,Europa League,comp_uefa_europa_league,UEL,2026/27,2026-09-18,12:30 AM,2026-09-18 00:30:00,2026-09-17T19:00:00Z,Friday,Crystal Palace,team_crystal_palace_eur,Lech Poznań,team_lech_poznan_eur,finished,,2026-09-26T13:26:09Z
match_fmb_uel_2026-27_20260917_juventus_nec_nijmegen,Europa League,comp_uefa_europa_league,UEL,2026/27,2026-09-18,12:30 AM,2026-09-18 00:30:00,2026-09-17T19:00:00Z,Friday,Juventus,team_juventus_eur,NEC Nijmegen,team_nec_nijmegen_eur,finished,,2026-09-26T13:26:09Z
match_fmb_uel_2026-27_20260917_lillestr_m_torreense,Europa League,comp_uefa_europa_league,UEL,2026/27,2026-09-18,12:30 AM,2026-09-18 00:30:00,2026-09-17T19:00:00Z,Friday,Lillestrøm,team_lillestr_m_eur,Torreense,team_torreense_eur,finished,,2026-09-26T13:26:09Z
match_fmb_uel_2026-27_20260917_real_sociedad_afc_bournemouth,Europa League,comp_uefa_europa_league,UEL,2026/27,2026-09-18,12:30 AM,2026-09-18 00:30:00,2026-09-17T19:00:00Z,Friday,Real Sociedad,team_real_sociedad_eur,AFC Bournemouth,team_afc_bournemouth_eur,finished,,2026-09-26T13:26:09Z
match_fmb_uel_2026-27_20260917_viktoria_plzen_union_st_gilloise,Europa League,comp_uefa_europa_league,UEL,2026/27,2026-09-18,12:30 AM,2026-09-18 00:30:00,2026-09-17T19:00:00Z,Friday,Viktoria Plzeň,team_viktoria_plzen_eur,Union St.Gilloise,team_union_st_gilloise_eur,finished,,2026-09-26T13:26:09Z
match_fmb_de1_2026-27_20260918_bayern_munchen_union_berlin,Bundesliga,comp_bundesliga_de,Bundesliga,2026/27,2026-09-19,12:00 AM,2026-09-19 00:00:00,2026-09-18T18:30:00Z,Saturday,Bayern München,team_bayern_munich_de,Union Berlin,team_union_berlin_de,finished,,2026-09-26T13:26:07Z
match_fmb_fr1_2026-27_20260918_monaco_lens,Ligue 1,comp_ligue_1_fr,Ligue 1,2026/27,2026-09-19,12:15 AM,2026-09-19 00:15:00,2026-09-18T18:45:00Z,Saturday,Monaco,team_monaco_fr,Lens,team_lens_fr,finished,,2026-09-26T13:26:08Z
match_fmb_it1_2026-27_20260918_monza_sassuolo,Serie A,comp_serie_a_it,Serie A,2026/27,2026-09-19,12:15 AM,2026-09-19 00:15:00,2026-09-18T18:45:00Z,Saturday,Monza,team_monza_it,Sassuolo,team_sassuolo_it,finished,,2026-09-26T13:26:06Z
match_fmb_epl_2026-27_20260918_brentford_chelsea,Premier League,comp_premier_league_eng,EPL,2026/27,2026-09-19,12:30 AM,2026-09-19 00:30:00,2026-09-18T19:00:00Z,Saturday,Brentford,team_brentford_eng,Chelsea,team_chelsea_eng,finished,,2026-09-26T13:26:05Z
match_fmb_epl_2026-27_20260919_tottenham_hotspur_aston_villa,Premier League,comp_premier_league_eng,EPL,2026/27,2026-09-19,05:00 PM,2026-09-19 17:00:00,2026-09-19T11:30:00Z,Saturday,Tottenham Hotspur,team_tottenham_eng,Aston Villa,team_aston_villa_eng,finished,,2026-09-26T13:26:05Z
match_fmb_it1_2026-27_20260919_bologna_torino,Serie A,comp_serie_a_it,Serie A,2026/27,2026-09-19,06:30 PM,2026-09-19 18:30:00,2026-09-19T13:00:00Z,Saturday,Bologna,team_bologna_it,Torino,team_torino_it,finished,,2026-09-26T13:26:06Z
match_fmb_it1_2026-27_20260919_udinese_cagliari,Serie A,comp_serie_a_it,Serie A,2026/27,2026-09-19,06:30 PM,2026-09-19 18:30:00,2026-09-19T13:00:00Z,Saturday,Udinese,team_udinese_it,Cagliari,team_cagliari_it,finished,,2026-09-26T13:26:06Z
match_fmb_de1_2026-27_20260919_borussia_monchengladbach_mainz_05,Bundesliga,comp_bundesliga_de,Bundesliga,2026/27,2026-09-19,07:00 PM,2026-09-19 19:00:00,2026-09-19T13:30:00Z,Saturday,Borussia Mönchengladbach,team_borussia_m_gladbach_de,Mainz 05,team_mainz_05_de,finished,,2026-09-26T13:26:07Z
match_fmb_de1_2026-27_20260919_eintracht_frankfurt_freiburg,Bundesliga,comp_bundesliga_de,Bundesliga,2026/27,2026-09-19,07:00 PM,2026-09-19 19:00:00,2026-09-19T13:30:00Z,Saturday,Eintracht Frankfurt,team_eintracht_frankfurt_de,Freiburg,team_freiburg_de,finished,,2026-09-26T13:26:07Z
match_fmb_de1_2026-27_20260919_hamburger_sv_1_fc_koln,Bundesliga,comp_bundesliga_de,Bundesliga,2026/27,2026-09-19,07:00 PM,2026-09-19 19:00:00,2026-09-19T13:30:00Z,Saturday,Hamburger SV,team_hamburger_de,1. FC Köln,team_koln_de,finished,,2026-09-26T13:26:07Z
match_fmb_de1_2026-27_20260919_werder_bremen_augsburg,Bundesliga,comp_bundesliga_de,Bundesliga,2026/27,2026-09-19,07:00 PM,2026-09-19 19:00:00,2026-09-19T13:30:00Z,Saturday,Werder Bremen,team_werder_bremen_de,Augsburg,team_augsburg_de,finished,,2026-09-26T13:26:07Z
match_fmb_epl_2026-27_20260919_brighton_hove_albion_arsenal,Premier League,comp_premier_league_eng,EPL,2026/27,2026-09-19,07:30 PM,2026-09-19 19:30:00,2026-09-19T14:00:00Z,Saturday,Brighton & Hove Albion,team_brighton_and_hove_albion_eng,Arsenal,team_arsenal_eng,finished,,2026-09-26T13:26:05Z
match_fmb_epl_2026-27_20260919_everton_ipswich_town,Premier League,comp_premier_league_eng,EPL,2026/27,2026-09-19,07:30 PM,2026-09-19 19:30:00,2026-09-19T14:00:00Z,Saturday,Everton,team_everton_eng,Ipswich Town,team_ipswich_town_eng,finished,,2026-09-26T13:26:05Z
match_fmb_epl_2026-27_20260919_newcastle_united_hull_city,Premier League,comp_premier_league_eng,EPL,2026/27,2026-09-19,07:30 PM,2026-09-19 19:30:00,2026-09-19T14:00:00Z,Saturday,Newcastle United,team_newcastle_united_eng,Hull City,team_hull_city_eng,finished,,2026-09-26T13:26:05Z
match_fmb_fr1_2026-27_20260919_paris_fc_strasbourg,Ligue 1,comp_ligue_1_fr,Ligue 1,2026/27,2026-09-19,08:45 PM,2026-09-19 20:45:00,2026-09-19T15:15:00Z,Saturday,Paris FC,team_paris_fr,Strasbourg,team_strasbourg_fr,finished,,2026-09-26T13:26:08Z
match_fmb_it1_2026-27_20260919_roma_inter,Serie A,comp_serie_a_it,Serie A,2026/27,2026-09-19,09:30 PM,2026-09-19 21:30:00,2026-09-19T16:00:00Z,Saturday,Roma,team_roma_it,Inter,team_inter_it,finished,,2026-09-26T13:26:06Z
match_fmb_de1_2026-27_20260919_vfb_stuttgart_borussia_dortmund,Bundesliga,comp_bundesliga_de,Bundesliga,2026/27,2026-09-19,10:00 PM,2026-09-19 22:00:00,2026-09-19T16:30:00Z,Saturday,VfB Stuttgart,team_stuttgart_de,Borussia Dortmund,team_borussia_dortmund_de,finished,,2026-09-26T13:26:07Z
match_fmb_epl_2026-27_20260919_nottingham_forest_coventry_city,Premier League,comp_premier_league_eng,EPL,2026/27,2026-09-19,10:00 PM,2026-09-19 22:00:00,2026-09-19T16:30:00Z,Saturday,Nottingham Forest,team_nottingham_forest_eng,Coventry City,team_coventry_city_eng,finished,,2026-09-26T13:26:05Z
match_fmb_fr1_2026-27_20260919_angers_troyes,Ligue 1,comp_ligue_1_fr,Ligue 1,2026/27,2026-09-20,12:15 AM,2026-09-20 00:15:00,2026-09-19T18:45:00Z,Sunday,Angers,team_angers_fr,Troyes,team_troyes_fr,finished,,2026-09-26T13:26:08Z
match_fmb_fr1_2026-27_20260919_le_mans_lorient,Ligue 1,comp_ligue_1_fr,Ligue 1,2026/27,2026-09-20,12:15 AM,2026-09-20 00:15:00,2026-09-19T18:45:00Z,Sunday,Le Mans,team_le_mans_fr,Lorient,team_lorient_fr,finished,,2026-09-26T13:26:08Z
match_fmb_fr1_2026-27_20260919_lyon_rennes,Ligue 1,comp_ligue_1_fr,Ligue 1,2026/27,2026-09-20,12:15 AM,2026-09-20 00:15:00,2026-09-19T18:45:00Z,Sunday,Lyon,team_lyon_fr,Rennes,team_rennes_fr,finished,,2026-09-26T13:26:08Z
match_fmb_fr1_2026-27_20260919_toulouse_le_havre,Ligue 1,comp_ligue_1_fr,Ligue 1,2026/27,2026-09-20,12:15 AM,2026-09-20 00:15:00,2026-09-19T18:45:00Z,Sunday,Toulouse,team_toulouse_fr,Le Havre,team_le_havre_fr,finished,,2026-09-26T13:26:08Z
match_fmb_it1_2026-27_20260919_venezia_lazio,Serie A,comp_serie_a_it,Serie A,2026/27,2026-09-20,12:15 AM,2026-09-20 00:15:00,2026-09-19T18:45:00Z,Sunday,Venezia,team_venezia_it,Lazio,team_lazio_it,finished,,2026-09-26T13:26:06Z
match_fmb_it1_2026-27_20260920_fiorentina_napoli,Serie A,comp_serie_a_it,Serie A,2026/27,2026-09-20,04:00 PM,2026-09-20 16:00:00,2026-09-20T10:30:00Z,Sunday,Fiorentina,team_fiorentina_it,Napoli,team_napoli_it,finished,,2026-09-26T13:26:06Z
match_fmb_fr1_2026-27_20260920_auxerre_brest,Ligue 1,comp_ligue_1_fr,Ligue 1,2026/27,2026-09-20,06:30 PM,2026-09-20 18:30:00,2026-09-20T13:00:00Z,Sunday,Auxerre,team_auxerre_fr,Brest,team_brest_fr,finished,,2026-09-26T13:26:08Z
match_fmb_epl_2026-27_20260920_afc_bournemouth_liverpool,Premier League,comp_premier_league_eng,EPL,2026/27,2026-09-20,06:30 PM,2026-09-20 18:30:00,2026-09-20T13:00:00Z,Sunday,AFC Bournemouth,team_afc_bournemouth_eng,Liverpool,team_liverpool_eng,finished,,2026-09-26T13:26:05Z
match_fmb_epl_2026-27_20260920_leeds_united_crystal_palace,Premier League,comp_premier_league_eng,EPL,2026/27,2026-09-20,06:30 PM,2026-09-20 18:30:00,2026-09-20T13:00:00Z,Sunday,Leeds United,team_leeds_united_eng,Crystal Palace,team_crystal_palace_eng,finished,,2026-09-26T13:26:05Z
match_fmb_epl_2026-27_20260920_manchester_city_sunderland,Premier League,comp_premier_league_eng,EPL,2026/27,2026-09-20,06:30 PM,2026-09-20 18:30:00,2026-09-20T13:00:00Z,Sunday,Manchester City,team_manchester_city_eng,Sunderland,team_sunderland_eng,finished,,2026-09-26T13:26:05Z
match_fmb_it1_2026-27_20260920_frosinone_como,Serie A,comp_serie_a_it,Serie A,2026/27,2026-09-20,06:30 PM,2026-09-20 18:30:00,2026-09-20T13:00:00Z,Sunday,Frosinone,team_frosinone_it,Como,team_como_it,finished,,2026-09-26T13:26:06Z
match_fmb_it1_2026-27_20260920_parma_genoa,Serie A,comp_serie_a_it,Serie A,2026/27,2026-09-20,06:30 PM,2026-09-20 18:30:00,2026-09-20T13:00:00Z,Sunday,Parma,team_parma_it,Genoa,team_genoa_it,finished,,2026-09-26T13:26:06Z
match_fmb_de1_2026-27_20260920_bayer_leverkusen_rb_leipzig,Bundesliga,comp_bundesliga_de,Bundesliga,2026/27,2026-09-20,07:00 PM,2026-09-20 19:00:00,2026-09-20T13:30:00Z,Sunday,Bayer Leverkusen,team_bayer_leverkusen_de,RB Leipzig,team_rb_leipzig_de,finished,,2026-09-26T13:26:07Z
match_fmb_fr1_2026-27_20260920_nice_lille,Ligue 1,comp_ligue_1_fr,Ligue 1,2026/27,2026-09-20,08:45 PM,2026-09-20 20:45:00,2026-09-20T15:15:00Z,Sunday,Nice,team_nice_fr,Lille,team_lille_fr,finished,,2026-09-26T13:26:08Z
match_fmb_de1_2026-27_20260920_schalke_04_elversberg,Bundesliga,comp_bundesliga_de,Bundesliga,2026/27,2026-09-20,09:00 PM,2026-09-20 21:00:00,2026-09-20T15:30:00Z,Sunday,Schalke 04,team_schalke_04_de,Elversberg,team_elversberg_de,finished,,2026-09-26T13:26:07Z
match_fmb_epl_2026-27_20260920_fulham_manchester_united,Premier League,comp_premier_league_eng,EPL,2026/27,2026-09-20,09:00 PM,2026-09-20 21:00:00,2026-09-20T15:30:00Z,Sunday,Fulham,team_fulham_eng,Manchester United,team_manchester_united_eng,finished,,2026-09-26T13:26:05Z
match_fmb_it1_2026-27_20260920_juventus_atalanta,Serie A,comp_serie_a_it,Serie A,2026/27,2026-09-20,09:30 PM,2026-09-20 21:30:00,2026-09-20T16:00:00Z,Sunday,Juventus,team_juventus_it,Atalanta,team_atalanta_it,finished,,2026-09-26T13:26:06Z
match_fmb_de1_2026-27_20260920_paderborn_hoffenheim,Bundesliga,comp_bundesliga_de,Bundesliga,2026/27,2026-09-20,11:00 PM,2026-09-20 23:00:00,2026-09-20T17:30:00Z,Sunday,Paderborn,team_paderborn_de,Hoffenheim,team_hoffenheim_de,finished,,2026-09-26T13:26:07Z
match_fmb_fr1_2026-27_20260920_marseille_paris_saint_germain,Ligue 1,comp_ligue_1_fr,Ligue 1,2026/27,2026-09-21,12:15 AM,2026-09-21 00:15:00,2026-09-20T18:45:00Z,Monday,Marseille,team_marseille_fr,Paris Saint-Germain,team_paris_saint_germain_fr,finished,,2026-09-26T13:26:08Z
match_fmb_it1_2026-27_20260920_milan_lecce,Serie A,comp_serie_a_it,Serie A,2026/27,2026-09-21,12:15 AM,2026-09-21 00:15:00,2026-09-20T18:45:00Z,Monday,Milan,team_milan_it,Lecce,team_lecce_it,finished,,2026-09-26T13:26:06Z
match_fmb_unl_2026-27_20260924_andorra_malta,UEFA Nations League,comp_uefa_nations_league,Nations League,2026/27,2026-09-24,09:30 PM,2026-09-24 21:30:00,2026-09-24T16:00:00Z,Thursday,Andorra,team_andorra_eur,Malta,team_malta_eur,finished,,2026-09-26T13:26:12Z
match_fmb_unl_2026-27_20260924_austria_israel,UEFA Nations League,comp_uefa_nations_league,Nations League,2026/27,2026-09-25,12:15 AM,2026-09-25 00:15:00,2026-09-24T18:45:00Z,Friday,Austria,team_austria_eur,Israel,team_israel_eur,finished,,2026-09-26T13:26:12Z
match_fmb_unl_2026-27_20260924_kosovo_ireland,UEFA Nations League,comp_uefa_nations_league,Nations League,2026/27,2026-09-25,12:15 AM,2026-09-25 00:15:00,2026-09-24T18:45:00Z,Friday,Kosovo,team_kosovo_eur,Ireland,team_ireland_eur,finished,,2026-09-26T13:26:12Z
match_fmb_unl_2026-27_20260924_liechtenstein_lithuania,UEFA Nations League,comp_uefa_nations_league,Nations League,2026/27,2026-09-25,12:15 AM,2026-09-25 00:15:00,2026-09-24T18:45:00Z,Friday,Liechtenstein,team_liechtenstein_eur,Lithuania,team_lithuania_eur,finished,,2026-09-26T13:26:12Z
match_fmb_unl_2026-27_20260924_netherlands_germany,UEFA Nations League,comp_uefa_nations_league,Nations League,2026/27,2026-09-25,12:15 AM,2026-09-25 00:15:00,2026-09-24T18:45:00Z,Friday,Netherlands,team_netherlands_eur,Germany,team_germany_eur,finished,,2026-09-26T13:26:12Z
match_fmb_unl_2026-27_20260924_norway_denmark,UEFA Nations League,comp_uefa_nations_league,Nations League,2026/27,2026-09-25,12:15 AM,2026-09-25 00:15:00,2026-09-24T18:45:00Z,Friday,Norway,team_norway_eur,Denmark,team_denmark_eur,finished,,2026-09-26T13:26:12Z
match_fmb_unl_2026-27_20260924_portugal_wales,UEFA Nations League,comp_uefa_nations_league,Nations League,2026/27,2026-09-25,12:15 AM,2026-09-25 00:15:00,2026-09-24T18:45:00Z,Friday,Portugal,team_portugal_eur,Wales,team_wales_eur,finished,,2026-09-26T13:26:12Z
match_fmb_unl_2026-27_20260924_serbia_greece,UEFA Nations League,comp_uefa_nations_league,Nations League,2026/27,2026-09-25,12:15 AM,2026-09-25 00:15:00,2026-09-24T18:45:00Z,Friday,Serbia,team_serbia_eur,Greece,team_greece_eur,finished,,2026-09-26T13:26:12Z
match_fmb_unl_2026-27_20260925_armenia_latvia,UEFA Nations League,comp_uefa_nations_league,Nations League,2026/27,2026-09-25,09:30 PM,2026-09-25 21:30:00,2026-09-25T16:00:00Z,Friday,Armenia,team_armenia_eur,Latvia,team_latvia_eur,finished,,2026-09-26T13:26:12Z
match_fmb_unl_2026-27_20260925_georgia_northern_ireland,UEFA Nations League,comp_uefa_nations_league,Nations League,2026/27,2026-09-25,09:30 PM,2026-09-25 21:30:00,2026-09-25T16:00:00Z,Friday,Georgia,team_georgia_eur,Northern Ireland,team_northern_ireland_eur,finished,,2026-09-26T13:26:12Z
match_fmb_unl_2026-27_20260925_hungary_ukraine,UEFA Nations League,comp_uefa_nations_league,Nations League,2026/27,2026-09-26,12:15 AM,2026-09-26 00:15:00,2026-09-25T18:45:00Z,Saturday,Hungary,team_hungary_eur,Ukraine,team_ukraine_eur,finished,,2026-09-26T13:26:12Z
match_fmb_unl_2026-27_20260925_italy_belgium,UEFA Nations League,comp_uefa_nations_league,Nations League,2026/27,2026-09-26,12:15 AM,2026-09-26 00:15:00,2026-09-25T18:45:00Z,Saturday,Italy,team_italy_eur,Belgium,team_belgium_eur,finished,,2026-09-26T13:26:12Z
match_fmb_unl_2026-27_20260925_montenegro_cyprus,UEFA Nations League,comp_uefa_nations_league,Nations League,2026/27,2026-09-26,12:15 AM,2026-09-26 00:15:00,2026-09-25T18:45:00Z,Saturday,Montenegro,team_montenegro_eur,Cyprus,team_cyprus_eur,finished,,2026-09-26T13:26:12Z
match_fmb_unl_2026-27_20260925_poland_bosnia_and_herzegovina,UEFA Nations League,comp_uefa_nations_league,Nations League,2026/27,2026-09-26,12:15 AM,2026-09-26 00:15:00,2026-09-25T18:45:00Z,Saturday,Poland,team_poland_eur,Bosnia and Herzegovina,team_bosnia_and_herzegovina_eur,finished,,2026-09-26T13:26:12Z
match_fmb_unl_2026-27_20260925_sweden_romania,UEFA Nations League,comp_uefa_nations_league,Nations League,2026/27,2026-09-26,12:15 AM,2026-09-26 00:15:00,2026-09-25T18:45:00Z,Saturday,Sweden,team_sweden_eur,Romania,team_romania_eur,finished,,2026-09-26T13:26:12Z
match_fmb_unl_2026-27_20260925_turkiye_france,UEFA Nations League,comp_uefa_nations_league,Nations League,2026/27,2026-09-26,12:15 AM,2026-09-26 00:15:00,2026-09-25T18:45:00Z,Saturday,Turkiye,team_turkiye_eur,France,team_france_eur,finished,,2026-09-26T13:26:12Z
match_fmb_unl_2026-27_20260926_slovenia_scotland,UEFA Nations League,comp_uefa_nations_league,Nations League,2026/27,2026-09-26,06:30 PM,2026-09-26 18:30:00,2026-09-26T13:00:00Z,Saturday,Slovenia,team_slovenia_eur,Scotland,team_scotland_eur,live,,2026-09-26T13:26:12Z
match_fmb_unl_2026-27_20260926_bulgaria_luxembourg,UEFA Nations League,comp_uefa_nations_league,Nations League,2026/27,2026-09-26,09:30 PM,2026-09-26 21:30:00,2026-09-26T16:00:00Z,Saturday,Bulgaria,team_bulgaria_eur,Luxembourg,team_luxembourg_eur,scheduled,,2026-09-26T13:26:12Z
match_fmb_unl_2026-27_20260926_faroe_islands_kazakhstan,UEFA Nations League,comp_uefa_nations_league,Nations League,2026/27,2026-09-26,09:30 PM,2026-09-26 21:30:00,2026-09-26T16:00:00Z,Saturday,Faroe Islands,team_faroe_islands_eur,Kazakhstan,team_kazakhstan_eur,scheduled,,2026-09-26T13:26:12Z
match_fmb_unl_2026-27_20260926_iceland_estonia,UEFA Nations League,comp_uefa_nations_league,Nations League,2026/27,2026-09-26,09:30 PM,2026-09-26 21:30:00,2026-09-26T16:00:00Z,Saturday,Iceland,team_iceland_eur,Estonia,team_estonia_eur,scheduled,,2026-09-26T13:26:12Z
match_fmb_unl_2026-27_20260926_san_marino_finland,UEFA Nations League,comp_uefa_nations_league,Nations League,2026/27,2026-09-26,09:30 PM,2026-09-26 21:30:00,2026-09-26T16:00:00Z,Saturday,San Marino,team_san_marino_eur,Finland,team_finland_eur,scheduled,,2026-09-26T13:26:12Z
match_fmb_unl_2026-27_20260926_albania_belarus,UEFA Nations League,comp_uefa_nations_league,Nations League,2026/27,2026-09-27,12:15 AM,2026-09-27 00:15:00,2026-09-26T18:45:00Z,Sunday,Albania,team_albania_eur,Belarus,team_belarus_eur,scheduled,,2026-09-26T13:26:12Z
match_fmb_unl_2026-27_20260926_czechia_croatia,UEFA Nations League,comp_uefa_nations_league,Nations League,2026/27,2026-09-27,12:15 AM,2026-09-27 00:15:00,2026-09-26T18:45:00Z,Sunday,Czechia,team_czechia_eur,Croatia,team_croatia_eur,scheduled,,2026-09-26T13:26:12Z
match_fmb_unl_2026-27_20260926_england_spain,UEFA Nations League,comp_uefa_nations_league,Nations League,2026/27,2026-09-27,12:15 AM,2026-09-27 00:15:00,2026-09-26T18:45:00Z,Sunday,England,team_england_eur,Spain,team_spain_eur,scheduled,,2026-09-26T13:26:12Z
match_fmb_unl_2026-27_20260926_north_macedonia_switzerland,UEFA Nations League,comp_uefa_nations_league,Nations League,2026/27,2026-09-27,12:15 AM,2026-09-27 00:15:00,2026-09-26T18:45:00Z,Sunday,North Macedonia,team_north_macedonia_eur,Switzerland,team_switzerland_eur,scheduled,,2026-09-26T13:26:12Z
match_fmb_unl_2026-27_20260926_slovakia_moldova,UEFA Nations League,comp_uefa_nations_league,Nations League,2026/27,2026-09-27,12:15 AM,2026-09-27 00:15:00,2026-09-26T18:45:00Z,Sunday,Slovakia,team_slovakia_eur,Moldova,team_moldova_eur,scheduled,,2026-09-26T13:26:12Z
match_fmb_unl_2026-27_20260927_lithuania_azerbaijan,UEFA Nations League,comp_uefa_nations_league,Nations League,2026/27,2026-09-27,06:30 PM,2026-09-27 18:30:00,2026-09-27T13:00:00Z,Sunday,Lithuania,team_lithuania_eur,Azerbaijan,team_azerbaijan_eur,scheduled,,2026-09-26T13:26:12Z
match_fmb_unl_2026-27_20260927_austria_kosovo,UEFA Nations League,comp_uefa_nations_league,Nations League,2026/27,2026-09-27,09:30 PM,2026-09-27 21:30:00,2026-09-27T16:00:00Z,Sunday,Austria,team_austria_eur,Kosovo,team_kosovo_eur,scheduled,,2026-09-26T13:26:12Z
match_fmb_unl_2026-27_20260927_denmark_wales,UEFA Nations League,comp_uefa_nations_league,Nations League,2026/27,2026-09-27,09:30 PM,2026-09-27 21:30:00,2026-09-27T16:00:00Z,Sunday,Denmark,team_denmark_eur,Wales,team_wales_eur,scheduled,,2026-09-26T13:26:12Z
match_fmb_unl_2026-27_20260927_gibraltar_andorra,UEFA Nations League,comp_uefa_nations_league,Nations League,2026/27,2026-09-27,09:30 PM,2026-09-27 21:30:00,2026-09-27T16:00:00Z,Sunday,Gibraltar,team_gibraltar_eur,Andorra,team_andorra_eur,scheduled,,2026-09-26T13:26:12Z
match_fmb_unl_2026-27_20260927_serbia_netherlands,UEFA Nations League,comp_uefa_nations_league,Nations League,2026/27,2026-09-27,09:30 PM,2026-09-27 21:30:00,2026-09-27T16:00:00Z,Sunday,Serbia,team_serbia_eur,Netherlands,team_netherlands_eur,scheduled,,2026-09-26T13:26:12Z
match_fmb_unl_2026-27_20260927_germany_greece,UEFA Nations League,comp_uefa_nations_league,Nations League,2026/27,2026-09-28,12:15 AM,2026-09-28 00:15:00,2026-09-27T18:45:00Z,Monday,Germany,team_germany_eur,Greece,team_greece_eur,scheduled,,2026-09-26T13:26:12Z
match_fmb_unl_2026-27_20260927_israel_ireland,UEFA Nations League,comp_uefa_nations_league,Nations League,2026/27,2026-09-28,12:15 AM,2026-09-28 00:15:00,2026-09-27T18:45:00Z,Monday,Israel,team_israel_eur,Ireland,team_ireland_eur,scheduled,,2026-09-26T13:26:12Z
match_fmb_unl_2026-27_20260927_norway_portugal,UEFA Nations League,comp_uefa_nations_league,Nations League,2026/27,2026-09-28,12:15 AM,2026-09-28 00:15:00,2026-09-27T18:45:00Z,Monday,Norway,team_norway_eur,Portugal,team_portugal_eur,scheduled,,2026-09-26T13:26:12Z
match_fmb_unl_2026-27_20260928_armenia_montenegro,UEFA Nations League,comp_uefa_nations_league,Nations League,2026/27,2026-09-28,09:30 PM,2026-09-28 21:30:00,2026-09-28T16:00:00Z,Monday,Armenia,team_armenia_eur,Montenegro,team_montenegro_eur,scheduled,,2026-09-26T13:26:12Z
match_fmb_unl_2026-27_20260928_georgia_ukraine,UEFA Nations League,comp_uefa_nations_league,Nations League,2026/27,2026-09-28,09:30 PM,2026-09-28 21:30:00,2026-09-28T16:00:00Z,Monday,Georgia,team_georgia_eur,Ukraine,team_ukraine_eur,scheduled,,2026-09-26T13:26:12Z
match_fmb_unl_2026-27_20260928_latvia_cyprus,UEFA Nations League,comp_uefa_nations_league,Nations League,2026/27,2026-09-28,09:30 PM,2026-09-28 21:30:00,2026-09-28T16:00:00Z,Monday,Latvia,team_latvia_eur,Cyprus,team_cyprus_eur,scheduled,,2026-09-26T13:26:12Z
match_fmb_unl_2026-27_20260928_belgium_france,UEFA Nations League,comp_uefa_nations_league,Nations League,2026/27,2026-09-29,12:15 AM,2026-09-29 00:15:00,2026-09-28T18:45:00Z,Tuesday,Belgium,team_belgium_eur,France,team_france_eur,scheduled,,2026-09-26T13:26:12Z
match_fmb_unl_2026-27_20260928_northern_ireland_hungary,UEFA Nations League,comp_uefa_nations_league,Nations League,2026/27,2026-09-29,12:15 AM,2026-09-29 00:15:00,2026-09-28T18:45:00Z,Tuesday,Northern Ireland,team_northern_ireland_eur,Hungary,team_hungary_eur,scheduled,,2026-09-26T13:26:12Z
match_fmb_unl_2026-27_20260928_romania_bosnia_and_herzegovina,UEFA Nations League,comp_uefa_nations_league,Nations League,2026/27,2026-09-29,12:15 AM,2026-09-29 00:15:00,2026-09-28T18:45:00Z,Tuesday,Romania,team_romania_eur,Bosnia and Herzegovina,team_bosnia_and_herzegovina_eur,scheduled,,2026-09-26T13:26:12Z
match_fmb_unl_2026-27_20260928_sweden_poland,UEFA Nations League,comp_uefa_nations_league,Nations League,2026/27,2026-09-29,12:15 AM,2026-09-29 00:15:00,2026-09-28T18:45:00Z,Tuesday,Sweden,team_sweden_eur,Poland,team_poland_eur,scheduled,,2026-09-26T13:26:12Z
match_fmb_unl_2026-27_20260928_turkiye_italy,UEFA Nations League,comp_uefa_nations_league,Nations League,2026/27,2026-09-29,12:15 AM,2026-09-29 00:15:00,2026-09-28T18:45:00Z,Tuesday,Turkiye,team_turkiye_eur,Italy,team_italy_eur,scheduled,,2026-09-26T13:26:12Z
match_fmb_unl_2026-27_20260929_finland_belarus,UEFA Nations League,comp_uefa_nations_league,Nations League,2026/27,2026-09-29,09:30 PM,2026-09-29 21:30:00,2026-09-29T16:00:00Z,Tuesday,Finland,team_finland_eur,Belarus,team_belarus_eur,scheduled,,2026-09-26T13:26:12Z
match_fmb_unl_2026-27_20260929_moldova_faroe_islands,UEFA Nations League,comp_uefa_nations_league,Nations League,2026/27,2026-09-29,09:30 PM,2026-09-29 21:30:00,2026-09-29T16:00:00Z,Tuesday,Moldova,team_moldova_eur,Faroe Islands,team_faroe_islands_eur,scheduled,,2026-09-26T13:26:12Z
match_fmb_unl_2026-27_20260929_bulgaria_estonia,UEFA Nations League,comp_uefa_nations_league,Nations League,2026/27,2026-09-30,12:15 AM,2026-09-30 00:15:00,2026-09-29T18:45:00Z,Wednesday,Bulgaria,team_bulgaria_eur,Estonia,team_estonia_eur,scheduled,,2026-09-26T13:26:12Z
match_fmb_unl_2026-27_20260929_czechia_england,UEFA Nations League,comp_uefa_nations_league,Nations League,2026/27,2026-09-30,12:15 AM,2026-09-30 00:15:00,2026-09-29T18:45:00Z,Wednesday,Czechia,team_czechia_eur,England,team_england_eur,scheduled,,2026-09-26T13:26:12Z
match_fmb_unl_2026-27_20260929_luxembourg_iceland,UEFA Nations League,comp_uefa_nations_league,Nations League,2026/27,2026-09-30,12:15 AM,2026-09-30 00:15:00,2026-09-29T18:45:00Z,Wednesday,Luxembourg,team_luxembourg_eur,Iceland,team_iceland_eur,scheduled,,2026-09-26T13:26:12Z
match_fmb_unl_2026-27_20260929_scotland_switzerland,UEFA Nations League,comp_uefa_nations_league,Nations League,2026/27,2026-09-30,12:15 AM,2026-09-30 00:15:00,2026-09-29T18:45:00Z,Wednesday,Scotland,team_scotland_eur,Switzerland,team_switzerland_eur,scheduled,,2026-09-26T13:26:12Z
match_fmb_unl_2026-27_20260929_slovenia_north_macedonia,UEFA Nations League,comp_uefa_nations_league,Nations League,2026/27,2026-09-30,12:15 AM,2026-09-30 00:15:00,2026-09-29T18:45:00Z,Wednesday,Slovenia,team_slovenia_eur,North Macedonia,team_north_macedonia_eur,scheduled,,2026-09-26T13:26:12Z
match_fmb_unl_2026-27_20260929_spain_croatia,UEFA Nations League,comp_uefa_nations_league,Nations League,2026/27,2026-09-30,12:15 AM,2026-09-30 00:15:00,2026-09-29T18:45:00Z,Wednesday,Spain,team_spain_eur,Croatia,team_croatia_eur,scheduled,,2026-09-26T13:26:12Z
match_fmb_de1_2026-27_20261009_borussia_dortmund_werder_bremen,Bundesliga,comp_bundesliga_de,Bundesliga,2026/27,2026-10-10,12:00 AM,2026-10-10 00:00:00,2026-10-09T18:30:00Z,Saturday,Borussia Dortmund,team_borussia_dortmund_de,Werder Bremen,team_werder_bremen_de,scheduled,,2026-09-26T13:26:07Z
match_fmb_fr1_2026-27_20261009_lens_lyon,Ligue 1,comp_ligue_1_fr,Ligue 1,2026/27,2026-10-10,12:15 AM,2026-10-10 00:15:00,2026-10-09T18:45:00Z,Saturday,Lens,team_lens_fr,Lyon,team_lyon_fr,scheduled,,2026-09-26T13:26:08Z
match_fmb_de1_2026-27_20261010_augsburg_bayern_munchen,Bundesliga,comp_bundesliga_de,Bundesliga,2026/27,2026-10-10,07:00 PM,2026-10-10 19:00:00,2026-10-10T13:30:00Z,Saturday,Augsburg,team_augsburg_de,Bayern München,team_bayern_munich_de,scheduled,,2026-09-26T13:26:07Z
match_fmb_de1_2026-27_20261010_hoffenheim_hamburger_sv,Bundesliga,comp_bundesliga_de,Bundesliga,2026/27,2026-10-10,07:00 PM,2026-10-10 19:00:00,2026-10-10T13:30:00Z,Saturday,Hoffenheim,team_hoffenheim_de,Hamburger SV,team_hamburger_de,scheduled,,2026-09-26T13:26:07Z
match_fmb_de1_2026-27_20261010_mainz_05_bayer_leverkusen,Bundesliga,comp_bundesliga_de,Bundesliga,2026/27,2026-10-10,07:00 PM,2026-10-10 19:00:00,2026-10-10T13:30:00Z,Saturday,Mainz 05,team_mainz_05_de,Bayer Leverkusen,team_bayer_leverkusen_de,scheduled,,2026-09-26T13:26:07Z
match_fmb_de1_2026-27_20261010_paderborn_vfb_stuttgart,Bundesliga,comp_bundesliga_de,Bundesliga,2026/27,2026-10-10,07:00 PM,2026-10-10 19:00:00,2026-10-10T13:30:00Z,Saturday,Paderborn,team_paderborn_de,VfB Stuttgart,team_stuttgart_de,scheduled,,2026-09-26T13:26:07Z
match_fmb_de1_2026-27_20261010_union_berlin_elversberg,Bundesliga,comp_bundesliga_de,Bundesliga,2026/27,2026-10-10,07:00 PM,2026-10-10 19:00:00,2026-10-10T13:30:00Z,Saturday,Union Berlin,team_union_berlin_de,Elversberg,team_elversberg_de,scheduled,,2026-09-26T13:26:07Z
match_fmb_fr1_2026-27_20261010_lille_le_havre,Ligue 1,comp_ligue_1_fr,Ligue 1,2026/27,2026-10-10,08:45 PM,2026-10-10 20:45:00,2026-10-10T15:15:00Z,Saturday,Lille,team_lille_fr,Le Havre,team_le_havre_fr,scheduled,,2026-09-26T13:26:08Z
match_fmb_de1_2026-27_20261010_rb_leipzig_eintracht_frankfurt,Bundesliga,comp_bundesliga_de,Bundesliga,2026/27,2026-10-10,10:00 PM,2026-10-10 22:00:00,2026-10-10T16:30:00Z,Saturday,RB Leipzig,team_rb_leipzig_de,Eintracht Frankfurt,team_eintracht_frankfurt_de,scheduled,,2026-09-26T13:26:07Z
match_fmb_fr1_2026-27_20261010_brest_angers,Ligue 1,comp_ligue_1_fr,Ligue 1,2026/27,2026-10-11,12:15 AM,2026-10-11 00:15:00,2026-10-10T18:45:00Z,Sunday,Brest,team_brest_fr,Angers,team_angers_fr,scheduled,,2026-09-26T13:26:08Z
match_fmb_fr1_2026-27_20261010_lorient_paris_fc,Ligue 1,comp_ligue_1_fr,Ligue 1,2026/27,2026-10-11,12:15 AM,2026-10-11 00:15:00,2026-10-10T18:45:00Z,Sunday,Lorient,team_lorient_fr,Paris FC,team_paris_fr,scheduled,,2026-09-26T13:26:08Z
match_fmb_fr1_2026-27_20261010_monaco_toulouse,Ligue 1,comp_ligue_1_fr,Ligue 1,2026/27,2026-10-11,12:15 AM,2026-10-11 00:15:00,2026-10-10T18:45:00Z,Sunday,Monaco,team_monaco_fr,Toulouse,team_toulouse_fr,scheduled,,2026-09-26T13:26:08Z
match_fmb_de1_2026-27_20261011_1_fc_koln_borussia_monchengladbach,Bundesliga,comp_bundesliga_de,Bundesliga,2026/27,2026-10-11,07:00 PM,2026-10-11 19:00:00,2026-10-11T13:30:00Z,Sunday,1. FC Köln,team_koln_de,Borussia Mönchengladbach,team_borussia_m_gladbach_de,scheduled,,2026-09-26T13:26:07Z
match_fmb_de1_2026-27_20261011_freiburg_schalke_04,Bundesliga,comp_bundesliga_de,Bundesliga,2026/27,2026-10-11,09:00 PM,2026-10-11 21:00:00,2026-10-11T15:30:00Z,Sunday,Freiburg,team_freiburg_de,Schalke 04,team_schalke_04_de,scheduled,,2026-09-26T13:26:07Z
match_fmb_ucl_2026-27_20261013_lens_sporting_cp,Champions League,comp_uefa_champions_league,UCL,2026/27,2026-10-13,10:15 PM,2026-10-13 22:15:00,2026-10-13T16:45:00Z,Tuesday,Lens,team_lens_eur,Sporting CP,team_sporting_cp_eur,scheduled,,2026-09-26T13:26:09Z
match_fmb_ucl_2026-27_20261013_sabah_fk_slavia_prague,Champions League,comp_uefa_champions_league,UCL,2026/27,2026-10-13,10:15 PM,2026-10-13 22:15:00,2026-10-13T16:45:00Z,Tuesday,Sabah FK,team_sabah_eur,Slavia Prague,team_slavia_prague_eur,scheduled,,2026-09-26T13:26:09Z
match_fmb_ucl_2026-27_20261013_arsenal_lille,Champions League,comp_uefa_champions_league,UCL,2026/27,2026-10-14,12:30 AM,2026-10-14 00:30:00,2026-10-13T19:00:00Z,Wednesday,Arsenal,team_arsenal_eur,Lille,team_lille_eur,scheduled,,2026-09-26T13:26:09Z
match_fmb_ucl_2026-27_20261013_atletico_madrid_manchester_united,Champions League,comp_uefa_champions_league,UCL,2026/27,2026-10-14,12:30 AM,2026-10-14 00:30:00,2026-10-13T19:00:00Z,Wednesday,Atlético Madrid,team_atletico_madrid_eur,Manchester United,team_manchester_united_eur,scheduled,,2026-09-26T13:26:09Z
match_fmb_ucl_2026-27_20261013_galatasaray_barcelona,Champions League,comp_uefa_champions_league,UCL,2026/27,2026-10-14,12:30 AM,2026-10-14 00:30:00,2026-10-13T19:00:00Z,Wednesday,Galatasaray,team_galatasaray_eur,Barcelona,team_barcelona_eur,scheduled,,2026-09-26T13:26:09Z
match_fmb_ucl_2026-27_20261013_inter_club_brugge,Champions League,comp_uefa_champions_league,UCL,2026/27,2026-10-14,12:30 AM,2026-10-14 00:30:00,2026-10-13T19:00:00Z,Wednesday,Inter,team_inter_eur,Club Brugge,team_brugge_eur,scheduled,,2026-09-26T13:26:09Z
match_fmb_ucl_2026-27_20261013_rb_leipzig_psv_eindhoven,Champions League,comp_uefa_champions_league,UCL,2026/27,2026-10-14,12:30 AM,2026-10-14 00:30:00,2026-10-13T19:00:00Z,Wednesday,RB Leipzig,team_rb_leipzig_eur,PSV Eindhoven,team_psv_eindhoven_eur,scheduled,,2026-09-26T13:26:09Z
match_fmb_ucl_2026-27_20261013_viking_bayern_munchen,Champions League,comp_uefa_champions_league,UCL,2026/27,2026-10-14,12:30 AM,2026-10-14 00:30:00,2026-10-13T19:00:00Z,Wednesday,Viking,team_viking_eur,Bayern München,team_bayern_munich_eur,scheduled,,2026-09-26T13:26:09Z
match_fmb_ucl_2026-27_20261013_villarreal_napoli,Champions League,comp_uefa_champions_league,UCL,2026/27,2026-10-14,12:30 AM,2026-10-14 00:30:00,2026-10-13T19:00:00Z,Wednesday,Villarreal,team_villarreal_eur,Napoli,team_napoli_eur,scheduled,,2026-09-26T13:26:09Z
match_fmb_ucl_2026-27_20261014_feyenoord_como,Champions League,comp_uefa_champions_league,UCL,2026/27,2026-10-14,10:15 PM,2026-10-14 22:15:00,2026-10-14T16:45:00Z,Wednesday,Feyenoord,team_feyenoord_eur,Como,team_como_eur,scheduled,,2026-09-26T13:26:09Z
match_fmb_ucl_2026-27_20261014_lask_liverpool,Champions League,comp_uefa_champions_league,UCL,2026/27,2026-10-14,10:15 PM,2026-10-14 22:15:00,2026-10-14T16:45:00Z,Wednesday,LASK,team_lask_eur,Liverpool,team_liverpool_eur,scheduled,,2026-09-26T13:26:09Z
match_fmb_ucl_2026-27_20261014_aston_villa_fenerbahce,Champions League,comp_uefa_champions_league,UCL,2026/27,2026-10-15,12:30 AM,2026-10-15 00:30:00,2026-10-14T19:00:00Z,Thursday,Aston Villa,team_aston_villa_eur,Fenerbahçe,team_fenerbahce_eur,scheduled,,2026-09-26T13:26:09Z
match_fmb_ucl_2026-27_20261014_bod_glimt_borussia_dortmund,Champions League,comp_uefa_champions_league,UCL,2026/27,2026-10-15,12:30 AM,2026-10-15 00:30:00,2026-10-14T19:00:00Z,Thursday,Bodø/Glimt,team_bod_glimt_eur,Borussia Dortmund,team_borussia_dortmund_eur,scheduled,,2026-09-26T13:26:09Z
match_fmb_ucl_2026-27_20261014_manchester_city_paris_saint_germain,Champions League,comp_uefa_champions_league,UCL,2026/27,2026-10-15,12:30 AM,2026-10-15 00:30:00,2026-10-14T19:00:00Z,Thursday,Manchester City,team_manchester_city_eur,Paris Saint-Germain,team_paris_saint_germain_eur,scheduled,,2026-09-26T13:26:09Z
match_fmb_ucl_2026-27_20261014_real_betis_fc_porto,Champions League,comp_uefa_champions_league,UCL,2026/27,2026-10-15,12:30 AM,2026-10-15 00:30:00,2026-10-14T19:00:00Z,Thursday,Real Betis,team_real_betis_eur,FC Porto,team_porto_eur,scheduled,,2026-09-26T13:26:09Z
match_fmb_ucl_2026-27_20261014_roma_real_madrid,Champions League,comp_uefa_champions_league,UCL,2026/27,2026-10-15,12:30 AM,2026-10-15 00:30:00,2026-10-14T19:00:00Z,Thursday,Roma,team_roma_eur,Real Madrid,team_real_madrid_eur,scheduled,,2026-09-26T13:26:09Z
match_fmb_ucl_2026-27_20261014_shakhtar_donetsk_aek_athens,Champions League,comp_uefa_champions_league,UCL,2026/27,2026-10-15,12:30 AM,2026-10-15 00:30:00,2026-10-14T19:00:00Z,Thursday,Shakhtar Donetsk,team_shakhtar_donetsk_eur,AEK Athens,team_aek_athens_eur,scheduled,,2026-09-26T13:26:09Z
match_fmb_ucl_2026-27_20261014_slovan_bratislava_vfb_stuttgart,Champions League,comp_uefa_champions_league,UCL,2026/27,2026-10-15,12:30 AM,2026-10-15 00:30:00,2026-10-14T19:00:00Z,Thursday,Slovan Bratislava,team_slovan_bratislava_eur,VfB Stuttgart,team_stuttgart_eur,scheduled,,2026-09-26T13:26:09Z
match_fmb_uecl_2026-27_20261015_cska_sofia_monaco,Conference League,comp_uefa_conference_league,UECL,2026/27,2026-10-15,10:15 PM,2026-10-15 22:15:00,2026-10-15T16:45:00Z,Thursday,CSKA Sofia,team_cska_sofia_eur,Monaco,team_monaco_eur,scheduled,,2026-09-26T13:26:10Z
match_fmb_uecl_2026-27_20261015_egnatia_fc_midtjylland,Conference League,comp_uefa_conference_league,UECL,2026/27,2026-10-15,10:15 PM,2026-10-15 22:15:00,2026-10-15T16:45:00Z,Thursday,Egnatia,team_egnatia_eur,FC Midtjylland,team_midtjylland_eur,scheduled,,2026-09-26T13:26:10Z
match_fmb_uecl_2026-27_20261015_gent_agf,Conference League,comp_uefa_conference_league,UECL,2026/27,2026-10-15,10:15 PM,2026-10-15 22:15:00,2026-10-15T16:45:00Z,Thursday,Gent,team_gent_eur,AGF,team_agf_eur,scheduled,,2026-09-26T13:26:10Z
match_fmb_uecl_2026-27_20261015_hajduk_split_ajax,Conference League,comp_uefa_conference_league,UECL,2026/27,2026-10-15,10:15 PM,2026-10-15 22:15:00,2026-10-15T16:45:00Z,Thursday,Hajduk Split,team_hajduk_split_eur,Ajax,team_ajax_eur,scheduled,,2026-09-26T13:26:10Z
match_fmb_uecl_2026-27_20261015_kups_trabzonspor,Conference League,comp_uefa_conference_league,UECL,2026/27,2026-10-15,10:15 PM,2026-10-15 22:15:00,2026-10-15T16:45:00Z,Thursday,KuPS,team_kups_eur,Trabzonspor,team_trabzonspor_eur,scheduled,,2026-09-26T13:26:10Z
match_fmb_uecl_2026-27_20261015_lugano_fk_crvena_zvezda,Conference League,comp_uefa_conference_league,UECL,2026/27,2026-10-15,10:15 PM,2026-10-15 22:15:00,2026-10-15T16:45:00Z,Thursday,Lugano,team_lugano_eur,FK Crvena Zvezda,team_crvena_zvezda_eur,scheduled,,2026-09-26T13:26:10Z
match_fmb_uecl_2026-27_20261015_mjallby_inter_club_d_escaldes,Conference League,comp_uefa_conference_league,UECL,2026/27,2026-10-15,10:15 PM,2026-10-15 22:15:00,2026-10-15T16:45:00Z,Thursday,Mjällby,team_mjallby_eur,Inter Club d'Escaldes,team_inter_d_escaldes_eur,scheduled,,2026-09-26T13:26:10Z
match_fmb_uecl_2026-27_20261015_panathinaikos_borac_banja_luka,Conference League,comp_uefa_conference_league,UECL,2026/27,2026-10-15,10:15 PM,2026-10-15 22:15:00,2026-10-15T16:45:00Z,Thursday,Panathinaikos,team_panathinaikos_eur,Borac Banja Luka,team_borac_banja_luka_eur,scheduled,,2026-09-26T13:26:10Z
match_fmb_uecl_2026-27_20261015_riga_fc_kairat_almaty,Conference League,comp_uefa_conference_league,UECL,2026/27,2026-10-15,10:15 PM,2026-10-15 22:15:00,2026-10-15T16:45:00Z,Thursday,Riga FC,team_riga_eur,Kairat Almaty,team_kairat_almaty_eur,scheduled,,2026-09-26T13:26:10Z
match_fmb_uecl_2026-27_20261015_universitatea_craiova_getafe,Conference League,comp_uefa_conference_league,UECL,2026/27,2026-10-15,10:15 PM,2026-10-15 22:15:00,2026-10-15T16:45:00Z,Thursday,Universitatea Craiova,team_universitatea_craiova_eur,Getafe,team_getafe_eur,scheduled,,2026-09-26T13:26:10Z
match_fmb_uel_2026-27_20261015_az_alkmaar_hapoel_beer_sheva,Europa League,comp_uefa_europa_league,UEL,2026/27,2026-10-15,10:15 PM,2026-10-15 22:15:00,2026-10-15T16:45:00Z,Thursday,AZ Alkmaar,team_az_alkmaar_eur,Hapoel Beer Sheva,team_hapoel_beer_sheva_eur,scheduled,,2026-09-26T13:26:09Z
match_fmb_uel_2026-27_20261015_lech_poznan_bayer_leverkusen,Europa League,comp_uefa_europa_league,UEL,2026/27,2026-10-15,10:15 PM,2026-10-15 22:15:00,2026-10-15T16:45:00Z,Thursday,Lech Poznań,team_lech_poznan_eur,Bayer Leverkusen,team_bayer_leverkusen_eur,scheduled,,2026-09-26T13:26:09Z
match_fmb_uel_2026-27_20261015_lyon_crystal_palace,Europa League,comp_uefa_europa_league,UEL,2026/27,2026-10-15,10:15 PM,2026-10-15 22:15:00,2026-10-15T16:45:00Z,Thursday,Lyon,team_lyon_eur,Crystal Palace,team_crystal_palace_eur,scheduled,,2026-09-26T13:26:09Z
match_fmb_uel_2026-27_20261015_nk_celje_omonia_nicosia,Europa League,comp_uefa_europa_league,UEL,2026/27,2026-10-15,10:15 PM,2026-10-15 22:15:00,2026-10-15T16:45:00Z,Thursday,NK Celje,team_nk_celje_eur,Omonia Nicosia,team_omonia_nicosia_eur,scheduled,,2026-09-26T13:26:09Z
match_fmb_uel_2026-27_20261015_salzburg_milan,Europa League,comp_uefa_europa_league,UEL,2026/27,2026-10-15,10:15 PM,2026-10-15 22:15:00,2026-10-15T16:45:00Z,Thursday,Salzburg,team_salzburg_eur,Milan,team_milan_eur,scheduled,,2026-09-26T13:26:09Z
match_fmb_uel_2026-27_20261015_sparta_prague_lillestr_m,Europa League,comp_uefa_europa_league,UEL,2026/27,2026-10-15,10:15 PM,2026-10-15 22:15:00,2026-10-15T16:45:00Z,Thursday,Sparta Prague,team_sparta_prague_eur,Lillestrøm,team_lillestr_m_eur,scheduled,,2026-09-26T13:26:09Z
match_fmb_uel_2026-27_20261015_torreense_sunderland,Europa League,comp_uefa_europa_league,UEL,2026/27,2026-10-15,10:15 PM,2026-10-15 22:15:00,2026-10-15T16:45:00Z,Thursday,Torreense,team_torreense_eur,Sunderland,team_sunderland_eur,scheduled,,2026-09-26T13:26:09Z
match_fmb_uel_2026-27_20261015_union_st_gilloise_real_sociedad,Europa League,comp_uefa_europa_league,UEL,2026/27,2026-10-15,10:15 PM,2026-10-15 22:15:00,2026-10-15T16:45:00Z,Thursday,Union St.Gilloise,team_union_st_gilloise_eur,Real Sociedad,team_real_sociedad_eur,scheduled,,2026-09-26T13:26:09Z
match_fmb_uecl_2026-27_20261015_atalanta_pafos_fc,Conference League,comp_uefa_conference_league,UECL,2026/27,2026-10-16,12:30 AM,2026-10-16 00:30:00,2026-10-15T19:00:00Z,Friday,Atalanta,team_atalanta_eur,Pafos FC,team_pafos_eur,scheduled,,2026-09-26T13:26:10Z
match_fmb_uecl_2026-27_20261015_brann_lincoln_red_imps_fc,Conference League,comp_uefa_conference_league,UECL,2026/27,2026-10-16,12:30 AM,2026-10-16 00:30:00,2026-10-15T19:00:00Z,Friday,Brann,team_brann_eur,Lincoln Red Imps FC,team_lincoln_red_imps_eur,scheduled,,2026-09-26T13:26:10Z
match_fmb_uecl_2026-27_20261015_brighton_hove_albion_fk_kauno_zalgiris,Conference League,comp_uefa_conference_league,UECL,2026/27,2026-10-16,12:30 AM,2026-10-16 00:30:00,2026-10-15T19:00:00Z,Friday,Brighton & Hove Albion,team_brighton_and_hove_albion_eur,FK Kauno Žalgiris,team_kauno_zalgiris_eur,scheduled,,2026-09-26T13:26:10Z
match_fmb_uecl_2026-27_20261015_fc_k_benhavn_braga,Conference League,comp_uefa_conference_league,UECL,2026/27,2026-10-16,12:30 AM,2026-10-16 00:30:00,2026-10-15T19:00:00Z,Friday,FC København,team_k_benhavn_eur,Braga,team_braga_eur,scheduled,,2026-09-26T13:26:10Z
match_fmb_uecl_2026-27_20261015_fc_twente_thun,Conference League,comp_uefa_conference_league,UECL,2026/27,2026-10-16,12:30 AM,2026-10-16 00:30:00,2026-10-15T19:00:00Z,Friday,FC Twente,team_twente_eur,Thun,team_thun_eur,scheduled,,2026-09-26T13:26:10Z
match_fmb_uecl_2026-27_20261015_freiburg_jablonec,Conference League,comp_uefa_conference_league,UECL,2026/27,2026-10-16,12:30 AM,2026-10-16 00:30:00,2026-10-15T19:00:00Z,Friday,Freiburg,team_freiburg_eur,Jablonec,team_jablonec_eur,scheduled,,2026-09-26T13:26:10Z
match_fmb_uecl_2026-27_20261015_heart_of_midlothian_nordsj_lland,Conference League,comp_uefa_conference_league,UECL,2026/27,2026-10-16,12:30 AM,2026-10-16 00:30:00,2026-10-15T19:00:00Z,Friday,Heart of Midlothian,team_heart_of_midlothian_eur,Nordsjælland,team_nordsj_lland_eur,scheduled,,2026-09-26T13:26:10Z
match_fmb_uecl_2026-27_20261015_st_truiden_iberia_1999,Conference League,comp_uefa_conference_league,UECL,2026/27,2026-10-16,12:30 AM,2026-10-16 00:30:00,2026-10-15T19:00:00Z,Friday,St.Truiden,team_st_truiden_eur,Iberia 1999,team_iberia_1999_eur,scheduled,,2026-09-26T13:26:10Z
match_fmb_uel_2026-27_20261015_afc_bournemouth_sturm_graz,Europa League,comp_uefa_europa_league,UEL,2026/27,2026-10-16,12:30 AM,2026-10-16 00:30:00,2026-10-15T19:00:00Z,Friday,AFC Bournemouth,team_afc_bournemouth_eur,Sturm Graz,team_sturm_graz_eur,scheduled,,2026-09-26T13:26:09Z
match_fmb_uel_2026-27_20261015_benfica_celtic,Europa League,comp_uefa_europa_league,UEL,2026/27,2026-10-16,12:30 AM,2026-10-16 00:30:00,2026-10-15T19:00:00Z,Friday,Benfica,team_benfica_eur,Celtic,team_celtic_eur,scheduled,,2026-09-26T13:26:09Z
match_fmb_uel_2026-27_20261015_celta_vigo_juventus,Europa League,comp_uefa_europa_league,UEL,2026/27,2026-10-16,12:30 AM,2026-10-16 00:30:00,2026-10-15T19:00:00Z,Friday,Celta Vigo,team_celta_vigo_eur,Juventus,team_juventus_eur,scheduled,,2026-09-26T13:26:09Z
match_fmb_uel_2026-27_20261015_dinamo_zagreb_anderlecht,Europa League,comp_uefa_europa_league,UEL,2026/27,2026-10-16,12:30 AM,2026-10-16 00:30:00,2026-10-15T19:00:00Z,Friday,Dinamo Zagreb,team_dinamo_zagreb_eur,Anderlecht,team_anderlecht_eur,scheduled,,2026-09-26T13:26:09Z
match_fmb_uel_2026-27_20261015_ferencvaros_viktoria_plzen,Europa League,comp_uefa_europa_league,UEL,2026/27,2026-10-16,12:30 AM,2026-10-16 00:30:00,2026-10-15T19:00:00Z,Friday,Ferencváros,team_ferencvaros_eur,Viktoria Plzeň,team_viktoria_plzen_eur,scheduled,,2026-09-26T13:26:09Z
match_fmb_uel_2026-27_20261015_hoffenheim_besiktas,Europa League,comp_uefa_europa_league,UEL,2026/27,2026-10-16,12:30 AM,2026-10-16 00:30:00,2026-10-15T19:00:00Z,Friday,Hoffenheim,team_hoffenheim_eur,Beşiktaş,team_besiktas_eur,scheduled,,2026-09-26T13:26:09Z
match_fmb_uel_2026-27_20261015_jagiellonia_bia_ystok_ararat_armenia,Europa League,comp_uefa_europa_league,UEL,2026/27,2026-10-16,12:30 AM,2026-10-16 00:30:00,2026-10-15T19:00:00Z,Friday,Jagiellonia Białystok,team_jagiellonia_bia_ystok_eur,Ararat Armenia,team_ararat_armenia_eur,scheduled,,2026-09-26T13:26:09Z
match_fmb_uel_2026-27_20261015_marseille_olympiacos,Europa League,comp_uefa_europa_league,UEL,2026/27,2026-10-16,12:30 AM,2026-10-16 00:30:00,2026-10-15T19:00:00Z,Friday,Marseille,team_marseille_eur,Olympiacos,team_olympiacos_eur,scheduled,,2026-09-26T13:26:09Z
match_fmb_uel_2026-27_20261015_nec_nijmegen_levski_sofia,Europa League,comp_uefa_europa_league,UEL,2026/27,2026-10-16,12:30 AM,2026-10-16 00:30:00,2026-10-15T19:00:00Z,Friday,NEC Nijmegen,team_nec_nijmegen_eur,Levski Sofia,team_levski_sofia_eur,scheduled,,2026-09-26T13:26:09Z
match_fmb_uel_2026-27_20261015_rennes_ofi_crete,Europa League,comp_uefa_europa_league,UEL,2026/27,2026-10-16,12:30 AM,2026-10-16 00:30:00,2026-10-15T19:00:00Z,Friday,Rennes,team_rennes_eur,OFI Crete,team_ofi_crete_eur,scheduled,,2026-09-26T13:26:09Z
match_fmb_de1_2026-27_20261016_eintracht_frankfurt_1_fc_koln,Bundesliga,comp_bundesliga_de,Bundesliga,2026/27,2026-10-17,12:00 AM,2026-10-17 00:00:00,2026-10-16T18:30:00Z,Saturday,Eintracht Frankfurt,team_eintracht_frankfurt_de,1. FC Köln,team_koln_de,scheduled,,2026-09-26T13:26:07Z
match_fmb_de1_2026-27_20261017_elversberg_augsburg,Bundesliga,comp_bundesliga_de,Bundesliga,2026/27,2026-10-17,07:00 PM,2026-10-17 19:00:00,2026-10-17T13:30:00Z,Saturday,Elversberg,team_elversberg_de,Augsburg,team_augsburg_de,scheduled,,2026-09-26T13:26:07Z
match_fmb_de1_2026-27_20261017_hamburger_sv_vfb_stuttgart,Bundesliga,comp_bundesliga_de,Bundesliga,2026/27,2026-10-17,07:00 PM,2026-10-17 19:00:00,2026-10-17T13:30:00Z,Saturday,Hamburger SV,team_hamburger_de,VfB Stuttgart,team_stuttgart_de,scheduled,,2026-09-26T13:26:07Z
match_fmb_de1_2026-27_20261017_schalke_04_mainz_05,Bundesliga,comp_bundesliga_de,Bundesliga,2026/27,2026-10-17,07:00 PM,2026-10-17 19:00:00,2026-10-17T13:30:00Z,Saturday,Schalke 04,team_schalke_04_de,Mainz 05,team_mainz_05_de,scheduled,,2026-09-26T13:26:07Z
match_fmb_de1_2026-27_20261017_union_berlin_borussia_dortmund,Bundesliga,comp_bundesliga_de,Bundesliga,2026/27,2026-10-17,07:00 PM,2026-10-17 19:00:00,2026-10-17T13:30:00Z,Saturday,Union Berlin,team_union_berlin_de,Borussia Dortmund,team_borussia_dortmund_de,scheduled,,2026-09-26T13:26:07Z
match_fmb_ucl_2026-27_20261020_fenerbahce_slavia_prague,Champions League,comp_uefa_champions_league,UCL,2026/27,2026-10-20,10:15 PM,2026-10-20 22:15:00,2026-10-20T16:45:00Z,Tuesday,Fenerbahçe,team_fenerbahce_eur,Slavia Prague,team_slavia_prague_eur,scheduled,,2026-09-26T13:26:09Z
match_fmb_ucl_2026-27_20261020_sabah_fk_borussia_dortmund,Champions League,comp_uefa_champions_league,UCL,2026/27,2026-10-20,10:15 PM,2026-10-20 22:15:00,2026-10-20T16:45:00Z,Tuesday,Sabah FK,team_sabah_eur,Borussia Dortmund,team_borussia_dortmund_eur,scheduled,,2026-09-26T13:26:09Z
match_fmb_ucl_2026-27_20261020_fc_porto_psv_eindhoven,Champions League,comp_uefa_champions_league,UCL,2026/27,2026-10-21,12:30 AM,2026-10-21 00:30:00,2026-10-20T19:00:00Z,Wednesday,FC Porto,team_porto_eur,PSV Eindhoven,team_psv_eindhoven_eur,scheduled,,2026-09-26T13:26:09Z
match_fmb_ucl_2026-27_20261020_liverpool_villarreal,Champions League,comp_uefa_champions_league,UCL,2026/27,2026-10-21,12:30 AM,2026-10-21 00:30:00,2026-10-20T19:00:00Z,Wednesday,Liverpool,team_liverpool_eur,Villarreal,team_villarreal_eur,scheduled,,2026-09-26T13:26:09Z
match_fmb_ucl_2026-27_20261020_manchester_city_aek_athens,Champions League,comp_uefa_champions_league,UCL,2026/27,2026-10-21,12:30 AM,2026-10-21 00:30:00,2026-10-20T19:00:00Z,Wednesday,Manchester City,team_manchester_city_eur,AEK Athens,team_aek_athens_eur,scheduled,,2026-09-26T13:26:09Z
match_fmb_ucl_2026-27_20261020_napoli_bod_glimt,Champions League,comp_uefa_champions_league,UCL,2026/27,2026-10-21,12:30 AM,2026-10-21 00:30:00,2026-10-20T19:00:00Z,Wednesday,Napoli,team_napoli_eur,Bodø/Glimt,team_bod_glimt_eur,scheduled,,2026-09-26T13:26:09Z
match_fmb_ucl_2026-27_20261020_paris_saint_germain_barcelona,Champions League,comp_uefa_champions_league,UCL,2026/27,2026-10-21,12:30 AM,2026-10-21 00:30:00,2026-10-20T19:00:00Z,Wednesday,Paris Saint-Germain,team_paris_saint_germain_eur,Barcelona,team_barcelona_eur,scheduled,,2026-09-26T13:26:09Z
match_fmb_ucl_2026-27_20261020_roma_slovan_bratislava,Champions League,comp_uefa_champions_league,UCL,2026/27,2026-10-21,12:30 AM,2026-10-21 00:30:00,2026-10-20T19:00:00Z,Wednesday,Roma,team_roma_eur,Slovan Bratislava,team_slovan_bratislava_eur,scheduled,,2026-09-26T13:26:09Z
match_fmb_ucl_2026-27_20261020_vfb_stuttgart_atletico_madrid,Champions League,comp_uefa_champions_league,UCL,2026/27,2026-10-21,12:30 AM,2026-10-21 00:30:00,2026-10-20T19:00:00Z,Wednesday,VfB Stuttgart,team_stuttgart_eur,Atlético Madrid,team_atletico_madrid_eur,scheduled,,2026-09-26T13:26:09Z
match_fmb_ucl_2026-27_20261021_como_manchester_united,Champions League,comp_uefa_champions_league,UCL,2026/27,2026-10-21,10:15 PM,2026-10-21 22:15:00,2026-10-21T16:45:00Z,Wednesday,Como,team_como_eur,Manchester United,team_manchester_united_eur,scheduled,,2026-09-26T13:26:09Z
match_fmb_ucl_2026-27_20261021_lille_galatasaray,Champions League,comp_uefa_champions_league,UCL,2026/27,2026-10-21,10:15 PM,2026-10-21 22:15:00,2026-10-21T16:45:00Z,Wednesday,Lille,team_lille_eur,Galatasaray,team_galatasaray_eur,scheduled,,2026-09-26T13:26:09Z
match_fmb_ucl_2026-27_20261021_aston_villa_viking,Champions League,comp_uefa_champions_league,UCL,2026/27,2026-10-22,12:30 AM,2026-10-22 00:30:00,2026-10-21T19:00:00Z,Thursday,Aston Villa,team_aston_villa_eur,Viking,team_viking_eur,scheduled,,2026-09-26T13:26:09Z
match_fmb_ucl_2026-27_20261021_bayern_munchen_arsenal,Champions League,comp_uefa_champions_league,UCL,2026/27,2026-10-22,12:30 AM,2026-10-22 00:30:00,2026-10-21T19:00:00Z,Thursday,Bayern München,team_bayern_munich_eur,Arsenal,team_arsenal_eur,scheduled,,2026-09-26T13:26:09Z
match_fmb_ucl_2026-27_20261021_club_brugge_lens,Champions League,comp_uefa_champions_league,UCL,2026/27,2026-10-22,12:30 AM,2026-10-22 00:30:00,2026-10-21T19:00:00Z,Thursday,Club Brugge,team_brugge_eur,Lens,team_lens_eur,scheduled,,2026-09-26T13:26:09Z
match_fmb_uecl_2026-27_20261022_kairat_almaty_panathinaikos,Conference League,comp_uefa_conference_league,UECL,2026/27,2026-10-22,08:00 PM,2026-10-22 20:00:00,2026-10-22T14:30:00Z,Thursday,Kairat Almaty,team_kairat_almaty_eur,Panathinaikos,team_panathinaikos_eur,scheduled,,2026-09-26T13:26:10Z
match_fmb_uecl_2026-27_20261022_fk_crvena_zvezda_fc_k_benhavn,Conference League,comp_uefa_conference_league,UECL,2026/27,2026-10-22,10:15 PM,2026-10-22 22:15:00,2026-10-22T16:45:00Z,Thursday,FK Crvena Zvezda,team_crvena_zvezda_eur,FC København,team_k_benhavn_eur,scheduled,,2026-09-26T13:26:10Z
match_fmb_uecl_2026-27_20261022_fk_kauno_zalgiris_brann,Conference League,comp_uefa_conference_league,UECL,2026/27,2026-10-22,10:15 PM,2026-10-22 22:15:00,2026-10-22T16:45:00Z,Thursday,FK Kauno Žalgiris,team_kauno_zalgiris_eur,Brann,team_brann_eur,scheduled,,2026-09-26T13:26:10Z
match_fmb_uecl_2026-27_20261022_getafe_lugano,Conference League,comp_uefa_conference_league,UECL,2026/27,2026-10-22,10:15 PM,2026-10-22 22:15:00,2026-10-22T16:45:00Z,Thursday,Getafe,team_getafe_eur,Lugano,team_lugano_eur,scheduled,,2026-09-26T13:26:10Z
match_fmb_uecl_2026-27_20261022_iberia_1999_mjallby,Conference League,comp_uefa_conference_league,UECL,2026/27,2026-10-22,10:15 PM,2026-10-22 22:15:00,2026-10-22T16:45:00Z,Thursday,Iberia 1999,team_iberia_1999_eur,Mjällby,team_mjallby_eur,scheduled,,2026-09-26T13:26:10Z
match_fmb_uecl_2026-27_20261022_inter_club_d_escaldes_universitatea_craiova,Conference League,comp_uefa_conference_league,UECL,2026/27,2026-10-22,10:15 PM,2026-10-22 22:15:00,2026-10-22T16:45:00Z,Thursday,Inter Club d'Escaldes,team_inter_d_escaldes_eur,Universitatea Craiova,team_universitatea_craiova_eur,scheduled,,2026-09-26T13:26:10Z
match_fmb_uecl_2026-27_20261022_jablonec_brighton_hove_albion,Conference League,comp_uefa_conference_league,UECL,2026/27,2026-10-22,10:15 PM,2026-10-22 22:15:00,2026-10-22T16:45:00Z,Thursday,Jablonec,team_jablonec_eur,Brighton & Hove Albion,team_brighton_and_hove_albion_eur,scheduled,,2026-09-26T13:26:10Z
match_fmb_uecl_2026-27_20261022_nordsj_lland_cska_sofia,Conference League,comp_uefa_conference_league,UECL,2026/27,2026-10-22,10:15 PM,2026-10-22 22:15:00,2026-10-22T16:45:00Z,Thursday,Nordsjælland,team_nordsj_lland_eur,CSKA Sofia,team_cska_sofia_eur,scheduled,,2026-09-26T13:26:10Z
match_fmb_uecl_2026-27_20261022_pafos_fc_riga_fc,Conference League,comp_uefa_conference_league,UECL,2026/27,2026-10-22,10:15 PM,2026-10-22 22:15:00,2026-10-22T16:45:00Z,Thursday,Pafos FC,team_pafos_eur,Riga FC,team_riga_eur,scheduled,,2026-09-26T13:26:10Z
match_fmb_uecl_2026-27_20261022_trabzonspor_heart_of_midlothian,Conference League,comp_uefa_conference_league,UECL,2026/27,2026-10-22,10:15 PM,2026-10-22 22:15:00,2026-10-22T16:45:00Z,Thursday,Trabzonspor,team_trabzonspor_eur,Heart of Midlothian,team_heart_of_midlothian_eur,scheduled,,2026-09-26T13:26:10Z
match_fmb_uel_2026-27_20261022_ararat_armenia_az_alkmaar,Europa League,comp_uefa_europa_league,UEL,2026/27,2026-10-22,10:15 PM,2026-10-22 22:15:00,2026-10-22T16:45:00Z,Thursday,Ararat Armenia,team_ararat_armenia_eur,AZ Alkmaar,team_az_alkmaar_eur,scheduled,,2026-09-26T13:26:09Z
match_fmb_uel_2026-27_20261022_dinamo_zagreb_nec_nijmegen,Europa League,comp_uefa_europa_league,UEL,2026/27,2026-10-22,10:15 PM,2026-10-22 22:15:00,2026-10-22T16:45:00Z,Thursday,Dinamo Zagreb,team_dinamo_zagreb_eur,NEC Nijmegen,team_nec_nijmegen_eur,scheduled,,2026-09-26T13:26:09Z
match_fmb_uel_2026-27_20261022_ferencvaros_torreense,Europa League,comp_uefa_europa_league,UEL,2026/27,2026-10-22,10:15 PM,2026-10-22 22:15:00,2026-10-22T16:45:00Z,Thursday,Ferencváros,team_ferencvaros_eur,Torreense,team_torreense_eur,scheduled,,2026-09-26T13:26:09Z
match_fmb_uel_2026-27_20261022_juventus_rennes,Europa League,comp_uefa_europa_league,UEL,2026/27,2026-10-22,10:15 PM,2026-10-22 22:15:00,2026-10-22T16:45:00Z,Thursday,Juventus,team_juventus_eur,Rennes,team_rennes_eur,scheduled,,2026-09-26T13:26:09Z
match_fmb_uel_2026-27_20261022_lech_poznan_sunderland,Europa League,comp_uefa_europa_league,UEL,2026/27,2026-10-22,10:15 PM,2026-10-22 22:15:00,2026-10-22T16:45:00Z,Thursday,Lech Poznań,team_lech_poznan_eur,Sunderland,team_sunderland_eur,scheduled,,2026-09-26T13:26:09Z
match_fmb_uel_2026-27_20261022_ofi_crete_bayer_leverkusen,Europa League,comp_uefa_europa_league,UEL,2026/27,2026-10-22,10:15 PM,2026-10-22 22:15:00,2026-10-22T16:45:00Z,Thursday,OFI Crete,team_ofi_crete_eur,Bayer Leverkusen,team_bayer_leverkusen_eur,scheduled,,2026-09-26T13:26:09Z
match_fmb_uel_2026-27_20261022_sturm_graz_marseille,Europa League,comp_uefa_europa_league,UEL,2026/27,2026-10-22,10:15 PM,2026-10-22 22:15:00,2026-10-22T16:45:00Z,Thursday,Sturm Graz,team_sturm_graz_eur,Marseille,team_marseille_eur,scheduled,,2026-09-26T13:26:09Z
match_fmb_uel_2026-27_20261022_union_st_gilloise_hapoel_beer_sheva,Europa League,comp_uefa_europa_league,UEL,2026/27,2026-10-22,10:15 PM,2026-10-22 22:15:00,2026-10-22T16:45:00Z,Thursday,Union St.Gilloise,team_union_st_gilloise_eur,Hapoel Beer Sheva,team_hapoel_beer_sheva_eur,scheduled,,2026-09-26T13:26:09Z
match_fmb_uecl_2026-27_20261022_agf_egnatia,Conference League,comp_uefa_conference_league,UECL,2026/27,2026-10-23,12:30 AM,2026-10-23 00:30:00,2026-10-22T19:00:00Z,Friday,AGF,team_agf_eur,Egnatia,team_egnatia_eur,scheduled,,2026-09-26T13:26:10Z
match_fmb_uecl_2026-27_20261022_ajax_atalanta,Conference League,comp_uefa_conference_league,UECL,2026/27,2026-10-23,12:30 AM,2026-10-23 00:30:00,2026-10-22T19:00:00Z,Friday,Ajax,team_ajax_eur,Atalanta,team_atalanta_eur,scheduled,,2026-09-26T13:26:10Z
match_fmb_uecl_2026-27_20261022_borac_banja_luka_kups,Conference League,comp_uefa_conference_league,UECL,2026/27,2026-10-23,12:30 AM,2026-10-23 00:30:00,2026-10-22T19:00:00Z,Friday,Borac Banja Luka,team_borac_banja_luka_eur,KuPS,team_kups_eur,scheduled,,2026-09-26T13:26:10Z
match_fmb_uecl_2026-27_20261022_braga_gent,Conference League,comp_uefa_conference_league,UECL,2026/27,2026-10-23,12:30 AM,2026-10-23 00:30:00,2026-10-22T19:00:00Z,Friday,Braga,team_braga_eur,Gent,team_gent_eur,scheduled,,2026-09-26T13:26:10Z
match_fmb_uecl_2026-27_20261022_fc_midtjylland_st_truiden,Conference League,comp_uefa_conference_league,UECL,2026/27,2026-10-23,12:30 AM,2026-10-23 00:30:00,2026-10-22T19:00:00Z,Friday,FC Midtjylland,team_midtjylland_eur,St.Truiden,team_st_truiden_eur,scheduled,,2026-09-26T13:26:10Z
match_fmb_uecl_2026-27_20261022_lincoln_red_imps_fc_fc_twente,Conference League,comp_uefa_conference_league,UECL,2026/27,2026-10-23,12:30 AM,2026-10-23 00:30:00,2026-10-22T19:00:00Z,Friday,Lincoln Red Imps FC,team_lincoln_red_imps_eur,FC Twente,team_twente_eur,scheduled,,2026-09-26T13:26:10Z
match_fmb_uecl_2026-27_20261022_monaco_freiburg,Conference League,comp_uefa_conference_league,UECL,2026/27,2026-10-23,12:30 AM,2026-10-23 00:30:00,2026-10-22T19:00:00Z,Friday,Monaco,team_monaco_eur,Freiburg,team_freiburg_eur,scheduled,,2026-09-26T13:26:10Z
match_fmb_uecl_2026-27_20261022_thun_hajduk_split,Conference League,comp_uefa_conference_league,UECL,2026/27,2026-10-23,12:30 AM,2026-10-23 00:30:00,2026-10-22T19:00:00Z,Friday,Thun,team_thun_eur,Hajduk Split,team_hajduk_split_eur,scheduled,,2026-09-26T13:26:10Z
match_fmb_uel_2026-27_20261022_afc_bournemouth_milan,Europa League,comp_uefa_europa_league,UEL,2026/27,2026-10-23,12:30 AM,2026-10-23 00:30:00,2026-10-22T19:00:00Z,Friday,AFC Bournemouth,team_afc_bournemouth_eur,Milan,team_milan_eur,scheduled,,2026-09-26T13:26:09Z
match_fmb_uel_2026-27_20261022_besiktas_crystal_palace,Europa League,comp_uefa_europa_league,UEL,2026/27,2026-10-23,12:30 AM,2026-10-23 00:30:00,2026-10-22T19:00:00Z,Friday,Beşiktaş,team_besiktas_eur,Crystal Palace,team_crystal_palace_eur,scheduled,,2026-09-26T13:26:09Z
match_fmb_uel_2026-27_20261022_celtic_celta_vigo,Europa League,comp_uefa_europa_league,UEL,2026/27,2026-10-23,12:30 AM,2026-10-23 00:30:00,2026-10-22T19:00:00Z,Friday,Celtic,team_celtic_eur,Celta Vigo,team_celta_vigo_eur,scheduled,,2026-09-26T13:26:09Z
match_fmb_uel_2026-27_20261022_hoffenheim_lyon,Europa League,comp_uefa_europa_league,UEL,2026/27,2026-10-23,12:30 AM,2026-10-23 00:30:00,2026-10-22T19:00:00Z,Friday,Hoffenheim,team_hoffenheim_eur,Lyon,team_lyon_eur,scheduled,,2026-09-26T13:26:09Z
match_fmb_uel_2026-27_20261022_jagiellonia_bia_ystok_anderlecht,Europa League,comp_uefa_europa_league,UEL,2026/27,2026-10-23,12:30 AM,2026-10-23 00:30:00,2026-10-22T19:00:00Z,Friday,Jagiellonia Białystok,team_jagiellonia_bia_ystok_eur,Anderlecht,team_anderlecht_eur,scheduled,,2026-09-26T13:26:09Z
match_fmb_uel_2026-27_20261022_lillestr_m_real_sociedad,Europa League,comp_uefa_europa_league,UEL,2026/27,2026-10-23,12:30 AM,2026-10-23 00:30:00,2026-10-22T19:00:00Z,Friday,Lillestrøm,team_lillestr_m_eur,Real Sociedad,team_real_sociedad_eur,scheduled,,2026-09-26T13:26:09Z
match_fmb_uecl_2026-27_20261105_agf_braga,Conference League,comp_uefa_conference_league,UECL,2026/27,2026-11-05,11:15 PM,2026-11-05 23:15:00,2026-11-05T17:45:00Z,Thursday,AGF,team_agf_eur,Braga,team_braga_eur,scheduled,,2026-09-26T13:26:10Z
match_fmb_uecl_2026-27_20261105_atalanta_kairat_almaty,Conference League,comp_uefa_conference_league,UECL,2026/27,2026-11-05,11:15 PM,2026-11-05 23:15:00,2026-11-05T17:45:00Z,Thursday,Atalanta,team_atalanta_eur,Kairat Almaty,team_kairat_almaty_eur,scheduled,,2026-09-26T13:26:10Z
match_fmb_uecl_2026-27_20261105_fc_midtjylland_ajax,Conference League,comp_uefa_conference_league,UECL,2026/27,2026-11-05,11:15 PM,2026-11-05 23:15:00,2026-11-05T17:45:00Z,Thursday,FC Midtjylland,team_midtjylland_eur,Ajax,team_ajax_eur,scheduled,,2026-09-26T13:26:10Z
match_fmb_uecl_2026-27_20261105_fk_crvena_zvezda_inter_club_d_escaldes,Conference League,comp_uefa_conference_league,UECL,2026/27,2026-11-05,11:15 PM,2026-11-05 23:15:00,2026-11-05T17:45:00Z,Thursday,FK Crvena Zvezda,team_crvena_zvezda_eur,Inter Club d'Escaldes,team_inter_d_escaldes_eur,scheduled,,2026-09-26T13:26:10Z
match_fmb_uecl_2026-27_20261105_kups_gent,Conference League,comp_uefa_conference_league,UECL,2026/27,2026-11-05,11:15 PM,2026-11-05 23:15:00,2026-11-05T17:45:00Z,Thursday,KuPS,team_kups_eur,Gent,team_gent_eur,scheduled,,2026-09-26T13:26:10Z
match_fmb_uecl_2026-27_20261105_lincoln_red_imps_fc_hajduk_split,Conference League,comp_uefa_conference_league,UECL,2026/27,2026-11-05,11:15 PM,2026-11-05 23:15:00,2026-11-05T17:45:00Z,Thursday,Lincoln Red Imps FC,team_lincoln_red_imps_eur,Hajduk Split,team_hajduk_split_eur,scheduled,,2026-09-26T13:26:10Z
match_fmb_uecl_2026-27_20261105_mjallby_borac_banja_luka,Conference League,comp_uefa_conference_league,UECL,2026/27,2026-11-05,11:15 PM,2026-11-05 23:15:00,2026-11-05T17:45:00Z,Thursday,Mjällby,team_mjallby_eur,Borac Banja Luka,team_borac_banja_luka_eur,scheduled,,2026-09-26T13:26:10Z
match_fmb_uecl_2026-27_20261105_thun_heart_of_midlothian,Conference League,comp_uefa_conference_league,UECL,2026/27,2026-11-05,11:15 PM,2026-11-05 23:15:00,2026-11-05T17:45:00Z,Thursday,Thun,team_thun_eur,Heart of Midlothian,team_heart_of_midlothian_eur,scheduled,,2026-09-26T13:26:10Z
match_fmb_uecl_2026-27_20261105_trabzonspor_freiburg,Conference League,comp_uefa_conference_league,UECL,2026/27,2026-11-05,11:15 PM,2026-11-05 23:15:00,2026-11-05T17:45:00Z,Thursday,Trabzonspor,team_trabzonspor_eur,Freiburg,team_freiburg_eur,scheduled,,2026-09-26T13:26:10Z
match_fmb_uecl_2026-27_20261105_fc_k_benhavn_iberia_1999,Conference League,comp_uefa_conference_league,UECL,2026/27,2026-11-06,01:30 AM,2026-11-06 01:30:00,2026-11-05T20:00:00Z,Friday,FC København,team_k_benhavn_eur,Iberia 1999,team_iberia_1999_eur,scheduled,,2026-09-26T13:26:10Z
match_fmb_uecl_2026-27_20261105_fc_twente_pafos_fc,Conference League,comp_uefa_conference_league,UECL,2026/27,2026-11-06,01:30 AM,2026-11-06 01:30:00,2026-11-05T20:00:00Z,Friday,FC Twente,team_twente_eur,Pafos FC,team_pafos_eur,scheduled,,2026-09-26T13:26:10Z
match_fmb_uecl_2026-27_20261105_getafe_brighton_hove_albion,Conference League,comp_uefa_conference_league,UECL,2026/27,2026-11-06,01:30 AM,2026-11-06 01:30:00,2026-11-05T20:00:00Z,Friday,Getafe,team_getafe_eur,Brighton & Hove Albion,team_brighton_and_hove_albion_eur,scheduled,,2026-09-26T13:26:10Z
match_fmb_uecl_2026-27_20261105_lugano_fk_kauno_zalgiris,Conference League,comp_uefa_conference_league,UECL,2026/27,2026-11-06,01:30 AM,2026-11-06 01:30:00,2026-11-05T20:00:00Z,Friday,Lugano,team_lugano_eur,FK Kauno Žalgiris,team_kauno_zalgiris_eur,scheduled,,2026-09-26T13:26:10Z
match_fmb_uecl_2026-27_20261105_monaco_nordsj_lland,Conference League,comp_uefa_conference_league,UECL,2026/27,2026-11-06,01:30 AM,2026-11-06 01:30:00,2026-11-05T20:00:00Z,Friday,Monaco,team_monaco_eur,Nordsjælland,team_nordsj_lland_eur,scheduled,,2026-09-26T13:26:10Z
