fixture_id,competition,competition_short,season,match_date,match_day,kickoff_ist,home_team,away_team,status,venue,is_today,is_tomorrow,days_until_match,post_type,instagram_title,instagram_caption
match_fmb_es1_2026-27_20260815_deportivo_alaves_getafe,La Liga,LaLiga,2026/27,2026-08-15,Saturday,11:00 PM,Deportivo Alavés,Getafe,finished,,false,false,-52,MATCH_RESULT,Deportivo Alavés vs Getafe,"Deportivo Alavés vs Getafe

📅 Saturday, 15 Aug 2026
⏰ 11:00 PM IST

#LaLiga #DeportivoAlavs #Getafe #Football"
match_fmb_es1_2026-27_20260815_sevilla_rayo_vallecano,La Liga,LaLiga,2026/27,2026-08-16,Sunday,01:00 AM,Sevilla,Rayo Vallecano,finished,,false,false,-51,MATCH_RESULT,Sevilla vs Rayo Vallecano,"Sevilla vs Rayo Vallecano

📅 Sunday, 16 Aug 2026
⏰ 01:00 AM IST

#LaLiga #Sevilla #RayoVallecano #Football"
match_fmb_es1_2026-27_20260816_racing_santander_villarreal,La Liga,LaLiga,2026/27,2026-08-16,Sunday,08:30 PM,Racing Santander,Villarreal,finished,,false,false,-51,MATCH_RESULT,Racing Santander vs Villarreal,"Racing Santander vs Villarreal

📅 Sunday, 16 Aug 2026
⏰ 08:30 PM IST

#LaLiga #RacingSantander #Villarreal #Football"
match_fmb_es1_2026-27_20260816_espanyol_levante,La Liga,LaLiga,2026/27,2026-08-16,Sunday,10:30 PM,Espanyol,Levante,finished,,false,false,-51,MATCH_RESULT,Espanyol vs Levante,"Espanyol vs Levante

📅 Sunday, 16 Aug 2026
⏰ 10:30 PM IST

#LaLiga #Espanyol #Levante #Football"
match_fmb_es1_2026-27_20260817_deportivo_a_coruna_elche,La Liga,LaLiga,2026/27,2026-08-18,Tuesday,12:30 AM,Deportivo A Coruña,Elche,finished,,false,false,-49,MATCH_RESULT,Deportivo A Coruña vs Elche,"Deportivo A Coruña vs Elche

📅 Tuesday, 18 Aug 2026
⏰ 12:30 AM IST

#LaLiga #DeportivoACorua #Elche #Football"
match_fmb_es1_2026-27_20260819_atletico_madrid_malaga,La Liga,LaLiga,2026/27,2026-08-20,Thursday,12:35 AM,Atlético Madrid,Málaga,finished,,false,false,-47,MATCH_RESULT,Atlético Madrid vs Málaga,"Atlético Madrid vs Málaga

📅 Thursday, 20 Aug 2026
⏰ 12:35 AM IST

#LaLiga #AtlticoMadrid #Mlaga #Football"
match_fmb_es1_2026-27_20260820_rayo_vallecano_deportivo_alaves,La Liga,LaLiga,2026/27,2026-08-21,Friday,12:30 AM,Rayo Vallecano,Deportivo Alavés,finished,,false,false,-46,MATCH_RESULT,Rayo Vallecano vs Deportivo Alavés,"Rayo Vallecano vs Deportivo Alavés

📅 Friday, 21 Aug 2026
⏰ 12:30 AM IST

#LaLiga #RayoVallecano #DeportivoAlavs #Football"
match_fmb_epl_2026-27_20260822_hull_city_manchester_united,Premier League,EPL,2026/27,2026-08-22,Saturday,05:00 PM,Hull City,Manchester United,finished,,false,false,-45,MATCH_RESULT,Hull City vs Manchester United,"Hull City vs Manchester United

📅 Saturday, 22 Aug 2026
⏰ 05:00 PM IST

#PremierLeague #HullCity #ManchesterUnited #Football"
match_fmb_epl_2026-27_20260822_everton_crystal_palace,Premier League,EPL,2026/27,2026-08-22,Saturday,07:30 PM,Everton,Crystal Palace,finished,,false,false,-45,MATCH_RESULT,Everton vs Crystal Palace,"Everton vs Crystal Palace

📅 Saturday, 22 Aug 2026
⏰ 07:30 PM IST

#PremierLeague #Everton #CrystalPalace #Football"
match_fmb_epl_2026-27_20260822_ipswich_town_sunderland,Premier League,EPL,2026/27,2026-08-22,Saturday,07:30 PM,Ipswich Town,Sunderland,finished,,false,false,-45,MATCH_RESULT,Ipswich Town vs Sunderland,"Ipswich Town vs Sunderland

📅 Saturday, 22 Aug 2026
⏰ 07:30 PM IST

#PremierLeague #IpswichTown #Sunderland #Football"
match_fmb_epl_2026-27_20260822_nottingham_forest_leeds_united,Premier League,EPL,2026/27,2026-08-22,Saturday,07:30 PM,Nottingham Forest,Leeds United,finished,,false,false,-45,MATCH_RESULT,Nottingham Forest vs Leeds United,"Nottingham Forest vs Leeds United

📅 Saturday, 22 Aug 2026
⏰ 07:30 PM IST

#PremierLeague #NottinghamForest #LeedsUnited #Football"
match_fmb_es1_2026-27_20260822_athletic_club_sevilla,La Liga,LaLiga,2026/27,2026-08-22,Saturday,08:30 PM,Athletic Club,Sevilla,finished,,false,false,-45,MATCH_RESULT,Athletic Club vs Sevilla,"Athletic Club vs Sevilla

📅 Saturday, 22 Aug 2026
⏰ 08:30 PM IST

#LaLiga #AthleticClub #Sevilla #Football"
match_fmb_fr1_2026-27_20260822_lens_auxerre,Ligue 1,Ligue 1,2026/27,2026-08-22,Saturday,08:45 PM,Lens,Auxerre,finished,,false,false,-45,MATCH_RESULT,Lens vs Auxerre,"Lens vs Auxerre

📅 Saturday, 22 Aug 2026
⏰ 08:45 PM IST

#Ligue1 #Lens #Auxerre #Football"
match_fmb_epl_2026-27_20260822_brentford_tottenham_hotspur,Premier League,EPL,2026/27,2026-08-22,Saturday,10:00 PM,Brentford,Tottenham Hotspur,finished,,false,false,-45,MATCH_RESULT,Brentford vs Tottenham Hotspur,"Brentford vs Tottenham Hotspur

📅 Saturday, 22 Aug 2026
⏰ 10:00 PM IST

#PremierLeague #Brentford #TottenhamHotspur #Football"
match_fmb_it1_2026-27_20260822_inter_monza,Serie A,Serie A,2026/27,2026-08-22,Saturday,10:00 PM,Inter,Monza,finished,,false,false,-45,MATCH_RESULT,Inter vs Monza,"Inter vs Monza

📅 Saturday, 22 Aug 2026
⏰ 10:00 PM IST

#SerieA #Inter #Monza #Football"
match_fmb_it1_2026-27_20260822_udinese_como,Serie A,Serie A,2026/27,2026-08-22,Saturday,10:00 PM,Udinese,Como,finished,,false,false,-45,MATCH_RESULT,Udinese vs Como,"Udinese vs Como

📅 Saturday, 22 Aug 2026
⏰ 10:00 PM IST

#SerieA #Udinese #Como #Football"
match_fmb_es1_2026-27_20260822_valencia_celta_vigo,La Liga,LaLiga,2026/27,2026-08-22,Saturday,11:00 PM,Valencia,Celta Vigo,finished,,false,false,-45,MATCH_RESULT,Valencia vs Celta Vigo,"Valencia vs Celta Vigo

📅 Saturday, 22 Aug 2026
⏰ 11:00 PM IST

#LaLiga #Valencia #CeltaVigo #Football"
match_fmb_fr1_2026-27_20260821_marseille_strasbourg,Ligue 1,Ligue 1,2026/27,2026-08-22,Saturday,12:15 AM,Marseille,Strasbourg,finished,,false,false,-45,MATCH_RESULT,Marseille vs Strasbourg,"Marseille vs Strasbourg

📅 Saturday, 22 Aug 2026
⏰ 12:15 AM IST

#Ligue1 #Marseille #Strasbourg #Football"
match_fmb_es1_2026-27_20260821_real_betis_real_sociedad,La Liga,LaLiga,2026/27,2026-08-22,Saturday,12:30 AM,Real Betis,Real Sociedad,finished,,false,false,-45,MATCH_RESULT,Real Betis vs Real Sociedad,"Real Betis vs Real Sociedad

📅 Saturday, 22 Aug 2026
⏰ 12:30 AM IST

#LaLiga #RealBetis #RealSociedad #Football"
match_fmb_epl_2026-27_20260821_arsenal_coventry_city,Premier League,EPL,2026/27,2026-08-22,Saturday,12:30 AM,Arsenal,Coventry City,finished,,false,false,-45,MATCH_RESULT,Arsenal vs Coventry City,"Arsenal vs Coventry City

📅 Saturday, 22 Aug 2026
⏰ 12:30 AM IST

#PremierLeague #Arsenal #CoventryCity #Football"
match_fmb_es1_2026-27_20260822_espanyol_real_madrid,La Liga,LaLiga,2026/27,2026-08-23,Sunday,01:00 AM,Espanyol,Real Madrid,finished,,false,false,-44,MATCH_RESULT,Espanyol vs Real Madrid,"Espanyol vs Real Madrid

📅 Sunday, 23 Aug 2026
⏰ 01:00 AM IST

#LaLiga #Espanyol #RealMadrid #Football"
match_fmb_fr1_2026-27_20260823_angers_lille,Ligue 1,Ligue 1,2026/27,2026-08-23,Sunday,06:30 PM,Angers,Lille,finished,,false,false,-44,MATCH_RESULT,Angers vs Lille,"Angers vs Lille

📅 Sunday, 23 Aug 2026
⏰ 06:30 PM IST

#Ligue1 #Angers #Lille #Football"
match_fmb_epl_2026-27_20260823_brighton_hove_albion_aston_villa,Premier League,EPL,2026/27,2026-08-23,Sunday,06:30 PM,Brighton & Hove Albion,Aston Villa,finished,,false,false,-44,MATCH_RESULT,Brighton & Hove Albion vs Aston Villa,"Brighton & Hove Albion vs Aston Villa

📅 Sunday, 23 Aug 2026
⏰ 06:30 PM IST

#PremierLeague #BrightonandHoveAlbion #AstonVilla #Football"
match_fmb_epl_2026-27_20260823_manchester_city_afc_bournemouth,Premier League,EPL,2026/27,2026-08-23,Sunday,06:30 PM,Manchester City,AFC Bournemouth,finished,,false,false,-44,MATCH_RESULT,Manchester City vs AFC Bournemouth,"Manchester City vs AFC Bournemouth

📅 Sunday, 23 Aug 2026
⏰ 06:30 PM IST

#PremierLeague #ManchesterCity #AFCBournemouth #Football"
match_fmb_es1_2026-27_20260823_atletico_madrid_villarreal,La Liga,LaLiga,2026/27,2026-08-23,Sunday,08:30 PM,Atlético Madrid,Villarreal,finished,,false,false,-44,MATCH_RESULT,Atlético Madrid vs Villarreal,"Atlético Madrid vs Villarreal

📅 Sunday, 23 Aug 2026
⏰ 08:30 PM IST

#LaLiga #AtlticoMadrid #Villarreal #Football"
match_fmb_fr1_2026-27_20260823_le_havre_monaco,Ligue 1,Ligue 1,2026/27,2026-08-23,Sunday,08:45 PM,Le Havre,Monaco,finished,,false,false,-44,MATCH_RESULT,Le Havre vs Monaco,"Le Havre vs Monaco

📅 Sunday, 23 Aug 2026
⏰ 08:45 PM IST

#Ligue1 #LeHavre #Monaco #Football"
match_fmb_epl_2026-27_20260823_newcastle_united_liverpool,Premier League,EPL,2026/27,2026-08-23,Sunday,09:00 PM,Newcastle United,Liverpool,finished,,false,false,-44,MATCH_RESULT,Newcastle United vs Liverpool,"Newcastle United vs Liverpool

📅 Sunday, 23 Aug 2026
⏰ 09:00 PM IST

#PremierLeague #NewcastleUnited #Liverpool #Football"
match_fmb_it1_2026-27_20260823_frosinone_juventus,Serie A,Serie A,2026/27,2026-08-23,Sunday,10:00 PM,Frosinone,Juventus,finished,,false,false,-44,MATCH_RESULT,Frosinone vs Juventus,"Frosinone vs Juventus

📅 Sunday, 23 Aug 2026
⏰ 10:00 PM IST

#SerieA #Frosinone #Juventus #Football"
match_fmb_it1_2026-27_20260823_venezia_lecce,Serie A,Serie A,2026/27,2026-08-23,Sunday,10:00 PM,Venezia,Lecce,finished,,false,false,-44,MATCH_RESULT,Venezia vs Lecce,"Venezia vs Lecce

📅 Sunday, 23 Aug 2026
⏰ 10:00 PM IST

#SerieA #Venezia #Lecce #Football"
match_fmb_es1_2026-27_20260823_getafe_racing_santander,La Liga,LaLiga,2026/27,2026-08-23,Sunday,11:00 PM,Getafe,Racing Santander,finished,,false,false,-44,MATCH_RESULT,Getafe vs Racing Santander,"Getafe vs Racing Santander

📅 Sunday, 23 Aug 2026
⏰ 11:00 PM IST

#LaLiga #Getafe #RacingSantander #Football"
match_fmb_fr1_2026-27_20260822_le_mans_brest,Ligue 1,Ligue 1,2026/27,2026-08-23,Sunday,12:15 AM,Le Mans,Brest,finished,,false,false,-44,MATCH_RESULT,Le Mans vs Brest,"Le Mans vs Brest

📅 Sunday, 23 Aug 2026
⏰ 12:15 AM IST

#Ligue1 #LeMans #Brest #Football"
match_fmb_fr1_2026-27_20260822_nice_lorient,Ligue 1,Ligue 1,2026/27,2026-08-23,Sunday,12:15 AM,Nice,Lorient,finished,,false,false,-44,MATCH_RESULT,Nice vs Lorient,"Nice vs Lorient

📅 Sunday, 23 Aug 2026
⏰ 12:15 AM IST

#Ligue1 #Nice #Lorient #Football"
match_fmb_fr1_2026-27_20260822_toulouse_lyon,Ligue 1,Ligue 1,2026/27,2026-08-23,Sunday,12:15 AM,Toulouse,Lyon,finished,,false,false,-44,MATCH_RESULT,Toulouse vs Lyon,"Toulouse vs Lyon

📅 Sunday, 23 Aug 2026
⏰ 12:15 AM IST

#Ligue1 #Toulouse #Lyon #Football"
match_fmb_fr1_2026-27_20260822_troyes_paris_fc,Ligue 1,Ligue 1,2026/27,2026-08-23,Sunday,12:15 AM,Troyes,Paris FC,finished,,false,false,-44,MATCH_RESULT,Troyes vs Paris FC,"Troyes vs Paris FC

📅 Sunday, 23 Aug 2026
⏰ 12:15 AM IST

#Ligue1 #Troyes #ParisFC #Football"
match_fmb_it1_2026-27_20260822_genoa_napoli,Serie A,Serie A,2026/27,2026-08-23,Sunday,12:15 AM,Genoa,Napoli,finished,,false,false,-44,MATCH_RESULT,Genoa vs Napoli,"Genoa vs Napoli

📅 Sunday, 23 Aug 2026
⏰ 12:15 AM IST

#SerieA #Genoa #Napoli #Football"
match_fmb_it1_2026-27_20260822_parma_cagliari,Serie A,Serie A,2026/27,2026-08-23,Sunday,12:15 AM,Parma,Cagliari,finished,,false,false,-44,MATCH_RESULT,Parma vs Cagliari,"Parma vs Cagliari

📅 Sunday, 23 Aug 2026
⏰ 12:15 AM IST

#SerieA #Parma #Cagliari #Football"
match_fmb_es1_2026-27_20260823_elche_barcelona,La Liga,LaLiga,2026/27,2026-08-24,Monday,01:00 AM,Elche,Barcelona,finished,,false,false,-43,MATCH_RESULT,Elche vs Barcelona,"Elche vs Barcelona

📅 Monday, 24 Aug 2026
⏰ 01:00 AM IST

#LaLiga #Elche #Barcelona #Football"
match_fmb_it1_2026-27_20260824_bologna_lazio,Serie A,Serie A,2026/27,2026-08-24,Monday,10:00 PM,Bologna,Lazio,finished,,false,false,-43,MATCH_RESULT,Bologna vs Lazio,"Bologna vs Lazio

📅 Monday, 24 Aug 2026
⏰ 10:00 PM IST

#SerieA #Bologna #Lazio #Football"
match_fmb_es1_2026-27_20260824_osasuna_levante,La Liga,LaLiga,2026/27,2026-08-24,Monday,11:00 PM,Osasuna,Levante,finished,,false,false,-43,MATCH_RESULT,Osasuna vs Levante,"Osasuna vs Levante

📅 Monday, 24 Aug 2026
⏰ 11:00 PM IST

#LaLiga #Osasuna #Levante #Football"
match_fmb_fr1_2026-27_20260823_rennes_paris_saint_germain,Ligue 1,Ligue 1,2026/27,2026-08-24,Monday,12:15 AM,Rennes,Paris Saint-Germain,finished,,false,false,-43,MATCH_RESULT,Rennes vs Paris Saint-Germain,"Rennes vs Paris Saint-Germain

📅 Monday, 24 Aug 2026
⏰ 12:15 AM IST

#Ligue1 #Rennes #ParisSaintGermain #Football"
match_fmb_it1_2026-27_20260823_atalanta_sassuolo,Serie A,Serie A,2026/27,2026-08-24,Monday,12:15 AM,Atalanta,Sassuolo,finished,,false,false,-43,MATCH_RESULT,Atalanta vs Sassuolo,"Atalanta vs Sassuolo

📅 Monday, 24 Aug 2026
⏰ 12:15 AM IST

#SerieA #Atalanta #Sassuolo #Football"
match_fmb_it1_2026-27_20260823_torino_milan,Serie A,Serie A,2026/27,2026-08-24,Monday,12:15 AM,Torino,Milan,finished,,false,false,-43,MATCH_RESULT,Torino vs Milan,"Torino vs Milan

📅 Monday, 24 Aug 2026
⏰ 12:15 AM IST

#SerieA #Torino #Milan #Football"
match_fmb_es1_2026-27_20260824_malaga_deportivo_a_coruna,La Liga,LaLiga,2026/27,2026-08-25,Tuesday,01:00 AM,Málaga,Deportivo A Coruña,finished,,false,false,-42,MATCH_RESULT,Málaga vs Deportivo A Coruña,"Málaga vs Deportivo A Coruña

📅 Tuesday, 25 Aug 2026
⏰ 01:00 AM IST

#LaLiga #Mlaga #DeportivoACorua #Football"
match_fmb_it1_2026-27_20260824_roma_fiorentina,Serie A,Serie A,2026/27,2026-08-25,Tuesday,12:15 AM,Roma,Fiorentina,finished,,false,false,-42,MATCH_RESULT,Roma vs Fiorentina,"Roma vs Fiorentina

📅 Tuesday, 25 Aug 2026
⏰ 12:15 AM IST

#SerieA #Roma #Fiorentina #Football"
match_fmb_epl_2026-27_20260824_fulham_chelsea,Premier League,EPL,2026/27,2026-08-25,Tuesday,12:30 AM,Fulham,Chelsea,finished,,false,false,-42,MATCH_RESULT,Fulham vs Chelsea,"Fulham vs Chelsea

📅 Tuesday, 25 Aug 2026
⏰ 12:30 AM IST

#PremierLeague #Fulham #Chelsea #Football"
match_fmb_es1_2026-27_20260825_valencia_real_betis,La Liga,LaLiga,2026/27,2026-08-26,Wednesday,12:30 AM,Valencia,Real Betis,finished,,false,false,-41,MATCH_RESULT,Valencia vs Real Betis,"Valencia vs Real Betis

📅 Wednesday, 26 Aug 2026
⏰ 12:30 AM IST

#LaLiga #Valencia #RealBetis #Football"
match_fmb_es1_2026-27_20260826_real_madrid_real_sociedad,La Liga,LaLiga,2026/27,2026-08-27,Thursday,12:30 AM,Real Madrid,Real Sociedad,finished,,false,false,-40,MATCH_RESULT,Real Madrid vs Real Sociedad,"Real Madrid vs Real Sociedad

📅 Thursday, 27 Aug 2026
⏰ 12:30 AM IST

#LaLiga #RealMadrid #RealSociedad #Football"
match_fmb_es1_2026-27_20260828_racing_santander_elche,La Liga,LaLiga,2026/27,2026-08-28,Friday,10:30 PM,Racing Santander,Elche,finished,,false,false,-39,MATCH_RESULT,Racing Santander vs Elche,"Racing Santander vs Elche

📅 Friday, 28 Aug 2026
⏰ 10:30 PM IST

#LaLiga #RacingSantander #Elche #Football"
match_fmb_es1_2026-27_20260827_celta_vigo_osasuna,La Liga,LaLiga,2026/27,2026-08-28,Friday,12:00 AM,Celta Vigo,Osasuna,finished,,false,false,-39,MATCH_RESULT,Celta Vigo vs Osasuna,"Celta Vigo vs Osasuna

📅 Friday, 28 Aug 2026
⏰ 12:00 AM IST

#LaLiga #CeltaVigo #Osasuna #Football"
match_fmb_es1_2026-27_20260827_barcelona_athletic_club,La Liga,LaLiga,2026/27,2026-08-28,Friday,12:30 AM,Barcelona,Athletic Club,finished,,false,false,-39,MATCH_RESULT,Barcelona vs Athletic Club,"Barcelona vs Athletic Club

📅 Friday, 28 Aug 2026
⏰ 12:30 AM IST

#LaLiga #Barcelona #AthleticClub #Football"
match_fmb_es1_2026-27_20260828_deportivo_alaves_villarreal,La Liga,LaLiga,2026/27,2026-08-29,Saturday,01:00 AM,Deportivo Alavés,Villarreal,finished,,false,false,-38,MATCH_RESULT,Deportivo Alavés vs Villarreal,"Deportivo Alavés vs Villarreal

📅 Saturday, 29 Aug 2026
⏰ 01:00 AM IST

#LaLiga #DeportivoAlavs #Villarreal #Football"
match_fmb_epl_2026-27_20260829_liverpool_nottingham_forest,Premier League,EPL,2026/27,2026-08-29,Saturday,05:00 PM,Liverpool,Nottingham Forest,finished,,false,false,-38,MATCH_RESULT,Liverpool vs Nottingham Forest,"Liverpool vs Nottingham Forest

📅 Saturday, 29 Aug 2026
⏰ 05:00 PM IST

#PremierLeague #Liverpool #NottinghamForest #Football"
match_fmb_de1_2026-27_20260829_1_fc_koln_hoffenheim,Bundesliga,Bundesliga,2026/27,2026-08-29,Saturday,07:00 PM,1. FC Köln,Hoffenheim,finished,,false,false,-38,MATCH_RESULT,1. FC Köln vs Hoffenheim,"1. FC Köln vs Hoffenheim

📅 Saturday, 29 Aug 2026
⏰ 07:00 PM IST

#Bundesliga #1FCKln #Hoffenheim #Football"
match_fmb_de1_2026-27_20260829_elversberg_bayer_leverkusen,Bundesliga,Bundesliga,2026/27,2026-08-29,Saturday,07:00 PM,Elversberg,Bayer Leverkusen,finished,,false,false,-38,MATCH_RESULT,Elversberg vs Bayer Leverkusen,"Elversberg vs Bayer Leverkusen

📅 Saturday, 29 Aug 2026
⏰ 07:00 PM IST

#Bundesliga #Elversberg #BayerLeverkusen #Football"
match_fmb_de1_2026-27_20260829_mainz_05_paderborn,Bundesliga,Bundesliga,2026/27,2026-08-29,Saturday,07:00 PM,Mainz 05,Paderborn,finished,,false,false,-38,MATCH_RESULT,Mainz 05 vs Paderborn,"Mainz 05 vs Paderborn

📅 Saturday, 29 Aug 2026
⏰ 07:00 PM IST

#Bundesliga #Mainz05 #Paderborn #Football"
match_fmb_de1_2026-27_20260829_rb_leipzig_borussia_monchengladbach,Bundesliga,Bundesliga,2026/27,2026-08-29,Saturday,07:00 PM,RB Leipzig,Borussia Mönchengladbach,finished,,false,false,-38,MATCH_RESULT,RB Leipzig vs Borussia Mönchengladbach,"RB Leipzig vs Borussia Mönchengladbach

📅 Saturday, 29 Aug 2026
⏰ 07:00 PM IST

#Bundesliga #RBLeipzig #BorussiaMnchengladbach #Football"
match_fmb_de1_2026-27_20260829_union_berlin_eintracht_frankfurt,Bundesliga,Bundesliga,2026/27,2026-08-29,Saturday,07:00 PM,Union Berlin,Eintracht Frankfurt,finished,,false,false,-38,MATCH_RESULT,Union Berlin vs Eintracht Frankfurt,"Union Berlin vs Eintracht Frankfurt

📅 Saturday, 29 Aug 2026
⏰ 07:00 PM IST

#Bundesliga #UnionBerlin #EintrachtFrankfurt #Football"
match_fmb_epl_2026-27_20260829_afc_bournemouth_everton,Premier League,EPL,2026/27,2026-08-29,Saturday,07:30 PM,AFC Bournemouth,Everton,finished,,false,false,-38,MATCH_RESULT,AFC Bournemouth vs Everton,"AFC Bournemouth vs Everton

📅 Saturday, 29 Aug 2026
⏰ 07:30 PM IST

#PremierLeague #AFCBournemouth #Everton #Football"
match_fmb_epl_2026-27_20260829_coventry_city_hull_city,Premier League,EPL,2026/27,2026-08-29,Saturday,07:30 PM,Coventry City,Hull City,finished,,false,false,-38,MATCH_RESULT,Coventry City vs Hull City,"Coventry City vs Hull City

📅 Saturday, 29 Aug 2026
⏰ 07:30 PM IST

#PremierLeague #CoventryCity #HullCity #Football"
match_fmb_es1_2026-27_20260829_levante_real_betis,La Liga,LaLiga,2026/27,2026-08-29,Saturday,08:30 PM,Levante,Real Betis,finished,,false,false,-38,MATCH_RESULT,Levante vs Real Betis,"Levante vs Real Betis

📅 Saturday, 29 Aug 2026
⏰ 08:30 PM IST

#LaLiga #Levante #RealBetis #Football"
match_fmb_fr1_2026-27_20260829_strasbourg_lens,Ligue 1,Ligue 1,2026/27,2026-08-29,Saturday,08:45 PM,Strasbourg,Lens,finished,,false,false,-38,MATCH_RESULT,Strasbourg vs Lens,"Strasbourg vs Lens

📅 Saturday, 29 Aug 2026
⏰ 08:45 PM IST

#Ligue1 #Strasbourg #Lens #Football"
match_fmb_de1_2026-27_20260829_borussia_dortmund_hamburger_sv,Bundesliga,Bundesliga,2026/27,2026-08-29,Saturday,10:00 PM,Borussia Dortmund,Hamburger SV,finished,,false,false,-38,MATCH_RESULT,Borussia Dortmund vs Hamburger SV,"Borussia Dortmund vs Hamburger SV

📅 Saturday, 29 Aug 2026
⏰ 10:00 PM IST

#Bundesliga #BorussiaDortmund #HamburgerSV #Football"
match_fmb_epl_2026-27_20260829_tottenham_hotspur_newcastle_united,Premier League,EPL,2026/27,2026-08-29,Saturday,10:00 PM,Tottenham Hotspur,Newcastle United,finished,,false,false,-38,MATCH_RESULT,Tottenham Hotspur vs Newcastle United,"Tottenham Hotspur vs Newcastle United

📅 Saturday, 29 Aug 2026
⏰ 10:00 PM IST

#PremierLeague #TottenhamHotspur #NewcastleUnited #Football"
match_fmb_it1_2026-27_20260829_fiorentina_frosinone,Serie A,Serie A,2026/27,2026-08-29,Saturday,10:00 PM,Fiorentina,Frosinone,finished,,false,false,-38,MATCH_RESULT,Fiorentina vs Frosinone,"Fiorentina vs Frosinone

📅 Saturday, 29 Aug 2026
⏰ 10:00 PM IST

#SerieA #Fiorentina #Frosinone #Football"
match_fmb_it1_2026-27_20260829_monza_udinese,Serie A,Serie A,2026/27,2026-08-29,Saturday,10:00 PM,Monza,Udinese,finished,,false,false,-38,MATCH_RESULT,Monza vs Udinese,"Monza vs Udinese

📅 Saturday, 29 Aug 2026
⏰ 10:00 PM IST

#SerieA #Monza #Udinese #Football"
match_fmb_it1_2026-27_20260829_sassuolo_torino,Serie A,Serie A,2026/27,2026-08-29,Saturday,10:00 PM,Sassuolo,Torino,finished,,false,false,-38,MATCH_RESULT,Sassuolo vs Torino,"Sassuolo vs Torino

📅 Saturday, 29 Aug 2026
⏰ 10:00 PM IST

#SerieA #Sassuolo #Torino #Football"
match_fmb_es1_2026-27_20260829_real_sociedad_espanyol,La Liga,LaLiga,2026/27,2026-08-29,Saturday,10:30 PM,Real Sociedad,Espanyol,finished,,false,false,-38,MATCH_RESULT,Real Sociedad vs Espanyol,"Real Sociedad vs Espanyol

📅 Saturday, 29 Aug 2026
⏰ 10:30 PM IST

#LaLiga #RealSociedad #Espanyol #Football"
match_fmb_de1_2026-27_20260828_bayern_munchen_vfb_stuttgart,Bundesliga,Bundesliga,2026/27,2026-08-29,Saturday,12:00 AM,Bayern München,VfB Stuttgart,finished,,false,false,-38,MATCH_RESULT,Bayern München vs VfB Stuttgart,"Bayern München vs VfB Stuttgart

📅 Saturday, 29 Aug 2026
⏰ 12:00 AM IST

#Bundesliga #BayernMnchen #VfBStuttgart #Football"
match_fmb_it1_2026-27_20260828_milan_venezia,Serie A,Serie A,2026/27,2026-08-29,Saturday,12:15 AM,Milan,Venezia,finished,,false,false,-38,MATCH_RESULT,Milan vs Venezia,"Milan vs Venezia

📅 Saturday, 29 Aug 2026
⏰ 12:15 AM IST

#SerieA #Milan #Venezia #Football"
match_fmb_fr1_2026-27_20260828_lille_paris_saint_germain,Ligue 1,Ligue 1,2026/27,2026-08-29,Saturday,12:30 AM,Lille,Paris Saint-Germain,finished,,false,false,-38,MATCH_RESULT,Lille vs Paris Saint-Germain,"Lille vs Paris Saint-Germain

📅 Saturday, 29 Aug 2026
⏰ 12:30 AM IST

#Ligue1 #Lille #ParisSaintGermain #Football"
match_fmb_epl_2026-27_20260828_crystal_palace_manchester_city,Premier League,EPL,2026/27,2026-08-29,Saturday,12:30 AM,Crystal Palace,Manchester City,finished,,false,false,-38,MATCH_RESULT,Crystal Palace vs Manchester City,"Crystal Palace vs Manchester City

📅 Saturday, 29 Aug 2026
⏰ 12:30 AM IST

#PremierLeague #CrystalPalace #ManchesterCity #Football"
match_fmb_es1_2026-27_20260829_sevilla_atletico_madrid,La Liga,LaLiga,2026/27,2026-08-30,Sunday,01:00 AM,Sevilla,Atlético Madrid,finished,,false,false,-37,MATCH_RESULT,Sevilla vs Atlético Madrid,"Sevilla vs Atlético Madrid

📅 Sunday, 30 Aug 2026
⏰ 01:00 AM IST

#LaLiga #Sevilla #AtlticoMadrid #Football"
match_fmb_fr1_2026-27_20260830_paris_fc_nice,Ligue 1,Ligue 1,2026/27,2026-08-30,Sunday,06:30 PM,Paris FC,Nice,finished,,false,false,-37,MATCH_RESULT,Paris FC vs Nice,"Paris FC vs Nice

📅 Sunday, 30 Aug 2026
⏰ 06:30 PM IST

#Ligue1 #ParisFC #Nice #Football"
match_fmb_epl_2026-27_20260830_chelsea_brighton_hove_albion,Premier League,EPL,2026/27,2026-08-30,Sunday,06:30 PM,Chelsea,Brighton & Hove Albion,finished,,false,false,-37,MATCH_RESULT,Chelsea vs Brighton & Hove Albion,"Chelsea vs Brighton & Hove Albion

📅 Sunday, 30 Aug 2026
⏰ 06:30 PM IST

#PremierLeague #Chelsea #BrightonandHoveAlbion #Football"
match_fmb_epl_2026-27_20260830_leeds_united_brentford,Premier League,EPL,2026/27,2026-08-30,Sunday,06:30 PM,Leeds United,Brentford,finished,,false,false,-37,MATCH_RESULT,Leeds United vs Brentford,"Leeds United vs Brentford

📅 Sunday, 30 Aug 2026
⏰ 06:30 PM IST

#PremierLeague #LeedsUnited #Brentford #Football"
match_fmb_epl_2026-27_20260830_sunderland_fulham,Premier League,EPL,2026/27,2026-08-30,Sunday,06:30 PM,Sunderland,Fulham,finished,,false,false,-37,MATCH_RESULT,Sunderland vs Fulham,"Sunderland vs Fulham

📅 Sunday, 30 Aug 2026
⏰ 06:30 PM IST

#PremierLeague #Sunderland #Fulham #Football"
match_fmb_de1_2026-27_20260830_freiburg_werder_bremen,Bundesliga,Bundesliga,2026/27,2026-08-30,Sunday,07:00 PM,Freiburg,Werder Bremen,finished,,false,false,-37,MATCH_RESULT,Freiburg vs Werder Bremen,"Freiburg vs Werder Bremen

📅 Sunday, 30 Aug 2026
⏰ 07:00 PM IST

#Bundesliga #Freiburg #WerderBremen #Football"
match_fmb_es1_2026-27_20260830_real_madrid_malaga,La Liga,LaLiga,2026/27,2026-08-30,Sunday,08:30 PM,Real Madrid,Málaga,finished,,false,false,-37,MATCH_RESULT,Real Madrid vs Málaga,"Real Madrid vs Málaga

📅 Sunday, 30 Aug 2026
⏰ 08:30 PM IST

#LaLiga #RealMadrid #Mlaga #Football"
match_fmb_fr1_2026-27_20260830_rennes_le_mans,Ligue 1,Ligue 1,2026/27,2026-08-30,Sunday,08:45 PM,Rennes,Le Mans,finished,,false,false,-37,MATCH_RESULT,Rennes vs Le Mans,"Rennes vs Le Mans

📅 Sunday, 30 Aug 2026
⏰ 08:45 PM IST

#Ligue1 #Rennes #LeMans #Football"
match_fmb_de1_2026-27_20260830_augsburg_schalke_04,Bundesliga,Bundesliga,2026/27,2026-08-30,Sunday,09:00 PM,Augsburg,Schalke 04,finished,,false,false,-37,MATCH_RESULT,Augsburg vs Schalke 04,"Augsburg vs Schalke 04

📅 Sunday, 30 Aug 2026
⏰ 09:00 PM IST

#Bundesliga #Augsburg #Schalke04 #Football"
match_fmb_epl_2026-27_20260830_manchester_united_ipswich_town,Premier League,EPL,2026/27,2026-08-30,Sunday,09:00 PM,Manchester United,Ipswich Town,finished,,false,false,-37,MATCH_RESULT,Manchester United vs Ipswich Town,"Manchester United vs Ipswich Town

📅 Sunday, 30 Aug 2026
⏰ 09:00 PM IST

#PremierLeague #ManchesterUnited #IpswichTown #Football"
match_fmb_it1_2026-27_20260830_napoli_como,Serie A,Serie A,2026/27,2026-08-30,Sunday,10:00 PM,Napoli,Como,finished,,false,false,-37,MATCH_RESULT,Napoli vs Como,"Napoli vs Como

📅 Sunday, 30 Aug 2026
⏰ 10:00 PM IST

#SerieA #Napoli #Como #Football"
match_fmb_es1_2026-27_20260830_deportivo_a_coruna_valencia,La Liga,LaLiga,2026/27,2026-08-30,Sunday,11:00 PM,Deportivo A Coruña,Valencia,finished,,false,false,-37,MATCH_RESULT,Deportivo A Coruña vs Valencia,"Deportivo A Coruña vs Valencia

📅 Sunday, 30 Aug 2026
⏰ 11:00 PM IST

#LaLiga #DeportivoACorua #Valencia #Football"
match_fmb_fr1_2026-27_20260829_auxerre_angers,Ligue 1,Ligue 1,2026/27,2026-08-30,Sunday,12:15 AM,Auxerre,Angers,finished,,false,false,-37,MATCH_RESULT,Auxerre vs Angers,"Auxerre vs Angers

📅 Sunday, 30 Aug 2026
⏰ 12:15 AM IST

#Ligue1 #Auxerre #Angers #Football"
match_fmb_fr1_2026-27_20260829_brest_toulouse,Ligue 1,Ligue 1,2026/27,2026-08-30,Sunday,12:15 AM,Brest,Toulouse,finished,,false,false,-37,MATCH_RESULT,Brest vs Toulouse,"Brest vs Toulouse

📅 Sunday, 30 Aug 2026
⏰ 12:15 AM IST

#Ligue1 #Brest #Toulouse #Football"
match_fmb_fr1_2026-27_20260829_lorient_troyes,Ligue 1,Ligue 1,2026/27,2026-08-30,Sunday,12:15 AM,Lorient,Troyes,finished,,false,false,-37,MATCH_RESULT,Lorient vs Troyes,"Lorient vs Troyes

📅 Sunday, 30 Aug 2026
⏰ 12:15 AM IST

#Ligue1 #Lorient #Troyes #Football"
match_fmb_fr1_2026-27_20260829_lyon_le_havre,Ligue 1,Ligue 1,2026/27,2026-08-30,Sunday,12:15 AM,Lyon,Le Havre,finished,,false,false,-37,MATCH_RESULT,Lyon vs Le Havre,"Lyon vs Le Havre

📅 Sunday, 30 Aug 2026
⏰ 12:15 AM IST

#Ligue1 #Lyon #LeHavre #Football"
match_fmb_it1_2026-27_20260829_juventus_parma,Serie A,Serie A,2026/27,2026-08-30,Sunday,12:15 AM,Juventus,Parma,finished,,false,false,-37,MATCH_RESULT,Juventus vs Parma,"Juventus vs Parma

📅 Sunday, 30 Aug 2026
⏰ 12:15 AM IST

#SerieA #Juventus #Parma #Football"
match_fmb_es1_2026-27_20260830_celta_vigo_athletic_club,La Liga,LaLiga,2026/27,2026-08-31,Monday,01:00 AM,Celta Vigo,Athletic Club,finished,,false,false,-36,MATCH_RESULT,Celta Vigo vs Athletic Club,"Celta Vigo vs Athletic Club

📅 Monday, 31 Aug 2026
⏰ 01:00 AM IST

#LaLiga #CeltaVigo #AthleticClub #Football"
match_fmb_it1_2026-27_20260831_lecce_roma,Serie A,Serie A,2026/27,2026-08-31,Monday,10:00 PM,Lecce,Roma,finished,,false,false,-36,MATCH_RESULT,Lecce vs Roma,"Lecce vs Roma

📅 Monday, 31 Aug 2026
⏰ 10:00 PM IST

#SerieA #Lecce #Roma #Football"
match_fmb_es1_2026-27_20260831_osasuna_getafe,La Liga,LaLiga,2026/27,2026-08-31,Monday,11:00 PM,Osasuna,Getafe,finished,,false,false,-36,MATCH_RESULT,Osasuna vs Getafe,"Osasuna vs Getafe

📅 Monday, 31 Aug 2026
⏰ 11:00 PM IST

#LaLiga #Osasuna #Getafe #Football"
match_fmb_fr1_2026-27_20260830_monaco_marseille,Ligue 1,Ligue 1,2026/27,2026-08-31,Monday,12:15 AM,Monaco,Marseille,finished,,false,false,-36,MATCH_RESULT,Monaco vs Marseille,"Monaco vs Marseille

📅 Monday, 31 Aug 2026
⏰ 12:15 AM IST

#Ligue1 #Monaco #Marseille #Football"
match_fmb_it1_2026-27_20260830_cagliari_inter,Serie A,Serie A,2026/27,2026-08-31,Monday,12:15 AM,Cagliari,Inter,finished,,false,false,-36,MATCH_RESULT,Cagliari vs Inter,"Cagliari vs Inter

📅 Monday, 31 Aug 2026
⏰ 12:15 AM IST

#SerieA #Cagliari #Inter #Football"
match_fmb_it1_2026-27_20260830_lazio_genoa,Serie A,Serie A,2026/27,2026-08-31,Monday,12:15 AM,Lazio,Genoa,finished,,false,false,-36,MATCH_RESULT,Lazio vs Genoa,"Lazio vs Genoa

📅 Monday, 31 Aug 2026
⏰ 12:15 AM IST

#SerieA #Lazio #Genoa #Football"
match_fmb_es1_2026-27_20260831_barcelona_rayo_vallecano,La Liga,LaLiga,2026/27,2026-09-01,Tuesday,01:00 AM,Barcelona,Rayo Vallecano,finished,,false,false,-35,MATCH_RESULT,Barcelona vs Rayo Vallecano,"Barcelona vs Rayo Vallecano

📅 Tuesday, 01 Sep 2026
⏰ 01:00 AM IST

#LaLiga #Barcelona #RayoVallecano #Football"
match_fmb_it1_2026-27_20260831_atalanta_bologna,Serie A,Serie A,2026/27,2026-09-01,Tuesday,12:15 AM,Atalanta,Bologna,finished,,false,false,-35,MATCH_RESULT,Atalanta vs Bologna,"Atalanta vs Bologna

📅 Tuesday, 01 Sep 2026
⏰ 12:15 AM IST

#SerieA #Atalanta #Bologna #Football"
match_fmb_epl_2026-27_20260831_aston_villa_arsenal,Premier League,EPL,2026/27,2026-09-01,Tuesday,12:30 AM,Aston Villa,Arsenal,finished,,false,false,-35,MATCH_RESULT,Aston Villa vs Arsenal,"Aston Villa vs Arsenal

📅 Tuesday, 01 Sep 2026
⏰ 12:30 AM IST

#PremierLeague #AstonVilla #Arsenal #Football"
match_fmb_fr1_2026-27_20260904_lyon_auxerre,Ligue 1,Ligue 1,2026/27,2026-09-04,Friday,10:30 PM,Lyon,Auxerre,finished,,false,false,-32,MATCH_RESULT,Lyon vs Auxerre,"Lyon vs Auxerre

📅 Friday, 04 Sep 2026
⏰ 10:30 PM IST

#Ligue1 #Lyon #Auxerre #Football"
match_fmb_fr1_2026-27_20260903_toulouse_lille,Ligue 1,Ligue 1,2026/27,2026-09-04,Friday,12:15 AM,Toulouse,Lille,finished,,false,false,-32,MATCH_RESULT,Toulouse vs Lille,"Toulouse vs Lille

📅 Friday, 04 Sep 2026
⏰ 12:15 AM IST

#Ligue1 #Toulouse #Lille #Football"
match_fmb_es1_2026-27_20260903_real_sociedad_celta_vigo,La Liga,LaLiga,2026/27,2026-09-04,Friday,12:30 AM,Real Sociedad,Celta Vigo,finished,,false,false,-32,MATCH_RESULT,Real Sociedad vs Celta Vigo,"Real Sociedad vs Celta Vigo

📅 Friday, 04 Sep 2026
⏰ 12:30 AM IST

#LaLiga #RealSociedad #CeltaVigo #Football"
match_fmb_epl_2026-27_20260905_newcastle_united_afc_bournemouth,Premier League,EPL,2026/27,2026-09-05,Saturday,05:00 PM,Newcastle United,AFC Bournemouth,finished,,false,false,-31,MATCH_RESULT,Newcastle United vs AFC Bournemouth,"Newcastle United vs AFC Bournemouth

📅 Saturday, 05 Sep 2026
⏰ 05:00 PM IST

#PremierLeague #NewcastleUnited #AFCBournemouth #Football"
match_fmb_it1_2026-27_20260905_fiorentina_torino,Serie A,Serie A,2026/27,2026-09-05,Saturday,06:30 PM,Fiorentina,Torino,finished,,false,false,-31,MATCH_RESULT,Fiorentina vs Torino,"Fiorentina vs Torino

📅 Saturday, 05 Sep 2026
⏰ 06:30 PM IST

#SerieA #Fiorentina #Torino #Football"
match_fmb_de1_2026-27_20260905_bayer_leverkusen_union_berlin,Bundesliga,Bundesliga,2026/27,2026-09-05,Saturday,07:00 PM,Bayer Leverkusen,Union Berlin,finished,,false,false,-31,MATCH_RESULT,Bayer Leverkusen vs Union Berlin,"Bayer Leverkusen vs Union Berlin

📅 Saturday, 05 Sep 2026
⏰ 07:00 PM IST

#Bundesliga #BayerLeverkusen #UnionBerlin #Football"
match_fmb_de1_2026-27_20260905_borussia_monchengladbach_elversberg,Bundesliga,Bundesliga,2026/27,2026-09-05,Saturday,07:00 PM,Borussia Mönchengladbach,Elversberg,finished,,false,false,-31,MATCH_RESULT,Borussia Mönchengladbach vs Elversberg,"Borussia Mönchengladbach vs Elversberg

📅 Saturday, 05 Sep 2026
⏰ 07:00 PM IST

#Bundesliga #BorussiaMnchengladbach #Elversberg #Football"
match_fmb_de1_2026-27_20260905_hoffenheim_borussia_dortmund,Bundesliga,Bundesliga,2026/27,2026-09-05,Saturday,07:00 PM,Hoffenheim,Borussia Dortmund,finished,,false,false,-31,MATCH_RESULT,Hoffenheim vs Borussia Dortmund,"Hoffenheim vs Borussia Dortmund

📅 Saturday, 05 Sep 2026
⏰ 07:00 PM IST

#Bundesliga #Hoffenheim #BorussiaDortmund #Football"
match_fmb_de1_2026-27_20260905_paderborn_freiburg,Bundesliga,Bundesliga,2026/27,2026-09-05,Saturday,07:00 PM,Paderborn,Freiburg,finished,,false,false,-31,MATCH_RESULT,Paderborn vs Freiburg,"Paderborn vs Freiburg

📅 Saturday, 05 Sep 2026
⏰ 07:00 PM IST

#Bundesliga #Paderborn #Freiburg #Football"
match_fmb_de1_2026-27_20260905_werder_bremen_rb_leipzig,Bundesliga,Bundesliga,2026/27,2026-09-05,Saturday,07:00 PM,Werder Bremen,RB Leipzig,finished,,false,false,-31,MATCH_RESULT,Werder Bremen vs RB Leipzig,"Werder Bremen vs RB Leipzig

📅 Saturday, 05 Sep 2026
⏰ 07:00 PM IST

#Bundesliga #WerderBremen #RBLeipzig #Football"
match_fmb_epl_2026-27_20260905_brentford_sunderland,Premier League,EPL,2026/27,2026-09-05,Saturday,07:30 PM,Brentford,Sunderland,finished,,false,false,-31,MATCH_RESULT,Brentford vs Sunderland,"Brentford vs Sunderland

📅 Saturday, 05 Sep 2026
⏰ 07:30 PM IST

#PremierLeague #Brentford #Sunderland #Football"
match_fmb_epl_2026-27_20260905_brighton_hove_albion_leeds_united,Premier League,EPL,2026/27,2026-09-05,Saturday,07:30 PM,Brighton & Hove Albion,Leeds United,finished,,false,false,-31,MATCH_RESULT,Brighton & Hove Albion vs Leeds United,"Brighton & Hove Albion vs Leeds United

📅 Saturday, 05 Sep 2026
⏰ 07:30 PM IST

#PremierLeague #BrightonandHoveAlbion #LeedsUnited #Football"
match_fmb_epl_2026-27_20260905_fulham_crystal_palace,Premier League,EPL,2026/27,2026-09-05,Saturday,07:30 PM,Fulham,Crystal Palace,finished,,false,false,-31,MATCH_RESULT,Fulham vs Crystal Palace,"Fulham vs Crystal Palace

📅 Saturday, 05 Sep 2026
⏰ 07:30 PM IST

#PremierLeague #Fulham #CrystalPalace #Football"
match_fmb_epl_2026-27_20260905_manchester_city_coventry_city,Premier League,EPL,2026/27,2026-09-05,Saturday,07:30 PM,Manchester City,Coventry City,finished,,false,false,-31,MATCH_RESULT,Manchester City vs Coventry City,"Manchester City vs Coventry City

📅 Saturday, 05 Sep 2026
⏰ 07:30 PM IST

#PremierLeague #ManchesterCity #CoventryCity #Football"
match_fmb_epl_2026-27_20260905_nottingham_forest_tottenham_hotspur,Premier League,EPL,2026/27,2026-09-05,Saturday,07:30 PM,Nottingham Forest,Tottenham Hotspur,finished,,false,false,-31,MATCH_RESULT,Nottingham Forest vs Tottenham Hotspur,"Nottingham Forest vs Tottenham Hotspur

📅 Saturday, 05 Sep 2026
⏰ 07:30 PM IST

#PremierLeague #NottinghamForest #TottenhamHotspur #Football"
match_fmb_es1_2026-27_20260905_athletic_club_atletico_madrid,La Liga,LaLiga,2026/27,2026-09-05,Saturday,07:45 PM,Athletic Club,Atlético Madrid,finished,,false,false,-31,MATCH_RESULT,Athletic Club vs Atlético Madrid,"Athletic Club vs Atlético Madrid

📅 Saturday, 05 Sep 2026
⏰ 07:45 PM IST

#LaLiga #AthleticClub #AtlticoMadrid #Football"
match_fmb_fr1_2026-27_20260905_lens_lorient,Ligue 1,Ligue 1,2026/27,2026-09-05,Saturday,08:45 PM,Lens,Lorient,finished,,false,false,-31,MATCH_RESULT,Lens vs Lorient,"Lens vs Lorient

📅 Saturday, 05 Sep 2026
⏰ 08:45 PM IST

#Ligue1 #Lens #Lorient #Football"
match_fmb_it1_2026-27_20260905_inter_napoli,Serie A,Serie A,2026/27,2026-09-05,Saturday,09:30 PM,Inter,Napoli,finished,,false,false,-31,MATCH_RESULT,Inter vs Napoli,"Inter vs Napoli

📅 Saturday, 05 Sep 2026
⏰ 09:30 PM IST

#SerieA #Inter #Napoli #Football"
match_fmb_de1_2026-27_20260905_schalke_04_bayern_munchen,Bundesliga,Bundesliga,2026/27,2026-09-05,Saturday,10:00 PM,Schalke 04,Bayern München,finished,,false,false,-31,MATCH_RESULT,Schalke 04 vs Bayern München,"Schalke 04 vs Bayern München

📅 Saturday, 05 Sep 2026
⏰ 10:00 PM IST

#Bundesliga #Schalke04 #BayernMnchen #Football"
match_fmb_es1_2026-27_20260905_rayo_vallecano_racing_santander,La Liga,LaLiga,2026/27,2026-09-05,Saturday,10:00 PM,Rayo Vallecano,Racing Santander,finished,,false,false,-31,MATCH_RESULT,Rayo Vallecano vs Racing Santander,"Rayo Vallecano vs Racing Santander

📅 Saturday, 05 Sep 2026
⏰ 10:00 PM IST

#LaLiga #RayoVallecano #RacingSantander #Football"
match_fmb_epl_2026-27_20260905_hull_city_aston_villa,Premier League,EPL,2026/27,2026-09-05,Saturday,10:00 PM,Hull City,Aston Villa,finished,,false,false,-31,MATCH_RESULT,Hull City vs Aston Villa,"Hull City vs Aston Villa

📅 Saturday, 05 Sep 2026
⏰ 10:00 PM IST

#PremierLeague #HullCity #AstonVilla #Football"
match_fmb_de1_2026-27_20260904_vfb_stuttgart_1_fc_koln,Bundesliga,Bundesliga,2026/27,2026-09-05,Saturday,12:00 AM,VfB Stuttgart,1. FC Köln,finished,,false,false,-31,MATCH_RESULT,VfB Stuttgart vs 1. FC Köln,"VfB Stuttgart vs 1. FC Köln

📅 Saturday, 05 Sep 2026
⏰ 12:00 AM IST

#Bundesliga #VfBStuttgart #1FCKln #Football"
match_fmb_it1_2026-27_20260904_genoa_como,Serie A,Serie A,2026/27,2026-09-05,Saturday,12:15 AM,Genoa,Como,finished,,false,false,-31,MATCH_RESULT,Genoa vs Como,"Genoa vs Como

📅 Saturday, 05 Sep 2026
⏰ 12:15 AM IST

#SerieA #Genoa #Como #Football"
match_fmb_es1_2026-27_20260904_real_betis_real_madrid,La Liga,LaLiga,2026/27,2026-09-05,Saturday,12:30 AM,Real Betis,Real Madrid,finished,,false,false,-31,MATCH_RESULT,Real Betis vs Real Madrid,"Real Betis vs Real Madrid

📅 Saturday, 05 Sep 2026
⏰ 12:30 AM IST

#LaLiga #RealBetis #RealMadrid #Football"
match_fmb_epl_2026-27_20260904_ipswich_town_liverpool,Premier League,EPL,2026/27,2026-09-05,Saturday,12:30 AM,Ipswich Town,Liverpool,finished,,false,false,-31,MATCH_RESULT,Ipswich Town vs Liverpool,"Ipswich Town vs Liverpool

📅 Saturday, 05 Sep 2026
⏰ 12:30 AM IST

#PremierLeague #IpswichTown #Liverpool #Football"
match_fmb_fr1_2026-27_20260904_paris_saint_germain_monaco,Ligue 1,Ligue 1,2026/27,2026-09-05,Saturday,12:35 AM,Paris Saint-Germain,Monaco,finished,,false,false,-31,MATCH_RESULT,Paris Saint-Germain vs Monaco,"Paris Saint-Germain vs Monaco

📅 Saturday, 05 Sep 2026
⏰ 12:35 AM IST

#Ligue1 #ParisSaintGermain #Monaco #Football"
match_fmb_fr1_2026-27_20260906_troyes_strasbourg,Ligue 1,Ligue 1,2026/27,2026-09-06,Sunday,06:30 PM,Troyes,Strasbourg,finished,,false,false,-30,MATCH_RESULT,Troyes vs Strasbourg,"Troyes vs Strasbourg

📅 Sunday, 06 Sep 2026
⏰ 06:30 PM IST

#Ligue1 #Troyes #Strasbourg #Football"
match_fmb_epl_2026-27_20260906_everton_manchester_united,Premier League,EPL,2026/27,2026-09-06,Sunday,06:30 PM,Everton,Manchester United,finished,,false,false,-30,MATCH_RESULT,Everton vs Manchester United,"Everton vs Manchester United

📅 Sunday, 06 Sep 2026
⏰ 06:30 PM IST

#PremierLeague #Everton #ManchesterUnited #Football"
match_fmb_it1_2026-27_20260906_frosinone_venezia,Serie A,Serie A,2026/27,2026-09-06,Sunday,06:30 PM,Frosinone,Venezia,finished,,false,false,-30,MATCH_RESULT,Frosinone vs Venezia,"Frosinone vs Venezia

📅 Sunday, 06 Sep 2026
⏰ 06:30 PM IST

#SerieA #Frosinone #Venezia #Football"
match_fmb_it1_2026-27_20260906_parma_monza,Serie A,Serie A,2026/27,2026-09-06,Sunday,06:30 PM,Parma,Monza,finished,,false,false,-30,MATCH_RESULT,Parma vs Monza,"Parma vs Monza

📅 Sunday, 06 Sep 2026
⏰ 06:30 PM IST

#SerieA #Parma #Monza #Football"
match_fmb_de1_2026-27_20260906_hamburger_sv_mainz_05,Bundesliga,Bundesliga,2026/27,2026-09-06,Sunday,07:00 PM,Hamburger SV,Mainz 05,finished,,false,false,-30,MATCH_RESULT,Hamburger SV vs Mainz 05,"Hamburger SV vs Mainz 05

📅 Sunday, 06 Sep 2026
⏰ 07:00 PM IST

#Bundesliga #HamburgerSV #Mainz05 #Football"
match_fmb_es1_2026-27_20260906_valencia_barcelona,La Liga,LaLiga,2026/27,2026-09-06,Sunday,07:45 PM,Valencia,Barcelona,finished,,false,false,-30,MATCH_RESULT,Valencia vs Barcelona,"Valencia vs Barcelona

📅 Sunday, 06 Sep 2026
⏰ 07:45 PM IST

#LaLiga #Valencia #Barcelona #Football"
match_fmb_fr1_2026-27_20260906_angers_rennes,Ligue 1,Ligue 1,2026/27,2026-09-06,Sunday,08:45 PM,Angers,Rennes,finished,,false,false,-30,MATCH_RESULT,Angers vs Rennes,"Angers vs Rennes

📅 Sunday, 06 Sep 2026
⏰ 08:45 PM IST

#Ligue1 #Angers #Rennes #Football"
match_fmb_de1_2026-27_20260906_eintracht_frankfurt_augsburg,Bundesliga,Bundesliga,2026/27,2026-09-06,Sunday,09:00 PM,Eintracht Frankfurt,Augsburg,finished,,false,false,-30,MATCH_RESULT,Eintracht Frankfurt vs Augsburg,"Eintracht Frankfurt vs Augsburg

📅 Sunday, 06 Sep 2026
⏰ 09:00 PM IST

#Bundesliga #EintrachtFrankfurt #Augsburg #Football"
match_fmb_epl_2026-27_20260906_arsenal_chelsea,Premier League,EPL,2026/27,2026-09-06,Sunday,09:00 PM,Arsenal,Chelsea,finished,,false,false,-30,MATCH_RESULT,Arsenal vs Chelsea,"Arsenal vs Chelsea

📅 Sunday, 06 Sep 2026
⏰ 09:00 PM IST

#PremierLeague #Arsenal #Chelsea #Football"
match_fmb_it1_2026-27_20260906_bologna_sassuolo,Serie A,Serie A,2026/27,2026-09-06,Sunday,09:30 PM,Bologna,Sassuolo,finished,,false,false,-30,MATCH_RESULT,Bologna vs Sassuolo,"Bologna vs Sassuolo

📅 Sunday, 06 Sep 2026
⏰ 09:30 PM IST

#SerieA #Bologna #Sassuolo #Football"
match_fmb_es1_2026-27_20260906_deportivo_alaves_osasuna,La Liga,LaLiga,2026/27,2026-09-06,Sunday,10:00 PM,Deportivo Alavés,Osasuna,finished,,false,false,-30,MATCH_RESULT,Deportivo Alavés vs Osasuna,"Deportivo Alavés vs Osasuna

📅 Sunday, 06 Sep 2026
⏰ 10:00 PM IST

#LaLiga #DeportivoAlavs #Osasuna #Football"
match_fmb_es1_2026-27_20260906_malaga_levante,La Liga,LaLiga,2026/27,2026-09-06,Sunday,10:00 PM,Málaga,Levante,finished,,false,false,-30,MATCH_RESULT,Málaga vs Levante,"Málaga vs Levante

📅 Sunday, 06 Sep 2026
⏰ 10:00 PM IST

#LaLiga #Mlaga #Levante #Football"
match_fmb_fr1_2026-27_20260905_le_havre_brest,Ligue 1,Ligue 1,2026/27,2026-09-06,Sunday,12:15 AM,Le Havre,Brest,finished,,false,false,-30,MATCH_RESULT,Le Havre vs Brest,"Le Havre vs Brest

📅 Sunday, 06 Sep 2026
⏰ 12:15 AM IST

#Ligue1 #LeHavre #Brest #Football"
match_fmb_fr1_2026-27_20260905_nice_le_mans,Ligue 1,Ligue 1,2026/27,2026-09-06,Sunday,12:15 AM,Nice,Le Mans,finished,,false,false,-30,MATCH_RESULT,Nice vs Le Mans,"Nice vs Le Mans

📅 Sunday, 06 Sep 2026
⏰ 12:15 AM IST

#Ligue1 #Nice #LeMans #Football"
match_fmb_it1_2026-27_20260905_roma_atalanta,Serie A,Serie A,2026/27,2026-09-06,Sunday,12:15 AM,Roma,Atalanta,finished,,false,false,-30,MATCH_RESULT,Roma vs Atalanta,"Roma vs Atalanta

📅 Sunday, 06 Sep 2026
⏰ 12:15 AM IST

#SerieA #Roma #Atalanta #Football"
match_fmb_es1_2026-27_20260905_villarreal_deportivo_a_coruna,La Liga,LaLiga,2026/27,2026-09-06,Sunday,12:30 AM,Villarreal,Deportivo A Coruña,finished,,false,false,-30,MATCH_RESULT,Villarreal vs Deportivo A Coruña,"Villarreal vs Deportivo A Coruña

📅 Sunday, 06 Sep 2026
⏰ 12:30 AM IST

#LaLiga #Villarreal #DeportivoACorua #Football"
match_fmb_it1_2026-27_20260907_cagliari_lecce,Serie A,Serie A,2026/27,2026-09-07,Monday,10:00 PM,Cagliari,Lecce,finished,,false,false,-29,MATCH_RESULT,Cagliari vs Lecce,"Cagliari vs Lecce

📅 Monday, 07 Sep 2026
⏰ 10:00 PM IST

#SerieA #Cagliari #Lecce #Football"
match_fmb_es1_2026-27_20260907_getafe_celta_vigo,La Liga,LaLiga,2026/27,2026-09-07,Monday,10:30 PM,Getafe,Celta Vigo,finished,,false,false,-29,MATCH_RESULT,Getafe vs Celta Vigo,"Getafe vs Celta Vigo

📅 Monday, 07 Sep 2026
⏰ 10:30 PM IST

#LaLiga #Getafe #CeltaVigo #Football"
match_fmb_fr1_2026-27_20260906_marseille_paris_fc,Ligue 1,Ligue 1,2026/27,2026-09-07,Monday,12:15 AM,Marseille,Paris FC,finished,,false,false,-29,MATCH_RESULT,Marseille vs Paris FC,"Marseille vs Paris FC

📅 Monday, 07 Sep 2026
⏰ 12:15 AM IST

#Ligue1 #Marseille #ParisFC #Football"
match_fmb_it1_2026-27_20260906_juventus_milan,Serie A,Serie A,2026/27,2026-09-07,Monday,12:15 AM,Juventus,Milan,finished,,false,false,-29,MATCH_RESULT,Juventus vs Milan,"Juventus vs Milan

📅 Monday, 07 Sep 2026
⏰ 12:15 AM IST

#SerieA #Juventus #Milan #Football"
match_fmb_es1_2026-27_20260906_espanyol_sevilla,La Liga,LaLiga,2026/27,2026-09-07,Monday,12:30 AM,Espanyol,Sevilla,finished,,false,false,-29,MATCH_RESULT,Espanyol vs Sevilla,"Espanyol vs Sevilla

📅 Monday, 07 Sep 2026
⏰ 12:30 AM IST

#LaLiga #Espanyol #Sevilla #Football"
match_fmb_es1_2026-27_20260907_elche_real_sociedad,La Liga,LaLiga,2026/27,2026-09-08,Tuesday,01:00 AM,Elche,Real Sociedad,finished,,false,false,-28,MATCH_RESULT,Elche vs Real Sociedad,"Elche vs Real Sociedad

📅 Tuesday, 08 Sep 2026
⏰ 01:00 AM IST

#LaLiga #Elche #RealSociedad #Football"
match_fmb_ucl_2026-27_20260908_aek_athens_lask,Champions League,UCL,2026/27,2026-09-08,Tuesday,10:15 PM,AEK Athens,LASK,finished,,false,false,-28,MATCH_RESULT,AEK Athens vs LASK,"AEK Athens vs LASK

📅 Tuesday, 08 Sep 2026
⏰ 10:15 PM IST

#ChampionsLeague #AEKAthens #LASK #Football"
match_fmb_ucl_2026-27_20260908_club_brugge_aston_villa,Champions League,UCL,2026/27,2026-09-08,Tuesday,10:15 PM,Club Brugge,Aston Villa,finished,,false,false,-28,MATCH_RESULT,Club Brugge vs Aston Villa,"Club Brugge vs Aston Villa

📅 Tuesday, 08 Sep 2026
⏰ 10:15 PM IST

#ChampionsLeague #ClubBrugge #AstonVilla #Football"
match_fmb_it1_2026-27_20260907_udinese_lazio,Serie A,Serie A,2026/27,2026-09-08,Tuesday,12:15 AM,Udinese,Lazio,finished,,false,false,-28,MATCH_RESULT,Udinese vs Lazio,"Udinese vs Lazio

📅 Tuesday, 08 Sep 2026
⏰ 12:15 AM IST

#SerieA #Udinese #Lazio #Football"
match_fmb_ucl_2026-27_20260909_barcelona_feyenoord,Champions League,UCL,2026/27,2026-09-09,Wednesday,10:15 PM,Barcelona,Feyenoord,finished,,false,false,-27,MATCH_RESULT,Barcelona vs Feyenoord,"Barcelona vs Feyenoord

📅 Wednesday, 09 Sep 2026
⏰ 10:15 PM IST

#ChampionsLeague #Barcelona #Feyenoord #Football"
match_fmb_ucl_2026-27_20260909_vfb_stuttgart_viking,Champions League,UCL,2026/27,2026-09-09,Wednesday,10:15 PM,VfB Stuttgart,Viking,finished,,false,false,-27,MATCH_RESULT,VfB Stuttgart vs Viking,"VfB Stuttgart vs Viking

📅 Wednesday, 09 Sep 2026
⏰ 10:15 PM IST

#ChampionsLeague #VfBStuttgart #Viking #Football"
match_fmb_ucl_2026-27_20260908_borussia_dortmund_villarreal,Champions League,UCL,2026/27,2026-09-09,Wednesday,12:30 AM,Borussia Dortmund,Villarreal,finished,,false,false,-27,MATCH_RESULT,Borussia Dortmund vs Villarreal,"Borussia Dortmund vs Villarreal

📅 Wednesday, 09 Sep 2026
⏰ 12:30 AM IST

#ChampionsLeague #BorussiaDortmund #Villarreal #Football"
match_fmb_ucl_2026-27_20260908_fc_porto_manchester_city,Champions League,UCL,2026/27,2026-09-09,Wednesday,12:30 AM,FC Porto,Manchester City,finished,,false,false,-27,MATCH_RESULT,FC Porto vs Manchester City,"FC Porto vs Manchester City

📅 Wednesday, 09 Sep 2026
⏰ 12:30 AM IST

#ChampionsLeague #FCPorto #ManchesterCity #Football"
match_fmb_ucl_2026-27_20260908_lille_real_betis,Champions League,UCL,2026/27,2026-09-09,Wednesday,12:30 AM,Lille,Real Betis,finished,,false,false,-27,MATCH_RESULT,Lille vs Real Betis,"Lille vs Real Betis

📅 Wednesday, 09 Sep 2026
⏰ 12:30 AM IST

#ChampionsLeague #Lille #RealBetis #Football"
match_fmb_ucl_2026-27_20260908_real_madrid_inter,Champions League,UCL,2026/27,2026-09-09,Wednesday,12:30 AM,Real Madrid,Inter,finished,,false,false,-27,MATCH_RESULT,Real Madrid vs Inter,"Real Madrid vs Inter

📅 Wednesday, 09 Sep 2026
⏰ 12:30 AM IST

#ChampionsLeague #RealMadrid #Inter #Football"
match_fmb_ucl_2026-27_20260910_fenerbahce_roma,Champions League,UCL,2026/27,2026-09-10,Thursday,10:15 PM,Fenerbahçe,Roma,finished,,false,false,-26,MATCH_RESULT,Fenerbahçe vs Roma,"Fenerbahçe vs Roma

📅 Thursday, 10 Sep 2026
⏰ 10:15 PM IST

#ChampionsLeague #Fenerbahe #Roma #Football"
match_fmb_ucl_2026-27_20260910_psv_eindhoven_shakhtar_donetsk,Champions League,UCL,2026/27,2026-09-10,Thursday,10:15 PM,PSV Eindhoven,Shakhtar Donetsk,finished,,false,false,-26,MATCH_RESULT,PSV Eindhoven vs Shakhtar Donetsk,"PSV Eindhoven vs Shakhtar Donetsk

📅 Thursday, 10 Sep 2026
⏰ 10:15 PM IST

#ChampionsLeague #PSVEindhoven #ShakhtarDonetsk #Football"
match_fmb_ucl_2026-27_20260909_liverpool_atletico_madrid,Champions League,UCL,2026/27,2026-09-10,Thursday,12:30 AM,Liverpool,Atlético Madrid,finished,,false,false,-26,MATCH_RESULT,Liverpool vs Atlético Madrid,"Liverpool vs Atlético Madrid

📅 Thursday, 10 Sep 2026
⏰ 12:30 AM IST

#ChampionsLeague #Liverpool #AtlticoMadrid #Football"
match_fmb_ucl_2026-27_20260909_napoli_arsenal,Champions League,UCL,2026/27,2026-09-10,Thursday,12:30 AM,Napoli,Arsenal,finished,,false,false,-26,MATCH_RESULT,Napoli vs Arsenal,"Napoli vs Arsenal

📅 Thursday, 10 Sep 2026
⏰ 12:30 AM IST

#ChampionsLeague #Napoli #Arsenal #Football"
match_fmb_ucl_2026-27_20260909_paris_saint_germain_slovan_bratislava,Champions League,UCL,2026/27,2026-09-10,Thursday,12:30 AM,Paris Saint-Germain,Slovan Bratislava,finished,,false,false,-26,MATCH_RESULT,Paris Saint-Germain vs Slovan Bratislava,"Paris Saint-Germain vs Slovan Bratislava

📅 Thursday, 10 Sep 2026
⏰ 12:30 AM IST

#ChampionsLeague #ParisSaintGermain #SlovanBratislava #Football"
match_fmb_ucl_2026-27_20260909_sporting_cp_galatasaray,Champions League,UCL,2026/27,2026-09-10,Thursday,12:30 AM,Sporting CP,Galatasaray,finished,,false,false,-26,MATCH_RESULT,Sporting CP vs Galatasaray,"Sporting CP vs Galatasaray

📅 Thursday, 10 Sep 2026
⏰ 12:30 AM IST

#ChampionsLeague #SportingCP #Galatasaray #Football"
match_fmb_ucl_2026-27_20260910_bayern_munchen_bod_glimt,Champions League,UCL,2026/27,2026-09-11,Friday,12:30 AM,Bayern München,Bodø/Glimt,finished,,false,false,-25,MATCH_RESULT,Bayern München vs Bodø/Glimt,"Bayern München vs Bodø/Glimt

📅 Friday, 11 Sep 2026
⏰ 12:30 AM IST

#ChampionsLeague #BayernMnchen #BodGlimt #Football"
match_fmb_ucl_2026-27_20260910_como_rb_leipzig,Champions League,UCL,2026/27,2026-09-11,Friday,12:30 AM,Como,RB Leipzig,finished,,false,false,-25,MATCH_RESULT,Como vs RB Leipzig,"Como vs RB Leipzig

📅 Friday, 11 Sep 2026
⏰ 12:30 AM IST

#ChampionsLeague #Como #RBLeipzig #Football"
match_fmb_ucl_2026-27_20260910_manchester_united_sabah_fk,Champions League,UCL,2026/27,2026-09-11,Friday,12:30 AM,Manchester United,Sabah FK,finished,,false,false,-25,MATCH_RESULT,Manchester United vs Sabah FK,"Manchester United vs Sabah FK

📅 Friday, 11 Sep 2026
⏰ 12:30 AM IST

#ChampionsLeague #ManchesterUnited #SabahFK #Football"
match_fmb_ucl_2026-27_20260910_slavia_prague_lens,Champions League,UCL,2026/27,2026-09-11,Friday,12:30 AM,Slavia Prague,Lens,finished,,false,false,-25,MATCH_RESULT,Slavia Prague vs Lens,"Slavia Prague vs Lens

📅 Friday, 11 Sep 2026
⏰ 12:30 AM IST

#ChampionsLeague #SlaviaPrague #Lens #Football"
match_fmb_es1_2026-27_20260912_racing_santander_deportivo_alaves,La Liga,LaLiga,2026/27,2026-09-12,Saturday,05:30 PM,Racing Santander,Deportivo Alavés,finished,,false,false,-24,MATCH_RESULT,Racing Santander vs Deportivo Alavés,"Racing Santander vs Deportivo Alavés

📅 Saturday, 12 Sep 2026
⏰ 05:30 PM IST

#LaLiga #RacingSantander #DeportivoAlavs #Football"
match_fmb_it1_2026-27_20260912_genoa_frosinone,Serie A,Serie A,2026/27,2026-09-12,Saturday,06:30 PM,Genoa,Frosinone,finished,,false,false,-24,MATCH_RESULT,Genoa vs Frosinone,"Genoa vs Frosinone

📅 Saturday, 12 Sep 2026
⏰ 06:30 PM IST

#SerieA #Genoa #Frosinone #Football"
match_fmb_de1_2026-27_20260912_augsburg_bayer_leverkusen,Bundesliga,Bundesliga,2026/27,2026-09-12,Saturday,07:00 PM,Augsburg,Bayer Leverkusen,finished,,false,false,-24,MATCH_RESULT,Augsburg vs Bayer Leverkusen,"Augsburg vs Bayer Leverkusen

📅 Saturday, 12 Sep 2026
⏰ 07:00 PM IST

#Bundesliga #Augsburg #BayerLeverkusen #Football"
match_fmb_de1_2026-27_20260912_borussia_dortmund_paderborn,Bundesliga,Bundesliga,2026/27,2026-09-12,Saturday,07:00 PM,Borussia Dortmund,Paderborn,finished,,false,false,-24,MATCH_RESULT,Borussia Dortmund vs Paderborn,"Borussia Dortmund vs Paderborn

📅 Saturday, 12 Sep 2026
⏰ 07:00 PM IST

#Bundesliga #BorussiaDortmund #Paderborn #Football"
match_fmb_de1_2026-27_20260912_freiburg_borussia_monchengladbach,Bundesliga,Bundesliga,2026/27,2026-09-12,Saturday,07:00 PM,Freiburg,Borussia Mönchengladbach,finished,,false,false,-24,MATCH_RESULT,Freiburg vs Borussia Mönchengladbach,"Freiburg vs Borussia Mönchengladbach

📅 Saturday, 12 Sep 2026
⏰ 07:00 PM IST

#Bundesliga #Freiburg #BorussiaMnchengladbach #Football"
match_fmb_de1_2026-27_20260912_hoffenheim_vfb_stuttgart,Bundesliga,Bundesliga,2026/27,2026-09-12,Saturday,07:00 PM,Hoffenheim,VfB Stuttgart,finished,,false,false,-24,MATCH_RESULT,Hoffenheim vs VfB Stuttgart,"Hoffenheim vs VfB Stuttgart

📅 Saturday, 12 Sep 2026
⏰ 07:00 PM IST

#Bundesliga #Hoffenheim #VfBStuttgart #Football"
match_fmb_de1_2026-27_20260912_mainz_05_eintracht_frankfurt,Bundesliga,Bundesliga,2026/27,2026-09-12,Saturday,07:00 PM,Mainz 05,Eintracht Frankfurt,finished,,false,false,-24,MATCH_RESULT,Mainz 05 vs Eintracht Frankfurt,"Mainz 05 vs Eintracht Frankfurt

📅 Saturday, 12 Sep 2026
⏰ 07:00 PM IST

#Bundesliga #Mainz05 #EintrachtFrankfurt #Football"
match_fmb_epl_2026-27_20260912_afc_bournemouth_brentford,Premier League,EPL,2026/27,2026-09-12,Saturday,07:30 PM,AFC Bournemouth,Brentford,finished,,false,false,-24,MATCH_RESULT,AFC Bournemouth vs Brentford,"AFC Bournemouth vs Brentford

📅 Saturday, 12 Sep 2026
⏰ 07:30 PM IST

#PremierLeague #AFCBournemouth #Brentford #Football"
match_fmb_epl_2026-27_20260912_aston_villa_nottingham_forest,Premier League,EPL,2026/27,2026-09-12,Saturday,07:30 PM,Aston Villa,Nottingham Forest,finished,,false,false,-24,MATCH_RESULT,Aston Villa vs Nottingham Forest,"Aston Villa vs Nottingham Forest

📅 Saturday, 12 Sep 2026
⏰ 07:30 PM IST

#PremierLeague #AstonVilla #NottinghamForest #Football"
match_fmb_epl_2026-27_20260912_chelsea_hull_city,Premier League,EPL,2026/27,2026-09-12,Saturday,07:30 PM,Chelsea,Hull City,finished,,false,false,-24,MATCH_RESULT,Chelsea vs Hull City,"Chelsea vs Hull City

📅 Saturday, 12 Sep 2026
⏰ 07:30 PM IST

#PremierLeague #Chelsea #HullCity #Football"
match_fmb_epl_2026-27_20260912_crystal_palace_ipswich_town,Premier League,EPL,2026/27,2026-09-12,Saturday,07:30 PM,Crystal Palace,Ipswich Town,finished,,false,false,-24,MATCH_RESULT,Crystal Palace vs Ipswich Town,"Crystal Palace vs Ipswich Town

📅 Saturday, 12 Sep 2026
⏰ 07:30 PM IST

#PremierLeague #CrystalPalace #IpswichTown #Football"
match_fmb_epl_2026-27_20260912_liverpool_fulham,Premier League,EPL,2026/27,2026-09-12,Saturday,07:30 PM,Liverpool,Fulham,finished,,false,false,-24,MATCH_RESULT,Liverpool vs Fulham,"Liverpool vs Fulham

📅 Saturday, 12 Sep 2026
⏰ 07:30 PM IST

#PremierLeague #Liverpool #Fulham #Football"
match_fmb_es1_2026-27_20260912_osasuna_espanyol,La Liga,LaLiga,2026/27,2026-09-12,Saturday,07:45 PM,Osasuna,Espanyol,finished,,false,false,-24,MATCH_RESULT,Osasuna vs Espanyol,"Osasuna vs Espanyol

📅 Saturday, 12 Sep 2026
⏰ 07:45 PM IST

#LaLiga #Osasuna #Espanyol #Football"
match_fmb_fr1_2026-27_20260912_strasbourg_monaco,Ligue 1,Ligue 1,2026/27,2026-09-12,Saturday,08:45 PM,Strasbourg,Monaco,finished,,false,false,-24,MATCH_RESULT,Strasbourg vs Monaco,"Strasbourg vs Monaco

📅 Saturday, 12 Sep 2026
⏰ 08:45 PM IST

#Ligue1 #Strasbourg #Monaco #Football"
match_fmb_it1_2026-27_20260912_lazio_milan,Serie A,Serie A,2026/27,2026-09-12,Saturday,09:30 PM,Lazio,Milan,finished,,false,false,-24,MATCH_RESULT,Lazio vs Milan,"Lazio vs Milan

📅 Saturday, 12 Sep 2026
⏰ 09:30 PM IST

#SerieA #Lazio #Milan #Football"
match_fmb_de1_2026-27_20260912_1_fc_koln_werder_bremen,Bundesliga,Bundesliga,2026/27,2026-09-12,Saturday,10:00 PM,1. FC Köln,Werder Bremen,finished,,false,false,-24,MATCH_RESULT,1. FC Köln vs Werder Bremen,"1. FC Köln vs Werder Bremen

📅 Saturday, 12 Sep 2026
⏰ 10:00 PM IST

#Bundesliga #1FCKln #WerderBremen #Football"
match_fmb_es1_2026-27_20260912_athletic_club_elche,La Liga,LaLiga,2026/27,2026-09-12,Saturday,10:00 PM,Athletic Club,Elche,finished,,false,false,-24,MATCH_RESULT,Athletic Club vs Elche,"Athletic Club vs Elche

📅 Saturday, 12 Sep 2026
⏰ 10:00 PM IST

#LaLiga #AthleticClub #Elche #Football"
match_fmb_epl_2026-27_20260912_tottenham_hotspur_everton,Premier League,EPL,2026/27,2026-09-12,Saturday,10:00 PM,Tottenham Hotspur,Everton,finished,,false,false,-24,MATCH_RESULT,Tottenham Hotspur vs Everton,"Tottenham Hotspur vs Everton

📅 Saturday, 12 Sep 2026
⏰ 10:00 PM IST

#PremierLeague #TottenhamHotspur #Everton #Football"
match_fmb_de1_2026-27_20260911_union_berlin_schalke_04,Bundesliga,Bundesliga,2026/27,2026-09-12,Saturday,12:00 AM,Union Berlin,Schalke 04,finished,,false,false,-24,MATCH_RESULT,Union Berlin vs Schalke 04,"Union Berlin vs Schalke 04

📅 Saturday, 12 Sep 2026
⏰ 12:00 AM IST

#Bundesliga #UnionBerlin #Schalke04 #Football"
match_fmb_fr1_2026-27_20260911_rennes_marseille,Ligue 1,Ligue 1,2026/27,2026-09-12,Saturday,12:15 AM,Rennes,Marseille,finished,,false,false,-24,MATCH_RESULT,Rennes vs Marseille,"Rennes vs Marseille

📅 Saturday, 12 Sep 2026
⏰ 12:15 AM IST

#Ligue1 #Rennes #Marseille #Football"
match_fmb_it1_2026-27_20260911_venezia_fiorentina,Serie A,Serie A,2026/27,2026-09-12,Saturday,12:15 AM,Venezia,Fiorentina,finished,,false,false,-24,MATCH_RESULT,Venezia vs Fiorentina,"Venezia vs Fiorentina

📅 Saturday, 12 Sep 2026
⏰ 12:15 AM IST

#SerieA #Venezia #Fiorentina #Football"
match_fmb_es1_2026-27_20260911_sevilla_valencia,La Liga,LaLiga,2026/27,2026-09-12,Saturday,12:30 AM,Sevilla,Valencia,finished,,false,false,-24,MATCH_RESULT,Sevilla vs Valencia,"Sevilla vs Valencia

📅 Saturday, 12 Sep 2026
⏰ 12:30 AM IST

#LaLiga #Sevilla #Valencia #Football"
match_fmb_es1_2026-27_20260913_celta_vigo_malaga,La Liga,LaLiga,2026/27,2026-09-13,Sunday,05:30 PM,Celta Vigo,Málaga,finished,,false,false,-23,MATCH_RESULT,Celta Vigo vs Málaga,"Celta Vigo vs Málaga

📅 Sunday, 13 Sep 2026
⏰ 05:30 PM IST

#LaLiga #CeltaVigo #Mlaga #Football"
match_fmb_fr1_2026-27_20260913_lille_troyes,Ligue 1,Ligue 1,2026/27,2026-09-13,Sunday,06:30 PM,Lille,Troyes,finished,,false,false,-23,MATCH_RESULT,Lille vs Troyes,"Lille vs Troyes

📅 Sunday, 13 Sep 2026
⏰ 06:30 PM IST

#Ligue1 #Lille #Troyes #Football"
match_fmb_epl_2026-27_20260913_coventry_city_brighton_hove_albion,Premier League,EPL,2026/27,2026-09-13,Sunday,06:30 PM,Coventry City,Brighton & Hove Albion,finished,,false,false,-23,MATCH_RESULT,Coventry City vs Brighton & Hove Albion,"Coventry City vs Brighton & Hove Albion

📅 Sunday, 13 Sep 2026
⏰ 06:30 PM IST

#PremierLeague #CoventryCity #BrightonandHoveAlbion #Football"
match_fmb_it1_2026-27_20260913_lecce_monza,Serie A,Serie A,2026/27,2026-09-13,Sunday,06:30 PM,Lecce,Monza,finished,,false,false,-23,MATCH_RESULT,Lecce vs Monza,"Lecce vs Monza

📅 Sunday, 13 Sep 2026
⏰ 06:30 PM IST

#SerieA #Lecce #Monza #Football"
match_fmb_de1_2026-27_20260913_rb_leipzig_hamburger_sv,Bundesliga,Bundesliga,2026/27,2026-09-13,Sunday,07:00 PM,RB Leipzig,Hamburger SV,finished,,false,false,-23,MATCH_RESULT,RB Leipzig vs Hamburger SV,"RB Leipzig vs Hamburger SV

📅 Sunday, 13 Sep 2026
⏰ 07:00 PM IST

#Bundesliga #RBLeipzig #HamburgerSV #Football"
match_fmb_es1_2026-27_20260913_levante_barcelona,La Liga,LaLiga,2026/27,2026-09-13,Sunday,07:45 PM,Levante,Barcelona,finished,,false,false,-23,MATCH_RESULT,Levante vs Barcelona,"Levante vs Barcelona

📅 Sunday, 13 Sep 2026
⏰ 07:45 PM IST

#LaLiga #Levante #Barcelona #Football"
match_fmb_fr1_2026-27_20260913_le_mans_lens,Ligue 1,Ligue 1,2026/27,2026-09-13,Sunday,08:45 PM,Le Mans,Lens,finished,,false,false,-23,MATCH_RESULT,Le Mans vs Lens,"Le Mans vs Lens

📅 Sunday, 13 Sep 2026
⏰ 08:45 PM IST

#Ligue1 #LeMans #Lens #Football"
match_fmb_de1_2026-27_20260913_elversberg_bayern_munchen,Bundesliga,Bundesliga,2026/27,2026-09-13,Sunday,09:00 PM,Elversberg,Bayern München,finished,,false,false,-23,MATCH_RESULT,Elversberg vs Bayern München,"Elversberg vs Bayern München

📅 Sunday, 13 Sep 2026
⏰ 09:00 PM IST

#Bundesliga #Elversberg #BayernMnchen #Football"
match_fmb_epl_2026-27_20260913_manchester_united_manchester_city,Premier League,EPL,2026/27,2026-09-13,Sunday,09:00 PM,Manchester United,Manchester City,finished,,false,false,-23,MATCH_RESULT,Manchester United vs Manchester City,"Manchester United vs Manchester City

📅 Sunday, 13 Sep 2026
⏰ 09:00 PM IST

#PremierLeague #ManchesterUnited #ManchesterCity #Football"
match_fmb_it1_2026-27_20260913_napoli_bologna,Serie A,Serie A,2026/27,2026-09-13,Sunday,09:30 PM,Napoli,Bologna,finished,,false,false,-23,MATCH_RESULT,Napoli vs Bologna,"Napoli vs Bologna

📅 Sunday, 13 Sep 2026
⏰ 09:30 PM IST

#SerieA #Napoli #Bologna #Football"
match_fmb_es1_2026-27_20260913_getafe_deportivo_a_coruna,La Liga,LaLiga,2026/27,2026-09-13,Sunday,10:00 PM,Getafe,Deportivo A Coruña,finished,,false,false,-23,MATCH_RESULT,Getafe vs Deportivo A Coruña,"Getafe vs Deportivo A Coruña

📅 Sunday, 13 Sep 2026
⏰ 10:00 PM IST

#LaLiga #Getafe #DeportivoACorua #Football"
match_fmb_fr1_2026-27_20260912_auxerre_nice,Ligue 1,Ligue 1,2026/27,2026-09-13,Sunday,12:15 AM,Auxerre,Nice,finished,,false,false,-23,MATCH_RESULT,Auxerre vs Nice,"Auxerre vs Nice

📅 Sunday, 13 Sep 2026
⏰ 12:15 AM IST

#Ligue1 #Auxerre #Nice #Football"
match_fmb_fr1_2026-27_20260912_le_havre_angers,Ligue 1,Ligue 1,2026/27,2026-09-13,Sunday,12:15 AM,Le Havre,Angers,finished,,false,false,-23,MATCH_RESULT,Le Havre vs Angers,"Le Havre vs Angers

📅 Sunday, 13 Sep 2026
⏰ 12:15 AM IST

#Ligue1 #LeHavre #Angers #Football"
match_fmb_fr1_2026-27_20260912_lorient_toulouse,Ligue 1,Ligue 1,2026/27,2026-09-13,Sunday,12:15 AM,Lorient,Toulouse,finished,,false,false,-23,MATCH_RESULT,Lorient vs Toulouse,"Lorient vs Toulouse

📅 Sunday, 13 Sep 2026
⏰ 12:15 AM IST

#Ligue1 #Lorient #Toulouse #Football"
match_fmb_fr1_2026-27_20260912_paris_fc_lyon,Ligue 1,Ligue 1,2026/27,2026-09-13,Sunday,12:15 AM,Paris FC,Lyon,finished,,false,false,-23,MATCH_RESULT,Paris FC vs Lyon,"Paris FC vs Lyon

📅 Sunday, 13 Sep 2026
⏰ 12:15 AM IST

#Ligue1 #ParisFC #Lyon #Football"
match_fmb_it1_2026-27_20260912_atalanta_cagliari,Serie A,Serie A,2026/27,2026-09-13,Sunday,12:15 AM,Atalanta,Cagliari,finished,,false,false,-23,MATCH_RESULT,Atalanta vs Cagliari,"Atalanta vs Cagliari

📅 Sunday, 13 Sep 2026
⏰ 12:15 AM IST

#SerieA #Atalanta #Cagliari #Football"
match_fmb_es1_2026-27_20260912_real_madrid_rayo_vallecano,La Liga,LaLiga,2026/27,2026-09-13,Sunday,12:30 AM,Real Madrid,Rayo Vallecano,finished,,false,false,-23,MATCH_RESULT,Real Madrid vs Rayo Vallecano,"Real Madrid vs Rayo Vallecano

📅 Sunday, 13 Sep 2026
⏰ 12:30 AM IST

#LaLiga #RealMadrid #RayoVallecano #Football"
match_fmb_epl_2026-27_20260912_sunderland_arsenal,Premier League,EPL,2026/27,2026-09-13,Sunday,12:30 AM,Sunderland,Arsenal,finished,,false,false,-23,MATCH_RESULT,Sunderland vs Arsenal,"Sunderland vs Arsenal

📅 Sunday, 13 Sep 2026
⏰ 12:30 AM IST

#PremierLeague #Sunderland #Arsenal #Football"
match_fmb_it1_2026-27_20260914_como_parma,Serie A,Serie A,2026/27,2026-09-14,Monday,10:00 PM,Como,Parma,finished,,false,false,-22,MATCH_RESULT,Como vs Parma,"Como vs Parma

📅 Monday, 14 Sep 2026
⏰ 10:00 PM IST

#SerieA #Como #Parma #Football"
match_fmb_it1_2026-27_20260914_torino_roma,Serie A,Serie A,2026/27,2026-09-14,Monday,10:00 PM,Torino,Roma,finished,,false,false,-22,MATCH_RESULT,Torino vs Roma,"Torino vs Roma

📅 Monday, 14 Sep 2026
⏰ 10:00 PM IST

#SerieA #Torino #Roma #Football"
match_fmb_fr1_2026-27_20260913_brest_paris_saint_germain,Ligue 1,Ligue 1,2026/27,2026-09-14,Monday,12:15 AM,Brest,Paris Saint-Germain,finished,,false,false,-22,MATCH_RESULT,Brest vs Paris Saint-Germain,"Brest vs Paris Saint-Germain

📅 Monday, 14 Sep 2026
⏰ 12:15 AM IST

#Ligue1 #Brest #ParisSaintGermain #Football"
match_fmb_it1_2026-27_20260913_sassuolo_juventus,Serie A,Serie A,2026/27,2026-09-14,Monday,12:15 AM,Sassuolo,Juventus,finished,,false,false,-22,MATCH_RESULT,Sassuolo vs Juventus,"Sassuolo vs Juventus

📅 Monday, 14 Sep 2026
⏰ 12:15 AM IST

#SerieA #Sassuolo #Juventus #Football"
match_fmb_es1_2026-27_20260913_real_sociedad_atletico_madrid,La Liga,LaLiga,2026/27,2026-09-14,Monday,12:30 AM,Real Sociedad,Atlético Madrid,finished,,false,false,-22,MATCH_RESULT,Real Sociedad vs Atlético Madrid,"Real Sociedad vs Atlético Madrid

📅 Monday, 14 Sep 2026
⏰ 12:30 AM IST

#LaLiga #RealSociedad #AtlticoMadrid #Football"
match_fmb_it1_2026-27_20260914_inter_udinese,Serie A,Serie A,2026/27,2026-09-15,Tuesday,12:15 AM,Inter,Udinese,finished,,false,false,-21,MATCH_RESULT,Inter vs Udinese,"Inter vs Udinese

📅 Tuesday, 15 Sep 2026
⏰ 12:15 AM IST

#SerieA #Inter #Udinese #Football"
match_fmb_epl_2026-27_20260914_leeds_united_newcastle_united,Premier League,EPL,2026/27,2026-09-15,Tuesday,12:30 AM,Leeds United,Newcastle United,finished,,false,false,-21,MATCH_RESULT,Leeds United vs Newcastle United,"Leeds United vs Newcastle United

📅 Tuesday, 15 Sep 2026
⏰ 12:30 AM IST

#PremierLeague #LeedsUnited #NewcastleUnited #Football"
match_fmb_uel_2026-27_20260916_ararat_armenia_sparta_prague,Europa League,UEL,2026/27,2026-09-16,Wednesday,10:15 PM,Ararat Armenia,Sparta Prague,finished,,false,false,-20,MATCH_RESULT,Ararat Armenia vs Sparta Prague,"Ararat Armenia vs Sparta Prague

📅 Wednesday, 16 Sep 2026
⏰ 10:15 PM IST

#EuropaLeague #AraratArmenia #SpartaPrague #Football"
match_fmb_uel_2026-27_20260916_omonia_nicosia_celta_vigo,Europa League,UEL,2026/27,2026-09-16,Wednesday,10:15 PM,Omonia Nicosia,Celta Vigo,finished,,false,false,-20,MATCH_RESULT,Omonia Nicosia vs Celta Vigo,"Omonia Nicosia vs Celta Vigo

📅 Wednesday, 16 Sep 2026
⏰ 10:15 PM IST

#EuropaLeague #OmoniaNicosia #CeltaVigo #Football"
match_fmb_uel_2026-27_20260917_levski_sofia_salzburg,Europa League,UEL,2026/27,2026-09-17,Thursday,10:15 PM,Levski Sofia,Salzburg,finished,,false,false,-19,MATCH_RESULT,Levski Sofia vs Salzburg,"Levski Sofia vs Salzburg

📅 Thursday, 17 Sep 2026
⏰ 10:15 PM IST

#EuropaLeague #LevskiSofia #Salzburg #Football"
match_fmb_uel_2026-27_20260917_ofi_crete_hoffenheim,Europa League,UEL,2026/27,2026-09-17,Thursday,10:15 PM,OFI Crete,Hoffenheim,finished,,false,false,-19,MATCH_RESULT,OFI Crete vs Hoffenheim,"OFI Crete vs Hoffenheim

📅 Thursday, 17 Sep 2026
⏰ 10:15 PM IST

#EuropaLeague #OFICrete #Hoffenheim #Football"
match_fmb_uel_2026-27_20260916_anderlecht_lyon,Europa League,UEL,2026/27,2026-09-17,Thursday,12:30 AM,Anderlecht,Lyon,finished,,false,false,-19,MATCH_RESULT,Anderlecht vs Lyon,"Anderlecht vs Lyon

📅 Thursday, 17 Sep 2026
⏰ 12:30 AM IST

#EuropaLeague #Anderlecht #Lyon #Football"
match_fmb_uel_2026-27_20260916_bayer_leverkusen_nk_celje,Europa League,UEL,2026/27,2026-09-17,Thursday,12:30 AM,Bayer Leverkusen,NK Celje,finished,,false,false,-19,MATCH_RESULT,Bayer Leverkusen vs NK Celje,"Bayer Leverkusen vs NK Celje

📅 Thursday, 17 Sep 2026
⏰ 12:30 AM IST

#EuropaLeague #BayerLeverkusen #NKCelje #Football"
match_fmb_uel_2026-27_20260916_hapoel_beer_sheva_dinamo_zagreb,Europa League,UEL,2026/27,2026-09-17,Thursday,12:30 AM,Hapoel Beer Sheva,Dinamo Zagreb,finished,,false,false,-19,MATCH_RESULT,Hapoel Beer Sheva vs Dinamo Zagreb,"Hapoel Beer Sheva vs Dinamo Zagreb

📅 Thursday, 17 Sep 2026
⏰ 12:30 AM IST

#EuropaLeague #HapoelBeerSheva #DinamoZagreb #Football"
match_fmb_uel_2026-27_20260916_milan_benfica,Europa League,UEL,2026/27,2026-09-17,Thursday,12:30 AM,Milan,Benfica,finished,,false,false,-19,MATCH_RESULT,Milan vs Benfica,"Milan vs Benfica

📅 Thursday, 17 Sep 2026
⏰ 12:30 AM IST

#EuropaLeague #Milan #Benfica #Football"
match_fmb_uel_2026-27_20260916_olympiacos_jagiellonia_bia_ystok,Europa League,UEL,2026/27,2026-09-17,Thursday,12:30 AM,Olympiacos,Jagiellonia Białystok,finished,,false,false,-19,MATCH_RESULT,Olympiacos vs Jagiellonia Białystok,"Olympiacos vs Jagiellonia Białystok

📅 Thursday, 17 Sep 2026
⏰ 12:30 AM IST

#EuropaLeague #Olympiacos #JagielloniaBiaystok #Football"
match_fmb_uel_2026-27_20260916_sturm_graz_rennes,Europa League,UEL,2026/27,2026-09-17,Thursday,12:30 AM,Sturm Graz,Rennes,finished,,false,false,-19,MATCH_RESULT,Sturm Graz vs Rennes,"Sturm Graz vs Rennes

📅 Thursday, 17 Sep 2026
⏰ 12:30 AM IST

#EuropaLeague #SturmGraz #Rennes #Football"
match_fmb_uel_2026-27_20260916_sunderland_az_alkmaar,Europa League,UEL,2026/27,2026-09-17,Thursday,12:30 AM,Sunderland,AZ Alkmaar,finished,,false,false,-19,MATCH_RESULT,Sunderland vs AZ Alkmaar,"Sunderland vs AZ Alkmaar

📅 Thursday, 17 Sep 2026
⏰ 12:30 AM IST

#EuropaLeague #Sunderland #AZAlkmaar #Football"
match_fmb_uel_2026-27_20260917_besiktas_marseille,Europa League,UEL,2026/27,2026-09-18,Friday,12:30 AM,Beşiktaş,Marseille,finished,,false,false,-18,MATCH_RESULT,Beşiktaş vs Marseille,"Beşiktaş vs Marseille

📅 Friday, 18 Sep 2026
⏰ 12:30 AM IST

#EuropaLeague #Beikta #Marseille #Football"
match_fmb_uel_2026-27_20260917_celtic_ferencvaros,Europa League,UEL,2026/27,2026-09-18,Friday,12:30 AM,Celtic,Ferencváros,finished,,false,false,-18,MATCH_RESULT,Celtic vs Ferencváros,"Celtic vs Ferencváros

📅 Friday, 18 Sep 2026
⏰ 12:30 AM IST

#EuropaLeague #Celtic #Ferencvros #Football"
match_fmb_uel_2026-27_20260917_crystal_palace_lech_poznan,Europa League,UEL,2026/27,2026-09-18,Friday,12:30 AM,Crystal Palace,Lech Poznań,finished,,false,false,-18,MATCH_RESULT,Crystal Palace vs Lech Poznań,"Crystal Palace vs Lech Poznań

📅 Friday, 18 Sep 2026
⏰ 12:30 AM IST

#EuropaLeague #CrystalPalace #LechPozna #Football"
match_fmb_uel_2026-27_20260917_juventus_nec_nijmegen,Europa League,UEL,2026/27,2026-09-18,Friday,12:30 AM,Juventus,NEC Nijmegen,finished,,false,false,-18,MATCH_RESULT,Juventus vs NEC Nijmegen,"Juventus vs NEC Nijmegen

📅 Friday, 18 Sep 2026
⏰ 12:30 AM IST

#EuropaLeague #Juventus #NECNijmegen #Football"
match_fmb_uel_2026-27_20260917_lillestr_m_torreense,Europa League,UEL,2026/27,2026-09-18,Friday,12:30 AM,Lillestrøm,Torreense,finished,,false,false,-18,MATCH_RESULT,Lillestrøm vs Torreense,"Lillestrøm vs Torreense

📅 Friday, 18 Sep 2026
⏰ 12:30 AM IST

#EuropaLeague #Lillestrm #Torreense #Football"
match_fmb_uel_2026-27_20260917_real_sociedad_afc_bournemouth,Europa League,UEL,2026/27,2026-09-18,Friday,12:30 AM,Real Sociedad,AFC Bournemouth,finished,,false,false,-18,MATCH_RESULT,Real Sociedad vs AFC Bournemouth,"Real Sociedad vs AFC Bournemouth

📅 Friday, 18 Sep 2026
⏰ 12:30 AM IST

#EuropaLeague #RealSociedad #AFCBournemouth #Football"
match_fmb_uel_2026-27_20260917_viktoria_plzen_union_st_gilloise,Europa League,UEL,2026/27,2026-09-18,Friday,12:30 AM,Viktoria Plzeň,Union St.Gilloise,finished,,false,false,-18,MATCH_RESULT,Viktoria Plzeň vs Union St.Gilloise,"Viktoria Plzeň vs Union St.Gilloise

📅 Friday, 18 Sep 2026
⏰ 12:30 AM IST

#EuropaLeague #ViktoriaPlze #UnionStGilloise #Football"
match_fmb_epl_2026-27_20260919_tottenham_hotspur_aston_villa,Premier League,EPL,2026/27,2026-09-19,Saturday,05:00 PM,Tottenham Hotspur,Aston Villa,finished,,false,false,-17,MATCH_RESULT,Tottenham Hotspur vs Aston Villa,"Tottenham Hotspur vs Aston Villa

📅 Saturday, 19 Sep 2026
⏰ 05:00 PM IST

#PremierLeague #TottenhamHotspur #AstonVilla #Football"
match_fmb_it1_2026-27_20260919_bologna_torino,Serie A,Serie A,2026/27,2026-09-19,Saturday,06:30 PM,Bologna,Torino,finished,,false,false,-17,MATCH_RESULT,Bologna vs Torino,"Bologna vs Torino

📅 Saturday, 19 Sep 2026
⏰ 06:30 PM IST

#SerieA #Bologna #Torino #Football"
match_fmb_it1_2026-27_20260919_udinese_cagliari,Serie A,Serie A,2026/27,2026-09-19,Saturday,06:30 PM,Udinese,Cagliari,finished,,false,false,-17,MATCH_RESULT,Udinese vs Cagliari,"Udinese vs Cagliari

📅 Saturday, 19 Sep 2026
⏰ 06:30 PM IST

#SerieA #Udinese #Cagliari #Football"
match_fmb_de1_2026-27_20260919_borussia_monchengladbach_mainz_05,Bundesliga,Bundesliga,2026/27,2026-09-19,Saturday,07:00 PM,Borussia Mönchengladbach,Mainz 05,finished,,false,false,-17,MATCH_RESULT,Borussia Mönchengladbach vs Mainz 05,"Borussia Mönchengladbach vs Mainz 05

📅 Saturday, 19 Sep 2026
⏰ 07:00 PM IST

#Bundesliga #BorussiaMnchengladbach #Mainz05 #Football"
match_fmb_de1_2026-27_20260919_eintracht_frankfurt_freiburg,Bundesliga,Bundesliga,2026/27,2026-09-19,Saturday,07:00 PM,Eintracht Frankfurt,Freiburg,finished,,false,false,-17,MATCH_RESULT,Eintracht Frankfurt vs Freiburg,"Eintracht Frankfurt vs Freiburg

📅 Saturday, 19 Sep 2026
⏰ 07:00 PM IST

#Bundesliga #EintrachtFrankfurt #Freiburg #Football"
match_fmb_de1_2026-27_20260919_hamburger_sv_1_fc_koln,Bundesliga,Bundesliga,2026/27,2026-09-19,Saturday,07:00 PM,Hamburger SV,1. FC Köln,finished,,false,false,-17,MATCH_RESULT,Hamburger SV vs 1. FC Köln,"Hamburger SV vs 1. FC Köln

📅 Saturday, 19 Sep 2026
⏰ 07:00 PM IST

#Bundesliga #HamburgerSV #1FCKln #Football"
match_fmb_de1_2026-27_20260919_werder_bremen_augsburg,Bundesliga,Bundesliga,2026/27,2026-09-19,Saturday,07:00 PM,Werder Bremen,Augsburg,finished,,false,false,-17,MATCH_RESULT,Werder Bremen vs Augsburg,"Werder Bremen vs Augsburg

📅 Saturday, 19 Sep 2026
⏰ 07:00 PM IST

#Bundesliga #WerderBremen #Augsburg #Football"
match_fmb_epl_2026-27_20260919_brighton_hove_albion_arsenal,Premier League,EPL,2026/27,2026-09-19,Saturday,07:30 PM,Brighton & Hove Albion,Arsenal,finished,,false,false,-17,MATCH_RESULT,Brighton & Hove Albion vs Arsenal,"Brighton & Hove Albion vs Arsenal

📅 Saturday, 19 Sep 2026
⏰ 07:30 PM IST

#PremierLeague #BrightonandHoveAlbion #Arsenal #Football"
match_fmb_epl_2026-27_20260919_everton_ipswich_town,Premier League,EPL,2026/27,2026-09-19,Saturday,07:30 PM,Everton,Ipswich Town,finished,,false,false,-17,MATCH_RESULT,Everton vs Ipswich Town,"Everton vs Ipswich Town

📅 Saturday, 19 Sep 2026
⏰ 07:30 PM IST

#PremierLeague #Everton #IpswichTown #Football"
match_fmb_epl_2026-27_20260919_newcastle_united_hull_city,Premier League,EPL,2026/27,2026-09-19,Saturday,07:30 PM,Newcastle United,Hull City,finished,,false,false,-17,MATCH_RESULT,Newcastle United vs Hull City,"Newcastle United vs Hull City

📅 Saturday, 19 Sep 2026
⏰ 07:30 PM IST

#PremierLeague #NewcastleUnited #HullCity #Football"
match_fmb_fr1_2026-27_20260919_paris_fc_strasbourg,Ligue 1,Ligue 1,2026/27,2026-09-19,Saturday,08:45 PM,Paris FC,Strasbourg,finished,,false,false,-17,MATCH_RESULT,Paris FC vs Strasbourg,"Paris FC vs Strasbourg

📅 Saturday, 19 Sep 2026
⏰ 08:45 PM IST

#Ligue1 #ParisFC #Strasbourg #Football"
match_fmb_it1_2026-27_20260919_roma_inter,Serie A,Serie A,2026/27,2026-09-19,Saturday,09:30 PM,Roma,Inter,finished,,false,false,-17,MATCH_RESULT,Roma vs Inter,"Roma vs Inter

📅 Saturday, 19 Sep 2026
⏰ 09:30 PM IST

#SerieA #Roma #Inter #Football"
match_fmb_de1_2026-27_20260919_vfb_stuttgart_borussia_dortmund,Bundesliga,Bundesliga,2026/27,2026-09-19,Saturday,10:00 PM,VfB Stuttgart,Borussia Dortmund,finished,,false,false,-17,MATCH_RESULT,VfB Stuttgart vs Borussia Dortmund,"VfB Stuttgart vs Borussia Dortmund

📅 Saturday, 19 Sep 2026
⏰ 10:00 PM IST

#Bundesliga #VfBStuttgart #BorussiaDortmund #Football"
match_fmb_epl_2026-27_20260919_nottingham_forest_coventry_city,Premier League,EPL,2026/27,2026-09-19,Saturday,10:00 PM,Nottingham Forest,Coventry City,finished,,false,false,-17,MATCH_RESULT,Nottingham Forest vs Coventry City,"Nottingham Forest vs Coventry City

📅 Saturday, 19 Sep 2026
⏰ 10:00 PM IST

#PremierLeague #NottinghamForest #CoventryCity #Football"
match_fmb_de1_2026-27_20260918_bayern_munchen_union_berlin,Bundesliga,Bundesliga,2026/27,2026-09-19,Saturday,12:00 AM,Bayern München,Union Berlin,finished,,false,false,-17,MATCH_RESULT,Bayern München vs Union Berlin,"Bayern München vs Union Berlin

📅 Saturday, 19 Sep 2026
⏰ 12:00 AM IST

#Bundesliga #BayernMnchen #UnionBerlin #Football"
match_fmb_fr1_2026-27_20260918_monaco_lens,Ligue 1,Ligue 1,2026/27,2026-09-19,Saturday,12:15 AM,Monaco,Lens,finished,,false,false,-17,MATCH_RESULT,Monaco vs Lens,"Monaco vs Lens

📅 Saturday, 19 Sep 2026
⏰ 12:15 AM IST

#Ligue1 #Monaco #Lens #Football"
match_fmb_it1_2026-27_20260918_monza_sassuolo,Serie A,Serie A,2026/27,2026-09-19,Saturday,12:15 AM,Monza,Sassuolo,finished,,false,false,-17,MATCH_RESULT,Monza vs Sassuolo,"Monza vs Sassuolo

📅 Saturday, 19 Sep 2026
⏰ 12:15 AM IST

#SerieA #Monza #Sassuolo #Football"
match_fmb_epl_2026-27_20260918_brentford_chelsea,Premier League,EPL,2026/27,2026-09-19,Saturday,12:30 AM,Brentford,Chelsea,finished,,false,false,-17,MATCH_RESULT,Brentford vs Chelsea,"Brentford vs Chelsea

📅 Saturday, 19 Sep 2026
⏰ 12:30 AM IST

#PremierLeague #Brentford #Chelsea #Football"
match_fmb_it1_2026-27_20260920_fiorentina_napoli,Serie A,Serie A,2026/27,2026-09-20,Sunday,04:00 PM,Fiorentina,Napoli,finished,,false,false,-16,MATCH_RESULT,Fiorentina vs Napoli,"Fiorentina vs Napoli

📅 Sunday, 20 Sep 2026
⏰ 04:00 PM IST

#SerieA #Fiorentina #Napoli #Football"
match_fmb_fr1_2026-27_20260920_auxerre_brest,Ligue 1,Ligue 1,2026/27,2026-09-20,Sunday,06:30 PM,Auxerre,Brest,finished,,false,false,-16,MATCH_RESULT,Auxerre vs Brest,"Auxerre vs Brest

📅 Sunday, 20 Sep 2026
⏰ 06:30 PM IST

#Ligue1 #Auxerre #Brest #Football"
match_fmb_epl_2026-27_20260920_afc_bournemouth_liverpool,Premier League,EPL,2026/27,2026-09-20,Sunday,06:30 PM,AFC Bournemouth,Liverpool,finished,,false,false,-16,MATCH_RESULT,AFC Bournemouth vs Liverpool,"AFC Bournemouth vs Liverpool

📅 Sunday, 20 Sep 2026
⏰ 06:30 PM IST

#PremierLeague #AFCBournemouth #Liverpool #Football"
match_fmb_epl_2026-27_20260920_leeds_united_crystal_palace,Premier League,EPL,2026/27,2026-09-20,Sunday,06:30 PM,Leeds United,Crystal Palace,finished,,false,false,-16,MATCH_RESULT,Leeds United vs Crystal Palace,"Leeds United vs Crystal Palace

📅 Sunday, 20 Sep 2026
⏰ 06:30 PM IST

#PremierLeague #LeedsUnited #CrystalPalace #Football"
match_fmb_epl_2026-27_20260920_manchester_city_sunderland,Premier League,EPL,2026/27,2026-09-20,Sunday,06:30 PM,Manchester City,Sunderland,finished,,false,false,-16,MATCH_RESULT,Manchester City vs Sunderland,"Manchester City vs Sunderland

📅 Sunday, 20 Sep 2026
⏰ 06:30 PM IST

#PremierLeague #ManchesterCity #Sunderland #Football"
match_fmb_it1_2026-27_20260920_frosinone_como,Serie A,Serie A,2026/27,2026-09-20,Sunday,06:30 PM,Frosinone,Como,finished,,false,false,-16,MATCH_RESULT,Frosinone vs Como,"Frosinone vs Como

📅 Sunday, 20 Sep 2026
⏰ 06:30 PM IST

#SerieA #Frosinone #Como #Football"
match_fmb_it1_2026-27_20260920_parma_genoa,Serie A,Serie A,2026/27,2026-09-20,Sunday,06:30 PM,Parma,Genoa,finished,,false,false,-16,MATCH_RESULT,Parma vs Genoa,"Parma vs Genoa

📅 Sunday, 20 Sep 2026
⏰ 06:30 PM IST

#SerieA #Parma #Genoa #Football"
match_fmb_de1_2026-27_20260920_bayer_leverkusen_rb_leipzig,Bundesliga,Bundesliga,2026/27,2026-09-20,Sunday,07:00 PM,Bayer Leverkusen,RB Leipzig,finished,,false,false,-16,MATCH_RESULT,Bayer Leverkusen vs RB Leipzig,"Bayer Leverkusen vs RB Leipzig

📅 Sunday, 20 Sep 2026
⏰ 07:00 PM IST

#Bundesliga #BayerLeverkusen #RBLeipzig #Football"
match_fmb_fr1_2026-27_20260920_nice_lille,Ligue 1,Ligue 1,2026/27,2026-09-20,Sunday,08:45 PM,Nice,Lille,finished,,false,false,-16,MATCH_RESULT,Nice vs Lille,"Nice vs Lille

📅 Sunday, 20 Sep 2026
⏰ 08:45 PM IST

#Ligue1 #Nice #Lille #Football"
match_fmb_de1_2026-27_20260920_schalke_04_elversberg,Bundesliga,Bundesliga,2026/27,2026-09-20,Sunday,09:00 PM,Schalke 04,Elversberg,finished,,false,false,-16,MATCH_RESULT,Schalke 04 vs Elversberg,"Schalke 04 vs Elversberg

📅 Sunday, 20 Sep 2026
⏰ 09:00 PM IST

#Bundesliga #Schalke04 #Elversberg #Football"
match_fmb_epl_2026-27_20260920_fulham_manchester_united,Premier League,EPL,2026/27,2026-09-20,Sunday,09:00 PM,Fulham,Manchester United,finished,,false,false,-16,MATCH_RESULT,Fulham vs Manchester United,"Fulham vs Manchester United

📅 Sunday, 20 Sep 2026
⏰ 09:00 PM IST

#PremierLeague #Fulham #ManchesterUnited #Football"
match_fmb_it1_2026-27_20260920_juventus_atalanta,Serie A,Serie A,2026/27,2026-09-20,Sunday,09:30 PM,Juventus,Atalanta,finished,,false,false,-16,MATCH_RESULT,Juventus vs Atalanta,"Juventus vs Atalanta

📅 Sunday, 20 Sep 2026
⏰ 09:30 PM IST

#SerieA #Juventus #Atalanta #Football"
match_fmb_de1_2026-27_20260920_paderborn_hoffenheim,Bundesliga,Bundesliga,2026/27,2026-09-20,Sunday,11:00 PM,Paderborn,Hoffenheim,finished,,false,false,-16,MATCH_RESULT,Paderborn vs Hoffenheim,"Paderborn vs Hoffenheim

📅 Sunday, 20 Sep 2026
⏰ 11:00 PM IST

#Bundesliga #Paderborn #Hoffenheim #Football"
match_fmb_fr1_2026-27_20260919_angers_troyes,Ligue 1,Ligue 1,2026/27,2026-09-20,Sunday,12:15 AM,Angers,Troyes,finished,,false,false,-16,MATCH_RESULT,Angers vs Troyes,"Angers vs Troyes

📅 Sunday, 20 Sep 2026
⏰ 12:15 AM IST

#Ligue1 #Angers #Troyes #Football"
match_fmb_fr1_2026-27_20260919_le_mans_lorient,Ligue 1,Ligue 1,2026/27,2026-09-20,Sunday,12:15 AM,Le Mans,Lorient,finished,,false,false,-16,MATCH_RESULT,Le Mans vs Lorient,"Le Mans vs Lorient

📅 Sunday, 20 Sep 2026
⏰ 12:15 AM IST

#Ligue1 #LeMans #Lorient #Football"
match_fmb_fr1_2026-27_20260919_lyon_rennes,Ligue 1,Ligue 1,2026/27,2026-09-20,Sunday,12:15 AM,Lyon,Rennes,finished,,false,false,-16,MATCH_RESULT,Lyon vs Rennes,"Lyon vs Rennes

📅 Sunday, 20 Sep 2026
⏰ 12:15 AM IST

#Ligue1 #Lyon #Rennes #Football"
match_fmb_fr1_2026-27_20260919_toulouse_le_havre,Ligue 1,Ligue 1,2026/27,2026-09-20,Sunday,12:15 AM,Toulouse,Le Havre,finished,,false,false,-16,MATCH_RESULT,Toulouse vs Le Havre,"Toulouse vs Le Havre

📅 Sunday, 20 Sep 2026
⏰ 12:15 AM IST

#Ligue1 #Toulouse #LeHavre #Football"
match_fmb_it1_2026-27_20260919_venezia_lazio,Serie A,Serie A,2026/27,2026-09-20,Sunday,12:15 AM,Venezia,Lazio,finished,,false,false,-16,MATCH_RESULT,Venezia vs Lazio,"Venezia vs Lazio

📅 Sunday, 20 Sep 2026
⏰ 12:15 AM IST

#SerieA #Venezia #Lazio #Football"
match_fmb_fr1_2026-27_20260920_marseille_paris_saint_germain,Ligue 1,Ligue 1,2026/27,2026-09-21,Monday,12:15 AM,Marseille,Paris Saint-Germain,finished,,false,false,-15,MATCH_RESULT,Marseille vs Paris Saint-Germain,"Marseille vs Paris Saint-Germain

📅 Monday, 21 Sep 2026
⏰ 12:15 AM IST

#Ligue1 #Marseille #ParisSaintGermain #Football"
match_fmb_it1_2026-27_20260920_milan_lecce,Serie A,Serie A,2026/27,2026-09-21,Monday,12:15 AM,Milan,Lecce,finished,,false,false,-15,MATCH_RESULT,Milan vs Lecce,"Milan vs Lecce

📅 Monday, 21 Sep 2026
⏰ 12:15 AM IST

#SerieA #Milan #Lecce #Football"
match_fmb_unl_2026-27_20260924_andorra_malta,UEFA Nations League,Nations League,2026/27,2026-09-24,Thursday,09:30 PM,Andorra,Malta,finished,,false,false,-12,MATCH_RESULT,Andorra vs Malta,"Andorra vs Malta

📅 Thursday, 24 Sep 2026
⏰ 09:30 PM IST

#UEFANationsLeague #Andorra #Malta #Football"
match_fmb_unl_2026-27_20260925_armenia_latvia,UEFA Nations League,Nations League,2026/27,2026-09-25,Friday,09:30 PM,Armenia,Latvia,finished,,false,false,-11,MATCH_RESULT,Armenia vs Latvia,"Armenia vs Latvia

📅 Friday, 25 Sep 2026
⏰ 09:30 PM IST

#UEFANationsLeague #Armenia #Latvia #Football"
match_fmb_unl_2026-27_20260925_georgia_northern_ireland,UEFA Nations League,Nations League,2026/27,2026-09-25,Friday,09:30 PM,Georgia,Northern Ireland,finished,,false,false,-11,MATCH_RESULT,Georgia vs Northern Ireland,"Georgia vs Northern Ireland

📅 Friday, 25 Sep 2026
⏰ 09:30 PM IST

#UEFANationsLeague #Georgia #NorthernIreland #Football"
match_fmb_unl_2026-27_20260924_austria_israel,UEFA Nations League,Nations League,2026/27,2026-09-25,Friday,12:15 AM,Austria,Israel,finished,,false,false,-11,MATCH_RESULT,Austria vs Israel,"Austria vs Israel

📅 Friday, 25 Sep 2026
⏰ 12:15 AM IST

#UEFANationsLeague #Austria #Israel #Football"
match_fmb_unl_2026-27_20260924_kosovo_ireland,UEFA Nations League,Nations League,2026/27,2026-09-25,Friday,12:15 AM,Kosovo,Ireland,finished,,false,false,-11,MATCH_RESULT,Kosovo vs Ireland,"Kosovo vs Ireland

📅 Friday, 25 Sep 2026
⏰ 12:15 AM IST

#UEFANationsLeague #Kosovo #Ireland #Football"
match_fmb_unl_2026-27_20260924_liechtenstein_lithuania,UEFA Nations League,Nations League,2026/27,2026-09-25,Friday,12:15 AM,Liechtenstein,Lithuania,finished,,false,false,-11,MATCH_RESULT,Liechtenstein vs Lithuania,"Liechtenstein vs Lithuania

📅 Friday, 25 Sep 2026
⏰ 12:15 AM IST

#UEFANationsLeague #Liechtenstein #Lithuania #Football"
match_fmb_unl_2026-27_20260924_netherlands_germany,UEFA Nations League,Nations League,2026/27,2026-09-25,Friday,12:15 AM,Netherlands,Germany,finished,,false,false,-11,MATCH_RESULT,Netherlands vs Germany,"Netherlands vs Germany

📅 Friday, 25 Sep 2026
⏰ 12:15 AM IST

#UEFANationsLeague #Netherlands #Germany #Football"
match_fmb_unl_2026-27_20260924_norway_denmark,UEFA Nations League,Nations League,2026/27,2026-09-25,Friday,12:15 AM,Norway,Denmark,finished,,false,false,-11,MATCH_RESULT,Norway vs Denmark,"Norway vs Denmark

📅 Friday, 25 Sep 2026
⏰ 12:15 AM IST

#UEFANationsLeague #Norway #Denmark #Football"
match_fmb_unl_2026-27_20260924_portugal_wales,UEFA Nations League,Nations League,2026/27,2026-09-25,Friday,12:15 AM,Portugal,Wales,finished,,false,false,-11,MATCH_RESULT,Portugal vs Wales,"Portugal vs Wales

📅 Friday, 25 Sep 2026
⏰ 12:15 AM IST

#UEFANationsLeague #Portugal #Wales #Football"
match_fmb_unl_2026-27_20260924_serbia_greece,UEFA Nations League,Nations League,2026/27,2026-09-25,Friday,12:15 AM,Serbia,Greece,finished,,false,false,-11,MATCH_RESULT,Serbia vs Greece,"Serbia vs Greece

📅 Friday, 25 Sep 2026
⏰ 12:15 AM IST

#UEFANationsLeague #Serbia #Greece #Football"
match_fmb_unl_2026-27_20260926_slovenia_scotland,UEFA Nations League,Nations League,2026/27,2026-09-26,Saturday,06:30 PM,Slovenia,Scotland,finished,,false,false,-10,MATCH_RESULT,Slovenia vs Scotland,"Slovenia vs Scotland

📅 Saturday, 26 Sep 2026
⏰ 06:30 PM IST

#UEFANationsLeague #Slovenia #Scotland #Football"
match_fmb_unl_2026-27_20260926_bulgaria_luxembourg,UEFA Nations League,Nations League,2026/27,2026-09-26,Saturday,09:30 PM,Bulgaria,Luxembourg,finished,,false,false,-10,MATCH_RESULT,Bulgaria vs Luxembourg,"Bulgaria vs Luxembourg

📅 Saturday, 26 Sep 2026
⏰ 09:30 PM IST

#UEFANationsLeague #Bulgaria #Luxembourg #Football"
match_fmb_unl_2026-27_20260926_faroe_islands_kazakhstan,UEFA Nations League,Nations League,2026/27,2026-09-26,Saturday,09:30 PM,Faroe Islands,Kazakhstan,finished,,false,false,-10,MATCH_RESULT,Faroe Islands vs Kazakhstan,"Faroe Islands vs Kazakhstan

📅 Saturday, 26 Sep 2026
⏰ 09:30 PM IST

#UEFANationsLeague #FaroeIslands #Kazakhstan #Football"
match_fmb_unl_2026-27_20260926_iceland_estonia,UEFA Nations League,Nations League,2026/27,2026-09-26,Saturday,09:30 PM,Iceland,Estonia,finished,,false,false,-10,MATCH_RESULT,Iceland vs Estonia,"Iceland vs Estonia

📅 Saturday, 26 Sep 2026
⏰ 09:30 PM IST

#UEFANationsLeague #Iceland #Estonia #Football"
match_fmb_unl_2026-27_20260926_san_marino_finland,UEFA Nations League,Nations League,2026/27,2026-09-26,Saturday,09:30 PM,San Marino,Finland,finished,,false,false,-10,MATCH_RESULT,San Marino vs Finland,"San Marino vs Finland

📅 Saturday, 26 Sep 2026
⏰ 09:30 PM IST

#UEFANationsLeague #SanMarino #Finland #Football"
match_fmb_unl_2026-27_20260925_hungary_ukraine,UEFA Nations League,Nations League,2026/27,2026-09-26,Saturday,12:15 AM,Hungary,Ukraine,finished,,false,false,-10,MATCH_RESULT,Hungary vs Ukraine,"Hungary vs Ukraine

📅 Saturday, 26 Sep 2026
⏰ 12:15 AM IST

#UEFANationsLeague #Hungary #Ukraine #Football"
match_fmb_unl_2026-27_20260925_italy_belgium,UEFA Nations League,Nations League,2026/27,2026-09-26,Saturday,12:15 AM,Italy,Belgium,finished,,false,false,-10,MATCH_RESULT,Italy vs Belgium,"Italy vs Belgium

📅 Saturday, 26 Sep 2026
⏰ 12:15 AM IST

#UEFANationsLeague #Italy #Belgium #Football"
match_fmb_unl_2026-27_20260925_montenegro_cyprus,UEFA Nations League,Nations League,2026/27,2026-09-26,Saturday,12:15 AM,Montenegro,Cyprus,finished,,false,false,-10,MATCH_RESULT,Montenegro vs Cyprus,"Montenegro vs Cyprus

📅 Saturday, 26 Sep 2026
⏰ 12:15 AM IST

#UEFANationsLeague #Montenegro #Cyprus #Football"
match_fmb_unl_2026-27_20260925_poland_bosnia_and_herzegovina,UEFA Nations League,Nations League,2026/27,2026-09-26,Saturday,12:15 AM,Poland,Bosnia and Herzegovina,finished,,false,false,-10,MATCH_RESULT,Poland vs Bosnia and Herzegovina,"Poland vs Bosnia and Herzegovina

📅 Saturday, 26 Sep 2026
⏰ 12:15 AM IST

#UEFANationsLeague #Poland #BosniaandHerzegovina #Football"
match_fmb_unl_2026-27_20260925_sweden_romania,UEFA Nations League,Nations League,2026/27,2026-09-26,Saturday,12:15 AM,Sweden,Romania,finished,,false,false,-10,MATCH_RESULT,Sweden vs Romania,"Sweden vs Romania

📅 Saturday, 26 Sep 2026
⏰ 12:15 AM IST

#UEFANationsLeague #Sweden #Romania #Football"
match_fmb_unl_2026-27_20260925_turkiye_france,UEFA Nations League,Nations League,2026/27,2026-09-26,Saturday,12:15 AM,Turkiye,France,finished,,false,false,-10,MATCH_RESULT,Turkiye vs France,"Turkiye vs France

📅 Saturday, 26 Sep 2026
⏰ 12:15 AM IST

#UEFANationsLeague #Turkiye #France #Football"
match_fmb_unl_2026-27_20260927_lithuania_azerbaijan,UEFA Nations League,Nations League,2026/27,2026-09-27,Sunday,06:30 PM,Lithuania,Azerbaijan,finished,,false,false,-9,MATCH_RESULT,Lithuania vs Azerbaijan,"Lithuania vs Azerbaijan

📅 Sunday, 27 Sep 2026
⏰ 06:30 PM IST

#UEFANationsLeague #Lithuania #Azerbaijan #Football"
match_fmb_unl_2026-27_20260927_austria_kosovo,UEFA Nations League,Nations League,2026/27,2026-09-27,Sunday,09:30 PM,Austria,Kosovo,finished,,false,false,-9,MATCH_RESULT,Austria vs Kosovo,"Austria vs Kosovo

📅 Sunday, 27 Sep 2026
⏰ 09:30 PM IST

#UEFANationsLeague #Austria #Kosovo #Football"
match_fmb_unl_2026-27_20260927_denmark_wales,UEFA Nations League,Nations League,2026/27,2026-09-27,Sunday,09:30 PM,Denmark,Wales,finished,,false,false,-9,MATCH_RESULT,Denmark vs Wales,"Denmark vs Wales

📅 Sunday, 27 Sep 2026
⏰ 09:30 PM IST

#UEFANationsLeague #Denmark #Wales #Football"
match_fmb_unl_2026-27_20260927_gibraltar_andorra,UEFA Nations League,Nations League,2026/27,2026-09-27,Sunday,09:30 PM,Gibraltar,Andorra,finished,,false,false,-9,MATCH_RESULT,Gibraltar vs Andorra,"Gibraltar vs Andorra

📅 Sunday, 27 Sep 2026
⏰ 09:30 PM IST

#UEFANationsLeague #Gibraltar #Andorra #Football"
match_fmb_unl_2026-27_20260927_serbia_netherlands,UEFA Nations League,Nations League,2026/27,2026-09-27,Sunday,09:30 PM,Serbia,Netherlands,finished,,false,false,-9,MATCH_RESULT,Serbia vs Netherlands,"Serbia vs Netherlands

📅 Sunday, 27 Sep 2026
⏰ 09:30 PM IST

#UEFANationsLeague #Serbia #Netherlands #Football"
match_fmb_unl_2026-27_20260926_albania_belarus,UEFA Nations League,Nations League,2026/27,2026-09-27,Sunday,12:15 AM,Albania,Belarus,finished,,false,false,-9,MATCH_RESULT,Albania vs Belarus,"Albania vs Belarus

📅 Sunday, 27 Sep 2026
⏰ 12:15 AM IST

#UEFANationsLeague #Albania #Belarus #Football"
match_fmb_unl_2026-27_20260926_czechia_croatia,UEFA Nations League,Nations League,2026/27,2026-09-27,Sunday,12:15 AM,Czechia,Croatia,finished,,false,false,-9,MATCH_RESULT,Czechia vs Croatia,"Czechia vs Croatia

📅 Sunday, 27 Sep 2026
⏰ 12:15 AM IST

#UEFANationsLeague #Czechia #Croatia #Football"
match_fmb_unl_2026-27_20260926_england_spain,UEFA Nations League,Nations League,2026/27,2026-09-27,Sunday,12:15 AM,England,Spain,finished,,false,false,-9,MATCH_RESULT,England vs Spain,"England vs Spain

📅 Sunday, 27 Sep 2026
⏰ 12:15 AM IST

#UEFANationsLeague #England #Spain #Football"
match_fmb_unl_2026-27_20260926_north_macedonia_switzerland,UEFA Nations League,Nations League,2026/27,2026-09-27,Sunday,12:15 AM,North Macedonia,Switzerland,finished,,false,false,-9,MATCH_RESULT,North Macedonia vs Switzerland,"North Macedonia vs Switzerland

📅 Sunday, 27 Sep 2026
⏰ 12:15 AM IST

#UEFANationsLeague #NorthMacedonia #Switzerland #Football"
match_fmb_unl_2026-27_20260926_slovakia_moldova,UEFA Nations League,Nations League,2026/27,2026-09-27,Sunday,12:15 AM,Slovakia,Moldova,finished,,false,false,-9,MATCH_RESULT,Slovakia vs Moldova,"Slovakia vs Moldova

📅 Sunday, 27 Sep 2026
⏰ 12:15 AM IST

#UEFANationsLeague #Slovakia #Moldova #Football"
match_fmb_unl_2026-27_20260928_armenia_montenegro,UEFA Nations League,Nations League,2026/27,2026-09-28,Monday,09:30 PM,Armenia,Montenegro,finished,,false,false,-8,MATCH_RESULT,Armenia vs Montenegro,"Armenia vs Montenegro

📅 Monday, 28 Sep 2026
⏰ 09:30 PM IST

#UEFANationsLeague #Armenia #Montenegro #Football"
match_fmb_unl_2026-27_20260928_georgia_ukraine,UEFA Nations League,Nations League,2026/27,2026-09-28,Monday,09:30 PM,Georgia,Ukraine,finished,,false,false,-8,MATCH_RESULT,Georgia vs Ukraine,"Georgia vs Ukraine

📅 Monday, 28 Sep 2026
⏰ 09:30 PM IST

#UEFANationsLeague #Georgia #Ukraine #Football"
match_fmb_unl_2026-27_20260928_latvia_cyprus,UEFA Nations League,Nations League,2026/27,2026-09-28,Monday,09:30 PM,Latvia,Cyprus,finished,,false,false,-8,MATCH_RESULT,Latvia vs Cyprus,"Latvia vs Cyprus

📅 Monday, 28 Sep 2026
⏰ 09:30 PM IST

#UEFANationsLeague #Latvia #Cyprus #Football"
match_fmb_unl_2026-27_20260927_germany_greece,UEFA Nations League,Nations League,2026/27,2026-09-28,Monday,12:15 AM,Germany,Greece,finished,,false,false,-8,MATCH_RESULT,Germany vs Greece,"Germany vs Greece

📅 Monday, 28 Sep 2026
⏰ 12:15 AM IST

#UEFANationsLeague #Germany #Greece #Football"
match_fmb_unl_2026-27_20260927_israel_ireland,UEFA Nations League,Nations League,2026/27,2026-09-28,Monday,12:15 AM,Israel,Ireland,finished,,false,false,-8,MATCH_RESULT,Israel vs Ireland,"Israel vs Ireland

📅 Monday, 28 Sep 2026
⏰ 12:15 AM IST

#UEFANationsLeague #Israel #Ireland #Football"
match_fmb_unl_2026-27_20260927_norway_portugal,UEFA Nations League,Nations League,2026/27,2026-09-28,Monday,12:15 AM,Norway,Portugal,finished,,false,false,-8,MATCH_RESULT,Norway vs Portugal,"Norway vs Portugal

📅 Monday, 28 Sep 2026
⏰ 12:15 AM IST

#UEFANationsLeague #Norway #Portugal #Football"
match_fmb_unl_2026-27_20260929_finland_belarus,UEFA Nations League,Nations League,2026/27,2026-09-29,Tuesday,09:30 PM,Finland,Belarus,finished,,false,false,-7,MATCH_RESULT,Finland vs Belarus,"Finland vs Belarus

📅 Tuesday, 29 Sep 2026
⏰ 09:30 PM IST

#UEFANationsLeague #Finland #Belarus #Football"
match_fmb_unl_2026-27_20260929_moldova_faroe_islands,UEFA Nations League,Nations League,2026/27,2026-09-29,Tuesday,09:30 PM,Moldova,Faroe Islands,finished,,false,false,-7,MATCH_RESULT,Moldova vs Faroe Islands,"Moldova vs Faroe Islands

📅 Tuesday, 29 Sep 2026
⏰ 09:30 PM IST

#UEFANationsLeague #Moldova #FaroeIslands #Football"
match_fmb_unl_2026-27_20260928_belgium_france,UEFA Nations League,Nations League,2026/27,2026-09-29,Tuesday,12:15 AM,Belgium,France,finished,,false,false,-7,MATCH_RESULT,Belgium vs France,"Belgium vs France

📅 Tuesday, 29 Sep 2026
⏰ 12:15 AM IST

#UEFANationsLeague #Belgium #France #Football"
match_fmb_unl_2026-27_20260928_northern_ireland_hungary,UEFA Nations League,Nations League,2026/27,2026-09-29,Tuesday,12:15 AM,Northern Ireland,Hungary,finished,,false,false,-7,MATCH_RESULT,Northern Ireland vs Hungary,"Northern Ireland vs Hungary

📅 Tuesday, 29 Sep 2026
⏰ 12:15 AM IST

#UEFANationsLeague #NorthernIreland #Hungary #Football"
match_fmb_unl_2026-27_20260928_romania_bosnia_and_herzegovina,UEFA Nations League,Nations League,2026/27,2026-09-29,Tuesday,12:15 AM,Romania,Bosnia and Herzegovina,finished,,false,false,-7,MATCH_RESULT,Romania vs Bosnia and Herzegovina,"Romania vs Bosnia and Herzegovina

📅 Tuesday, 29 Sep 2026
⏰ 12:15 AM IST

#UEFANationsLeague #Romania #BosniaandHerzegovina #Football"
match_fmb_unl_2026-27_20260928_sweden_poland,UEFA Nations League,Nations League,2026/27,2026-09-29,Tuesday,12:15 AM,Sweden,Poland,finished,,false,false,-7,MATCH_RESULT,Sweden vs Poland,"Sweden vs Poland

📅 Tuesday, 29 Sep 2026
⏰ 12:15 AM IST

#UEFANationsLeague #Sweden #Poland #Football"
match_fmb_unl_2026-27_20260928_turkiye_italy,UEFA Nations League,Nations League,2026/27,2026-09-29,Tuesday,12:15 AM,Turkiye,Italy,finished,,false,false,-7,MATCH_RESULT,Turkiye vs Italy,"Turkiye vs Italy

📅 Tuesday, 29 Sep 2026
⏰ 12:15 AM IST

#UEFANationsLeague #Turkiye #Italy #Football"
match_fmb_unl_2026-27_20260929_bulgaria_estonia,UEFA Nations League,Nations League,2026/27,2026-09-30,Wednesday,12:15 AM,Bulgaria,Estonia,finished,,false,false,-6,MATCH_RESULT,Bulgaria vs Estonia,"Bulgaria vs Estonia

📅 Wednesday, 30 Sep 2026
⏰ 12:15 AM IST

#UEFANationsLeague #Bulgaria #Estonia #Football"
match_fmb_unl_2026-27_20260929_czechia_england,UEFA Nations League,Nations League,2026/27,2026-09-30,Wednesday,12:15 AM,Czechia,England,finished,,false,false,-6,MATCH_RESULT,Czechia vs England,"Czechia vs England

📅 Wednesday, 30 Sep 2026
⏰ 12:15 AM IST

#UEFANationsLeague #Czechia #England #Football"
match_fmb_unl_2026-27_20260929_luxembourg_iceland,UEFA Nations League,Nations League,2026/27,2026-09-30,Wednesday,12:15 AM,Luxembourg,Iceland,finished,,false,false,-6,MATCH_RESULT,Luxembourg vs Iceland,"Luxembourg vs Iceland

📅 Wednesday, 30 Sep 2026
⏰ 12:15 AM IST

#UEFANationsLeague #Luxembourg #Iceland #Football"
match_fmb_unl_2026-27_20260929_san_marino_albania,UEFA Nations League,Nations League,2026/27,2026-09-30,Wednesday,12:15 AM,San Marino,Albania,finished,,false,false,-6,MATCH_RESULT,San Marino vs Albania,"San Marino vs Albania

📅 Wednesday, 30 Sep 2026
⏰ 12:15 AM IST

#UEFANationsLeague #SanMarino #Albania #Football"
match_fmb_unl_2026-27_20260929_scotland_switzerland,UEFA Nations League,Nations League,2026/27,2026-09-30,Wednesday,12:15 AM,Scotland,Switzerland,finished,,false,false,-6,MATCH_RESULT,Scotland vs Switzerland,"Scotland vs Switzerland

📅 Wednesday, 30 Sep 2026
⏰ 12:15 AM IST

#UEFANationsLeague #Scotland #Switzerland #Football"
match_fmb_unl_2026-27_20260929_slovakia_kazakhstan,UEFA Nations League,Nations League,2026/27,2026-09-30,Wednesday,12:15 AM,Slovakia,Kazakhstan,finished,,false,false,-6,MATCH_RESULT,Slovakia vs Kazakhstan,"Slovakia vs Kazakhstan

📅 Wednesday, 30 Sep 2026
⏰ 12:15 AM IST

#UEFANationsLeague #Slovakia #Kazakhstan #Football"
match_fmb_unl_2026-27_20260929_slovenia_north_macedonia,UEFA Nations League,Nations League,2026/27,2026-09-30,Wednesday,12:15 AM,Slovenia,North Macedonia,finished,,false,false,-6,MATCH_RESULT,Slovenia vs North Macedonia,"Slovenia vs North Macedonia

📅 Wednesday, 30 Sep 2026
⏰ 12:15 AM IST

#UEFANationsLeague #Slovenia #NorthMacedonia #Football"
match_fmb_unl_2026-27_20260929_spain_croatia,UEFA Nations League,Nations League,2026/27,2026-09-30,Wednesday,12:15 AM,Spain,Croatia,finished,,false,false,-6,MATCH_RESULT,Spain vs Croatia,"Spain vs Croatia

📅 Wednesday, 30 Sep 2026
⏰ 12:15 AM IST

#UEFANationsLeague #Spain #Croatia #Football"
match_fmb_unl_2026-27_20261001_azerbaijan_liechtenstein,UEFA Nations League,Nations League,2026/27,2026-10-01,Thursday,09:30 PM,Azerbaijan,Liechtenstein,finished,,false,false,-5,MATCH_RESULT,Azerbaijan vs Liechtenstein,"Azerbaijan vs Liechtenstein

📅 Thursday, 01 Oct 2026
⏰ 09:30 PM IST

#UEFANationsLeague #Azerbaijan #Liechtenstein #Football"
match_fmb_unl_2026-27_20261002_kazakhstan_moldova,UEFA Nations League,Nations League,2026/27,2026-10-02,Friday,07:30 PM,Kazakhstan,Moldova,finished,,false,false,-4,MATCH_RESULT,Kazakhstan vs Moldova,"Kazakhstan vs Moldova

📅 Friday, 02 Oct 2026
⏰ 07:30 PM IST

#UEFANationsLeague #Kazakhstan #Moldova #Football"
match_fmb_unl_2026-27_20261002_cyprus_armenia,UEFA Nations League,Nations League,2026/27,2026-10-02,Friday,09:30 PM,Cyprus,Armenia,finished,,false,false,-4,MATCH_RESULT,Cyprus vs Armenia,"Cyprus vs Armenia

📅 Friday, 02 Oct 2026
⏰ 09:30 PM IST

#UEFANationsLeague #Cyprus #Armenia #Football"
match_fmb_unl_2026-27_20261002_latvia_montenegro,UEFA Nations League,Nations League,2026/27,2026-10-02,Friday,09:30 PM,Latvia,Montenegro,finished,,false,false,-4,MATCH_RESULT,Latvia vs Montenegro,"Latvia vs Montenegro

📅 Friday, 02 Oct 2026
⏰ 09:30 PM IST

#UEFANationsLeague #Latvia #Montenegro #Football"
match_fmb_unl_2026-27_20261001_denmark_portugal,UEFA Nations League,Nations League,2026/27,2026-10-02,Friday,12:15 AM,Denmark,Portugal,finished,,false,false,-4,MATCH_RESULT,Denmark vs Portugal,"Denmark vs Portugal

📅 Friday, 02 Oct 2026
⏰ 12:15 AM IST

#UEFANationsLeague #Denmark #Portugal #Football"
match_fmb_unl_2026-27_20261001_germany_serbia,UEFA Nations League,Nations League,2026/27,2026-10-02,Friday,12:15 AM,Germany,Serbia,finished,,false,false,-4,MATCH_RESULT,Germany vs Serbia,"Germany vs Serbia

📅 Friday, 02 Oct 2026
⏰ 12:15 AM IST

#UEFANationsLeague #Germany #Serbia #Football"
match_fmb_unl_2026-27_20261001_greece_netherlands,UEFA Nations League,Nations League,2026/27,2026-10-02,Friday,12:15 AM,Greece,Netherlands,finished,,false,false,-4,MATCH_RESULT,Greece vs Netherlands,"Greece vs Netherlands

📅 Friday, 02 Oct 2026
⏰ 12:15 AM IST

#UEFANationsLeague #Greece #Netherlands #Football"
match_fmb_unl_2026-27_20261001_ireland_austria,UEFA Nations League,Nations League,2026/27,2026-10-02,Friday,12:15 AM,Ireland,Austria,finished,,false,false,-4,MATCH_RESULT,Ireland vs Austria,"Ireland vs Austria

📅 Friday, 02 Oct 2026
⏰ 12:15 AM IST

#UEFANationsLeague #Ireland #Austria #Football"
match_fmb_unl_2026-27_20261001_israel_kosovo,UEFA Nations League,Nations League,2026/27,2026-10-02,Friday,12:15 AM,Israel,Kosovo,finished,,false,false,-4,MATCH_RESULT,Israel vs Kosovo,"Israel vs Kosovo

📅 Friday, 02 Oct 2026
⏰ 12:15 AM IST

#UEFANationsLeague #Israel #Kosovo #Football"
match_fmb_unl_2026-27_20261001_malta_gibraltar,UEFA Nations League,Nations League,2026/27,2026-10-02,Friday,12:15 AM,Malta,Gibraltar,finished,,false,false,-4,MATCH_RESULT,Malta vs Gibraltar,"Malta vs Gibraltar

📅 Friday, 02 Oct 2026
⏰ 12:15 AM IST

#UEFANationsLeague #Malta #Gibraltar #Football"
match_fmb_unl_2026-27_20261001_wales_norway,UEFA Nations League,Nations League,2026/27,2026-10-02,Friday,12:15 AM,Wales,Norway,finished,,false,false,-4,MATCH_RESULT,Wales vs Norway,"Wales vs Norway

📅 Friday, 02 Oct 2026
⏰ 12:15 AM IST

#UEFANationsLeague #Wales #Norway #Football"
match_fmb_unl_2026-27_20261003_finland_albania,UEFA Nations League,Nations League,2026/27,2026-10-03,Saturday,06:30 PM,Finland,Albania,finished,,false,false,-3,MATCH_RESULT,Finland vs Albania,"Finland vs Albania

📅 Saturday, 03 Oct 2026
⏰ 06:30 PM IST

#UEFANationsLeague #Finland #Albania #Football"
match_fmb_unl_2026-27_20261003_belarus_san_marino,UEFA Nations League,Nations League,2026/27,2026-10-03,Saturday,09:30 PM,Belarus,San Marino,finished,,false,false,-3,MATCH_RESULT,Belarus vs San Marino,"Belarus vs San Marino

📅 Saturday, 03 Oct 2026
⏰ 09:30 PM IST

#UEFANationsLeague #Belarus #SanMarino #Football"
match_fmb_unl_2026-27_20261003_croatia_england,UEFA Nations League,Nations League,2026/27,2026-10-03,Saturday,09:30 PM,Croatia,England,finished,,false,false,-3,MATCH_RESULT,Croatia vs England,"Croatia vs England

📅 Saturday, 03 Oct 2026
⏰ 09:30 PM IST

#UEFANationsLeague #Croatia #England #Football"
match_fmb_unl_2026-27_20261003_estonia_luxembourg,UEFA Nations League,Nations League,2026/27,2026-10-03,Saturday,09:30 PM,Estonia,Luxembourg,finished,,false,false,-3,MATCH_RESULT,Estonia vs Luxembourg,"Estonia vs Luxembourg

📅 Saturday, 03 Oct 2026
⏰ 09:30 PM IST

#UEFANationsLeague #Estonia #Luxembourg #Football"
match_fmb_unl_2026-27_20261003_iceland_bulgaria,UEFA Nations League,Nations League,2026/27,2026-10-03,Saturday,09:30 PM,Iceland,Bulgaria,finished,,false,false,-3,MATCH_RESULT,Iceland vs Bulgaria,"Iceland vs Bulgaria

📅 Saturday, 03 Oct 2026
⏰ 09:30 PM IST

#UEFANationsLeague #Iceland #Bulgaria #Football"
match_fmb_unl_2026-27_20261002_belgium_turkiye,UEFA Nations League,Nations League,2026/27,2026-10-03,Saturday,12:15 AM,Belgium,Turkiye,finished,,false,false,-3,MATCH_RESULT,Belgium vs Turkiye,"Belgium vs Turkiye

📅 Saturday, 03 Oct 2026
⏰ 12:15 AM IST

#UEFANationsLeague #Belgium #Turkiye #Football"
match_fmb_unl_2026-27_20261002_bosnia_and_herzegovina_sweden,UEFA Nations League,Nations League,2026/27,2026-10-03,Saturday,12:15 AM,Bosnia and Herzegovina,Sweden,finished,,false,false,-3,MATCH_RESULT,Bosnia and Herzegovina vs Sweden,"Bosnia and Herzegovina vs Sweden

📅 Saturday, 03 Oct 2026
⏰ 12:15 AM IST

#UEFANationsLeague #BosniaandHerzegovina #Sweden #Football"
match_fmb_unl_2026-27_20261002_faroe_islands_slovakia,UEFA Nations League,Nations League,2026/27,2026-10-03,Saturday,12:15 AM,Faroe Islands,Slovakia,finished,,false,false,-3,MATCH_RESULT,Faroe Islands vs Slovakia,"Faroe Islands vs Slovakia

📅 Saturday, 03 Oct 2026
⏰ 12:15 AM IST

#UEFANationsLeague #FaroeIslands #Slovakia #Football"
match_fmb_unl_2026-27_20261002_france_italy,UEFA Nations League,Nations League,2026/27,2026-10-03,Saturday,12:15 AM,France,Italy,finished,,false,false,-3,MATCH_RESULT,France vs Italy,"France vs Italy

📅 Saturday, 03 Oct 2026
⏰ 12:15 AM IST

#UEFANationsLeague #France #Italy #Football"
match_fmb_unl_2026-27_20261002_hungary_georgia,UEFA Nations League,Nations League,2026/27,2026-10-03,Saturday,12:15 AM,Hungary,Georgia,finished,,false,false,-3,MATCH_RESULT,Hungary vs Georgia,"Hungary vs Georgia

📅 Saturday, 03 Oct 2026
⏰ 12:15 AM IST

#UEFANationsLeague #Hungary #Georgia #Football"
match_fmb_unl_2026-27_20261002_poland_romania,UEFA Nations League,Nations League,2026/27,2026-10-03,Saturday,12:15 AM,Poland,Romania,finished,,false,false,-3,MATCH_RESULT,Poland vs Romania,"Poland vs Romania

📅 Saturday, 03 Oct 2026
⏰ 12:15 AM IST

#UEFANationsLeague #Poland #Romania #Football"
match_fmb_unl_2026-27_20261002_ukraine_northern_ireland,UEFA Nations League,Nations League,2026/27,2026-10-03,Saturday,12:15 AM,Ukraine,Northern Ireland,finished,,false,false,-3,MATCH_RESULT,Ukraine vs Northern Ireland,"Ukraine vs Northern Ireland

📅 Saturday, 03 Oct 2026
⏰ 12:15 AM IST

#UEFANationsLeague #Ukraine #NorthernIreland #Football"
match_fmb_unl_2026-27_20261004_azerbaijan_lithuania,UEFA Nations League,Nations League,2026/27,2026-10-04,Sunday,06:30 PM,Azerbaijan,Lithuania,finished,,false,false,-2,MATCH_RESULT,Azerbaijan vs Lithuania,"Azerbaijan vs Lithuania

📅 Sunday, 04 Oct 2026
⏰ 06:30 PM IST

#UEFANationsLeague #Azerbaijan #Lithuania #Football"
match_fmb_unl_2026-27_20261004_kosovo_austria,UEFA Nations League,Nations League,2026/27,2026-10-04,Sunday,09:30 PM,Kosovo,Austria,finished,,false,false,-2,MATCH_RESULT,Kosovo vs Austria,"Kosovo vs Austria

📅 Sunday, 04 Oct 2026
⏰ 09:30 PM IST

#UEFANationsLeague #Kosovo #Austria #Football"
match_fmb_unl_2026-27_20261004_malta_andorra,UEFA Nations League,Nations League,2026/27,2026-10-04,Sunday,09:30 PM,Malta,Andorra,finished,,false,false,-2,MATCH_RESULT,Malta vs Andorra,"Malta vs Andorra

📅 Sunday, 04 Oct 2026
⏰ 09:30 PM IST

#UEFANationsLeague #Malta #Andorra #Football"
match_fmb_unl_2026-27_20261003_north_macedonia_scotland,UEFA Nations League,Nations League,2026/27,2026-10-04,Sunday,12:15 AM,North Macedonia,Scotland,finished,,false,false,-2,MATCH_RESULT,North Macedonia vs Scotland,"North Macedonia vs Scotland

📅 Sunday, 04 Oct 2026
⏰ 12:15 AM IST

#UEFANationsLeague #NorthMacedonia #Scotland #Football"
match_fmb_unl_2026-27_20261003_spain_czechia,UEFA Nations League,Nations League,2026/27,2026-10-04,Sunday,12:15 AM,Spain,Czechia,finished,,false,false,-2,MATCH_RESULT,Spain vs Czechia,"Spain vs Czechia

📅 Sunday, 04 Oct 2026
⏰ 12:15 AM IST

#UEFANationsLeague #Spain #Czechia #Football"
match_fmb_unl_2026-27_20261003_switzerland_slovenia,UEFA Nations League,Nations League,2026/27,2026-10-04,Sunday,12:15 AM,Switzerland,Slovenia,finished,,false,false,-2,MATCH_RESULT,Switzerland vs Slovenia,"Switzerland vs Slovenia

📅 Sunday, 04 Oct 2026
⏰ 12:15 AM IST

#UEFANationsLeague #Switzerland #Slovenia #Football"
match_fmb_unl_2026-27_20261005_cyprus_latvia,UEFA Nations League,Nations League,2026/27,2026-10-05,Monday,09:30 PM,Cyprus,Latvia,finished,,false,false,-1,MATCH_RESULT,Cyprus vs Latvia,"Cyprus vs Latvia

📅 Monday, 05 Oct 2026
⏰ 09:30 PM IST

#UEFANationsLeague #Cyprus #Latvia #Football"
match_fmb_unl_2026-27_20261004_greece_germany,UEFA Nations League,Nations League,2026/27,2026-10-05,Monday,12:15 AM,Greece,Germany,finished,,false,false,-1,MATCH_RESULT,Greece vs Germany,"Greece vs Germany

📅 Monday, 05 Oct 2026
⏰ 12:15 AM IST

#UEFANationsLeague #Greece #Germany #Football"
match_fmb_unl_2026-27_20261004_ireland_israel,UEFA Nations League,Nations League,2026/27,2026-10-05,Monday,12:15 AM,Ireland,Israel,finished,,false,false,-1,MATCH_RESULT,Ireland vs Israel,"Ireland vs Israel

📅 Monday, 05 Oct 2026
⏰ 12:15 AM IST

#UEFANationsLeague #Ireland #Israel #Football"
match_fmb_unl_2026-27_20261004_netherlands_serbia,UEFA Nations League,Nations League,2026/27,2026-10-05,Monday,12:15 AM,Netherlands,Serbia,finished,,false,false,-1,MATCH_RESULT,Netherlands vs Serbia,"Netherlands vs Serbia

📅 Monday, 05 Oct 2026
⏰ 12:15 AM IST

#UEFANationsLeague #Netherlands #Serbia #Football"
match_fmb_unl_2026-27_20261004_portugal_norway,UEFA Nations League,Nations League,2026/27,2026-10-05,Monday,12:15 AM,Portugal,Norway,finished,,false,false,-1,MATCH_RESULT,Portugal vs Norway,"Portugal vs Norway

📅 Monday, 05 Oct 2026
⏰ 12:15 AM IST

#UEFANationsLeague #Portugal #Norway #Football"
match_fmb_unl_2026-27_20261004_wales_denmark,UEFA Nations League,Nations League,2026/27,2026-10-05,Monday,12:15 AM,Wales,Denmark,finished,,false,false,-1,MATCH_RESULT,Wales vs Denmark,"Wales vs Denmark

📅 Monday, 05 Oct 2026
⏰ 12:15 AM IST

#UEFANationsLeague #Wales #Denmark #Football"
match_fmb_unl_2026-27_20261006_kazakhstan_faroe_islands,UEFA Nations League,Nations League,2026/27,2026-10-06,Tuesday,07:30 PM,Kazakhstan,Faroe Islands,scheduled,,true,false,0,MATCH_PREVIEW,Kazakhstan vs Faroe Islands,"Kazakhstan vs Faroe Islands

📅 Tuesday, 06 Oct 2026
⏰ 07:30 PM IST

#UEFANationsLeague #Kazakhstan #FaroeIslands #Football"
match_fmb_unl_2026-27_20261005_bosnia_and_herzegovina_poland,UEFA Nations League,Nations League,2026/27,2026-10-06,Tuesday,12:15 AM,Bosnia and Herzegovina,Poland,finished,,true,false,0,MATCH_RESULT,Bosnia and Herzegovina vs Poland,"Bosnia and Herzegovina vs Poland

📅 Tuesday, 06 Oct 2026
⏰ 12:15 AM IST

#UEFANationsLeague #BosniaandHerzegovina #Poland #Football"
match_fmb_unl_2026-27_20261005_france_belgium,UEFA Nations League,Nations League,2026/27,2026-10-06,Tuesday,12:15 AM,France,Belgium,finished,,true,false,0,MATCH_RESULT,France vs Belgium,"France vs Belgium

📅 Tuesday, 06 Oct 2026
⏰ 12:15 AM IST

#UEFANationsLeague #France #Belgium #Football"
match_fmb_unl_2026-27_20261005_italy_turkiye,UEFA Nations League,Nations League,2026/27,2026-10-06,Tuesday,12:15 AM,Italy,Turkiye,finished,,true,false,0,MATCH_RESULT,Italy vs Turkiye,"Italy vs Turkiye

📅 Tuesday, 06 Oct 2026
⏰ 12:15 AM IST

#UEFANationsLeague #Italy #Turkiye #Football"
match_fmb_unl_2026-27_20261005_montenegro_armenia,UEFA Nations League,Nations League,2026/27,2026-10-06,Tuesday,12:15 AM,Montenegro,Armenia,finished,,true,false,0,MATCH_RESULT,Montenegro vs Armenia,"Montenegro vs Armenia

📅 Tuesday, 06 Oct 2026
⏰ 12:15 AM IST

#UEFANationsLeague #Montenegro #Armenia #Football"
match_fmb_unl_2026-27_20261005_northern_ireland_georgia,UEFA Nations League,Nations League,2026/27,2026-10-06,Tuesday,12:15 AM,Northern Ireland,Georgia,finished,,true,false,0,MATCH_RESULT,Northern Ireland vs Georgia,"Northern Ireland vs Georgia

📅 Tuesday, 06 Oct 2026
⏰ 12:15 AM IST

#UEFANationsLeague #NorthernIreland #Georgia #Football"
match_fmb_unl_2026-27_20261005_romania_sweden,UEFA Nations League,Nations League,2026/27,2026-10-06,Tuesday,12:15 AM,Romania,Sweden,finished,,true,false,0,MATCH_RESULT,Romania vs Sweden,"Romania vs Sweden

📅 Tuesday, 06 Oct 2026
⏰ 12:15 AM IST

#UEFANationsLeague #Romania #Sweden #Football"
match_fmb_unl_2026-27_20261005_ukraine_hungary,UEFA Nations League,Nations League,2026/27,2026-10-06,Tuesday,12:15 AM,Ukraine,Hungary,finished,,true,false,0,MATCH_RESULT,Ukraine vs Hungary,"Ukraine vs Hungary

📅 Tuesday, 06 Oct 2026
⏰ 12:15 AM IST

#UEFANationsLeague #Ukraine #Hungary #Football"
match_fmb_unl_2026-27_20261006_albania_san_marino,UEFA Nations League,Nations League,2026/27,2026-10-07,Wednesday,12:15 AM,Albania,San Marino,scheduled,,false,true,1,MATCH_PREVIEW,Albania vs San Marino,"Albania vs San Marino

📅 Wednesday, 07 Oct 2026
⏰ 12:15 AM IST

#UEFANationsLeague #Albania #SanMarino #Football"
match_fmb_unl_2026-27_20261006_belarus_finland,UEFA Nations League,Nations League,2026/27,2026-10-07,Wednesday,12:15 AM,Belarus,Finland,scheduled,,false,true,1,MATCH_PREVIEW,Belarus vs Finland,"Belarus vs Finland

📅 Wednesday, 07 Oct 2026
⏰ 12:15 AM IST

#UEFANationsLeague #Belarus #Finland #Football"
match_fmb_unl_2026-27_20261006_croatia_spain,UEFA Nations League,Nations League,2026/27,2026-10-07,Wednesday,12:15 AM,Croatia,Spain,scheduled,,false,true,1,MATCH_PREVIEW,Croatia vs Spain,"Croatia vs Spain

📅 Wednesday, 07 Oct 2026
⏰ 12:15 AM IST

#UEFANationsLeague #Croatia #Spain #Football"
match_fmb_unl_2026-27_20261006_england_czechia,UEFA Nations League,Nations League,2026/27,2026-10-07,Wednesday,12:15 AM,England,Czechia,scheduled,,false,true,1,MATCH_PREVIEW,England vs Czechia,"England vs Czechia

📅 Wednesday, 07 Oct 2026
⏰ 12:15 AM IST

#UEFANationsLeague #England #Czechia #Football"
match_fmb_unl_2026-27_20261006_estonia_iceland,UEFA Nations League,Nations League,2026/27,2026-10-07,Wednesday,12:15 AM,Estonia,Iceland,scheduled,,false,true,1,MATCH_PREVIEW,Estonia vs Iceland,"Estonia vs Iceland

📅 Wednesday, 07 Oct 2026
⏰ 12:15 AM IST

#UEFANationsLeague #Estonia #Iceland #Football"
match_fmb_unl_2026-27_20261006_luxembourg_bulgaria,UEFA Nations League,Nations League,2026/27,2026-10-07,Wednesday,12:15 AM,Luxembourg,Bulgaria,scheduled,,false,true,1,MATCH_PREVIEW,Luxembourg vs Bulgaria,"Luxembourg vs Bulgaria

📅 Wednesday, 07 Oct 2026
⏰ 12:15 AM IST

#UEFANationsLeague #Luxembourg #Bulgaria #Football"
match_fmb_unl_2026-27_20261006_moldova_slovakia,UEFA Nations League,Nations League,2026/27,2026-10-07,Wednesday,12:15 AM,Moldova,Slovakia,scheduled,,false,true,1,MATCH_PREVIEW,Moldova vs Slovakia,"Moldova vs Slovakia

📅 Wednesday, 07 Oct 2026
⏰ 12:15 AM IST

#UEFANationsLeague #Moldova #Slovakia #Football"
match_fmb_unl_2026-27_20261006_scotland_slovenia,UEFA Nations League,Nations League,2026/27,2026-10-07,Wednesday,12:15 AM,Scotland,Slovenia,scheduled,,false,true,1,MATCH_PREVIEW,Scotland vs Slovenia,"Scotland vs Slovenia

📅 Wednesday, 07 Oct 2026
⏰ 12:15 AM IST

#UEFANationsLeague #Scotland #Slovenia #Football"
match_fmb_unl_2026-27_20261006_switzerland_north_macedonia,UEFA Nations League,Nations League,2026/27,2026-10-07,Wednesday,12:15 AM,Switzerland,North Macedonia,scheduled,,false,true,1,MATCH_PREVIEW,Switzerland vs North Macedonia,"Switzerland vs North Macedonia

📅 Wednesday, 07 Oct 2026
⏰ 12:15 AM IST

#UEFANationsLeague #Switzerland #NorthMacedonia #Football"
match_fmb_epl_2026-27_20261010_arsenal_leeds_united,Premier League,EPL,2026/27,2026-10-10,Saturday,05:00 PM,Arsenal,Leeds United,scheduled,,false,false,4,MATCH_PREVIEW,Arsenal vs Leeds United,"Arsenal vs Leeds United

📅 Saturday, 10 Oct 2026
⏰ 05:00 PM IST

#PremierLeague #Arsenal #LeedsUnited #Football"
match_fmb_es1_2026-27_20261010_rayo_vallecano_athletic_club,La Liga,LaLiga,2026/27,2026-10-10,Saturday,05:30 PM,Rayo Vallecano,Athletic Club,scheduled,,false,false,4,MATCH_PREVIEW,Rayo Vallecano vs Athletic Club,"Rayo Vallecano vs Athletic Club

📅 Saturday, 10 Oct 2026
⏰ 05:30 PM IST

#LaLiga #RayoVallecano #AthleticClub #Football"
match_fmb_it1_2026-27_20261010_genoa_fiorentina,Serie A,Serie A,2026/27,2026-10-10,Saturday,06:30 PM,Genoa,Fiorentina,scheduled,,false,false,4,MATCH_PREVIEW,Genoa vs Fiorentina,"Genoa vs Fiorentina

📅 Saturday, 10 Oct 2026
⏰ 06:30 PM IST

#SerieA #Genoa #Fiorentina #Football"
match_fmb_de1_2026-27_20261010_augsburg_bayern_munchen,Bundesliga,Bundesliga,2026/27,2026-10-10,Saturday,07:00 PM,Augsburg,Bayern München,scheduled,,false,false,4,MATCH_PREVIEW,Augsburg vs Bayern München,"Augsburg vs Bayern München

📅 Saturday, 10 Oct 2026
⏰ 07:00 PM IST

#Bundesliga #Augsburg #BayernMnchen #Football"
match_fmb_de1_2026-27_20261010_hoffenheim_hamburger_sv,Bundesliga,Bundesliga,2026/27,2026-10-10,Saturday,07:00 PM,Hoffenheim,Hamburger SV,scheduled,,false,false,4,MATCH_PREVIEW,Hoffenheim vs Hamburger SV,"Hoffenheim vs Hamburger SV

📅 Saturday, 10 Oct 2026
⏰ 07:00 PM IST

#Bundesliga #Hoffenheim #HamburgerSV #Football"
match_fmb_de1_2026-27_20261010_mainz_05_bayer_leverkusen,Bundesliga,Bundesliga,2026/27,2026-10-10,Saturday,07:00 PM,Mainz 05,Bayer Leverkusen,scheduled,,false,false,4,MATCH_PREVIEW,Mainz 05 vs Bayer Leverkusen,"Mainz 05 vs Bayer Leverkusen

📅 Saturday, 10 Oct 2026
⏰ 07:00 PM IST

#Bundesliga #Mainz05 #BayerLeverkusen #Football"
match_fmb_de1_2026-27_20261010_paderborn_vfb_stuttgart,Bundesliga,Bundesliga,2026/27,2026-10-10,Saturday,07:00 PM,Paderborn,VfB Stuttgart,scheduled,,false,false,4,MATCH_PREVIEW,Paderborn vs VfB Stuttgart,"Paderborn vs VfB Stuttgart

📅 Saturday, 10 Oct 2026
⏰ 07:00 PM IST

#Bundesliga #Paderborn #VfBStuttgart #Football"
match_fmb_de1_2026-27_20261010_union_berlin_elversberg,Bundesliga,Bundesliga,2026/27,2026-10-10,Saturday,07:00 PM,Union Berlin,Elversberg,scheduled,,false,false,4,MATCH_PREVIEW,Union Berlin vs Elversberg,"Union Berlin vs Elversberg

📅 Saturday, 10 Oct 2026
⏰ 07:00 PM IST

#Bundesliga #UnionBerlin #Elversberg #Football"
match_fmb_epl_2026-27_20261010_aston_villa_brentford,Premier League,EPL,2026/27,2026-10-10,Saturday,07:30 PM,Aston Villa,Brentford,scheduled,,false,false,4,MATCH_PREVIEW,Aston Villa vs Brentford,"Aston Villa vs Brentford

📅 Saturday, 10 Oct 2026
⏰ 07:30 PM IST

#PremierLeague #AstonVilla #Brentford #Football"
match_fmb_epl_2026-27_20261010_chelsea_afc_bournemouth,Premier League,EPL,2026/27,2026-10-10,Saturday,07:30 PM,Chelsea,AFC Bournemouth,scheduled,,false,false,4,MATCH_PREVIEW,Chelsea vs AFC Bournemouth,"Chelsea vs AFC Bournemouth

📅 Saturday, 10 Oct 2026
⏰ 07:30 PM IST

#PremierLeague #Chelsea #AFCBournemouth #Football"
match_fmb_epl_2026-27_20261010_ipswich_town_fulham,Premier League,EPL,2026/27,2026-10-10,Saturday,07:30 PM,Ipswich Town,Fulham,scheduled,,false,false,4,MATCH_PREVIEW,Ipswich Town vs Fulham,"Ipswich Town vs Fulham

📅 Saturday, 10 Oct 2026
⏰ 07:30 PM IST

#PremierLeague #IpswichTown #Fulham #Football"
match_fmb_epl_2026-27_20261010_sunderland_brighton_hove_albion,Premier League,EPL,2026/27,2026-10-10,Saturday,07:30 PM,Sunderland,Brighton & Hove Albion,scheduled,,false,false,4,MATCH_PREVIEW,Sunderland vs Brighton & Hove Albion,"Sunderland vs Brighton & Hove Albion

📅 Saturday, 10 Oct 2026
⏰ 07:30 PM IST

#PremierLeague #Sunderland #BrightonandHoveAlbion #Football"
match_fmb_es1_2026-27_20261010_deportivo_alaves_atletico_madrid,La Liga,LaLiga,2026/27,2026-10-10,Saturday,07:45 PM,Deportivo Alavés,Atlético Madrid,scheduled,,false,false,4,MATCH_PREVIEW,Deportivo Alavés vs Atlético Madrid,"Deportivo Alavés vs Atlético Madrid

📅 Saturday, 10 Oct 2026
⏰ 07:45 PM IST

#LaLiga #DeportivoAlavs #AtlticoMadrid #Football"
match_fmb_fr1_2026-27_20261010_lille_le_havre,Ligue 1,Ligue 1,2026/27,2026-10-10,Saturday,08:45 PM,Lille,Le Havre,scheduled,,false,false,4,MATCH_PREVIEW,Lille vs Le Havre,"Lille vs Le Havre

📅 Saturday, 10 Oct 2026
⏰ 08:45 PM IST

#Ligue1 #Lille #LeHavre #Football"
match_fmb_it1_2026-27_20261010_inter_parma,Serie A,Serie A,2026/27,2026-10-10,Saturday,09:30 PM,Inter,Parma,scheduled,,false,false,4,MATCH_PREVIEW,Inter vs Parma,"Inter vs Parma

📅 Saturday, 10 Oct 2026
⏰ 09:30 PM IST

#SerieA #Inter #Parma #Football"
match_fmb_de1_2026-27_20261010_rb_leipzig_eintracht_frankfurt,Bundesliga,Bundesliga,2026/27,2026-10-10,Saturday,10:00 PM,RB Leipzig,Eintracht Frankfurt,scheduled,,false,false,4,MATCH_PREVIEW,RB Leipzig vs Eintracht Frankfurt,"RB Leipzig vs Eintracht Frankfurt

📅 Saturday, 10 Oct 2026
⏰ 10:00 PM IST

#Bundesliga #RBLeipzig #EintrachtFrankfurt #Football"
match_fmb_es1_2026-27_20261010_barcelona_getafe,La Liga,LaLiga,2026/27,2026-10-10,Saturday,10:00 PM,Barcelona,Getafe,scheduled,,false,false,4,MATCH_PREVIEW,Barcelona vs Getafe,"Barcelona vs Getafe

📅 Saturday, 10 Oct 2026
⏰ 10:00 PM IST

#LaLiga #Barcelona #Getafe #Football"
match_fmb_epl_2026-27_20261010_manchester_united_tottenham_hotspur,Premier League,EPL,2026/27,2026-10-10,Saturday,10:00 PM,Manchester United,Tottenham Hotspur,scheduled,,false,false,4,MATCH_PREVIEW,Manchester United vs Tottenham Hotspur,"Manchester United vs Tottenham Hotspur

📅 Saturday, 10 Oct 2026
⏰ 10:00 PM IST

#PremierLeague #ManchesterUnited #TottenhamHotspur #Football"
match_fmb_de1_2026-27_20261009_borussia_dortmund_werder_bremen,Bundesliga,Bundesliga,2026/27,2026-10-10,Saturday,12:00 AM,Borussia Dortmund,Werder Bremen,scheduled,,false,false,4,MATCH_PREVIEW,Borussia Dortmund vs Werder Bremen,"Borussia Dortmund vs Werder Bremen

📅 Saturday, 10 Oct 2026
⏰ 12:00 AM IST

#Bundesliga #BorussiaDortmund #WerderBremen #Football"
match_fmb_fr1_2026-27_20261009_lens_lyon,Ligue 1,Ligue 1,2026/27,2026-10-10,Saturday,12:15 AM,Lens,Lyon,scheduled,,false,false,4,MATCH_PREVIEW,Lens vs Lyon,"Lens vs Lyon

📅 Saturday, 10 Oct 2026
⏰ 12:15 AM IST

#Ligue1 #Lens #Lyon #Football"
match_fmb_es1_2026-27_20261009_malaga_espanyol,La Liga,LaLiga,2026/27,2026-10-10,Saturday,12:30 AM,Málaga,Espanyol,scheduled,,false,false,4,MATCH_PREVIEW,Málaga vs Espanyol,"Málaga vs Espanyol

📅 Saturday, 10 Oct 2026
⏰ 12:30 AM IST

#LaLiga #Mlaga #Espanyol #Football"
match_fmb_it1_2026-27_20261011_como_roma,Serie A,Serie A,2026/27,2026-10-11,Sunday,04:00 PM,Como,Roma,scheduled,,false,false,5,MATCH_PREVIEW,Como vs Roma,"Como vs Roma

📅 Sunday, 11 Oct 2026
⏰ 04:00 PM IST

#SerieA #Como #Roma #Football"
match_fmb_es1_2026-27_20261011_elche_celta_vigo,La Liga,LaLiga,2026/27,2026-10-11,Sunday,05:30 PM,Elche,Celta Vigo,scheduled,,false,false,5,MATCH_PREVIEW,Elche vs Celta Vigo,"Elche vs Celta Vigo

📅 Sunday, 11 Oct 2026
⏰ 05:30 PM IST

#LaLiga #Elche #CeltaVigo #Football"
match_fmb_fr1_2026-27_20261011_nice_strasbourg,Ligue 1,Ligue 1,2026/27,2026-10-11,Sunday,06:30 PM,Nice,Strasbourg,scheduled,,false,false,5,MATCH_PREVIEW,Nice vs Strasbourg,"Nice vs Strasbourg

📅 Sunday, 11 Oct 2026
⏰ 06:30 PM IST

#Ligue1 #Nice #Strasbourg #Football"
match_fmb_epl_2026-27_20261011_crystal_palace_nottingham_forest,Premier League,EPL,2026/27,2026-10-11,Sunday,06:30 PM,Crystal Palace,Nottingham Forest,scheduled,,false,false,5,MATCH_PREVIEW,Crystal Palace vs Nottingham Forest,"Crystal Palace vs Nottingham Forest

📅 Sunday, 11 Oct 2026
⏰ 06:30 PM IST

#PremierLeague #CrystalPalace #NottinghamForest #Football"
match_fmb_epl_2026-27_20261011_hull_city_everton,Premier League,EPL,2026/27,2026-10-11,Sunday,06:30 PM,Hull City,Everton,scheduled,,false,false,5,MATCH_PREVIEW,Hull City vs Everton,"Hull City vs Everton

📅 Sunday, 11 Oct 2026
⏰ 06:30 PM IST

#PremierLeague #HullCity #Everton #Football"
match_fmb_it1_2026-27_20261011_lazio_monza,Serie A,Serie A,2026/27,2026-10-11,Sunday,06:30 PM,Lazio,Monza,scheduled,,false,false,5,MATCH_PREVIEW,Lazio vs Monza,"Lazio vs Monza

📅 Sunday, 11 Oct 2026
⏰ 06:30 PM IST

#SerieA #Lazio #Monza #Football"
match_fmb_it1_2026-27_20261011_lecce_bologna,Serie A,Serie A,2026/27,2026-10-11,Sunday,06:30 PM,Lecce,Bologna,scheduled,,false,false,5,MATCH_PREVIEW,Lecce vs Bologna,"Lecce vs Bologna

📅 Sunday, 11 Oct 2026
⏰ 06:30 PM IST

#SerieA #Lecce #Bologna #Football"
match_fmb_de1_2026-27_20261011_1_fc_koln_borussia_monchengladbach,Bundesliga,Bundesliga,2026/27,2026-10-11,Sunday,07:00 PM,1. FC Köln,Borussia Mönchengladbach,scheduled,,false,false,5,MATCH_PREVIEW,1. FC Köln vs Borussia Mönchengladbach,"1. FC Köln vs Borussia Mönchengladbach

📅 Sunday, 11 Oct 2026
⏰ 07:00 PM IST

#Bundesliga #1FCKln #BorussiaMnchengladbach #Football"
match_fmb_es1_2026-27_20261011_real_sociedad_deportivo_a_coruna,La Liga,LaLiga,2026/27,2026-10-11,Sunday,07:45 PM,Real Sociedad,Deportivo A Coruña,scheduled,,false,false,5,MATCH_PREVIEW,Real Sociedad vs Deportivo A Coruña,"Real Sociedad vs Deportivo A Coruña

📅 Sunday, 11 Oct 2026
⏰ 07:45 PM IST

#LaLiga #RealSociedad #DeportivoACorua #Football"
match_fmb_fr1_2026-27_20261011_rennes_auxerre,Ligue 1,Ligue 1,2026/27,2026-10-11,Sunday,08:45 PM,Rennes,Auxerre,scheduled,,false,false,5,MATCH_PREVIEW,Rennes vs Auxerre,"Rennes vs Auxerre

📅 Sunday, 11 Oct 2026
⏰ 08:45 PM IST

#Ligue1 #Rennes #Auxerre #Football"
match_fmb_de1_2026-27_20261011_freiburg_schalke_04,Bundesliga,Bundesliga,2026/27,2026-10-11,Sunday,09:00 PM,Freiburg,Schalke 04,scheduled,,false,false,5,MATCH_PREVIEW,Freiburg vs Schalke 04,"Freiburg vs Schalke 04

📅 Sunday, 11 Oct 2026
⏰ 09:00 PM IST

#Bundesliga #Freiburg #Schalke04 #Football"
match_fmb_epl_2026-27_20261011_liverpool_manchester_city,Premier League,EPL,2026/27,2026-10-11,Sunday,09:00 PM,Liverpool,Manchester City,scheduled,,false,false,5,MATCH_PREVIEW,Liverpool vs Manchester City,"Liverpool vs Manchester City

📅 Sunday, 11 Oct 2026
⏰ 09:00 PM IST

#PremierLeague #Liverpool #ManchesterCity #Football"
match_fmb_it1_2026-27_20261011_sassuolo_milan,Serie A,Serie A,2026/27,2026-10-11,Sunday,09:30 PM,Sassuolo,Milan,scheduled,,false,false,5,MATCH_PREVIEW,Sassuolo vs Milan,"Sassuolo vs Milan

📅 Sunday, 11 Oct 2026
⏰ 09:30 PM IST

#SerieA #Sassuolo #Milan #Football"
match_fmb_es1_2026-27_20261011_real_betis_osasuna,La Liga,LaLiga,2026/27,2026-10-11,Sunday,10:00 PM,Real Betis,Osasuna,scheduled,,false,false,5,MATCH_PREVIEW,Real Betis vs Osasuna,"Real Betis vs Osasuna

📅 Sunday, 11 Oct 2026
⏰ 10:00 PM IST

#LaLiga #RealBetis #Osasuna #Football"
match_fmb_fr1_2026-27_20261010_brest_angers,Ligue 1,Ligue 1,2026/27,2026-10-11,Sunday,12:15 AM,Brest,Angers,scheduled,,false,false,5,MATCH_PREVIEW,Brest vs Angers,"Brest vs Angers

📅 Sunday, 11 Oct 2026
⏰ 12:15 AM IST

#Ligue1 #Brest #Angers #Football"
match_fmb_fr1_2026-27_20261010_lorient_paris_fc,Ligue 1,Ligue 1,2026/27,2026-10-11,Sunday,12:15 AM,Lorient,Paris FC,scheduled,,false,false,5,MATCH_PREVIEW,Lorient vs Paris FC,"Lorient vs Paris FC

📅 Sunday, 11 Oct 2026
⏰ 12:15 AM IST

#Ligue1 #Lorient #ParisFC #Football"
match_fmb_fr1_2026-27_20261010_monaco_toulouse,Ligue 1,Ligue 1,2026/27,2026-10-11,Sunday,12:15 AM,Monaco,Toulouse,scheduled,,false,false,5,MATCH_PREVIEW,Monaco vs Toulouse,"Monaco vs Toulouse

📅 Sunday, 11 Oct 2026
⏰ 12:15 AM IST

#Ligue1 #Monaco #Toulouse #Football"
match_fmb_fr1_2026-27_20261010_paris_saint_germain_le_mans,Ligue 1,Ligue 1,2026/27,2026-10-11,Sunday,12:15 AM,Paris Saint-Germain,Le Mans,scheduled,,false,false,5,MATCH_PREVIEW,Paris Saint-Germain vs Le Mans,"Paris Saint-Germain vs Le Mans

📅 Sunday, 11 Oct 2026
⏰ 12:15 AM IST

#Ligue1 #ParisSaintGermain #LeMans #Football"
match_fmb_it1_2026-27_20261010_napoli_frosinone,Serie A,Serie A,2026/27,2026-10-11,Sunday,12:15 AM,Napoli,Frosinone,scheduled,,false,false,5,MATCH_PREVIEW,Napoli vs Frosinone,"Napoli vs Frosinone

📅 Sunday, 11 Oct 2026
⏰ 12:15 AM IST

#SerieA #Napoli #Frosinone #Football"
match_fmb_es1_2026-27_20261010_real_madrid_villarreal,La Liga,LaLiga,2026/27,2026-10-11,Sunday,12:30 AM,Real Madrid,Villarreal,scheduled,,false,false,5,MATCH_PREVIEW,Real Madrid vs Villarreal,"Real Madrid vs Villarreal

📅 Sunday, 11 Oct 2026
⏰ 12:30 AM IST

#LaLiga #RealMadrid #Villarreal #Football"
match_fmb_it1_2026-27_20261012_atalanta_venezia,Serie A,Serie A,2026/27,2026-10-12,Monday,10:00 PM,Atalanta,Venezia,scheduled,,false,false,6,MATCH_PREVIEW,Atalanta vs Venezia,"Atalanta vs Venezia

📅 Monday, 12 Oct 2026
⏰ 10:00 PM IST

#SerieA #Atalanta #Venezia #Football"
match_fmb_fr1_2026-27_20261011_troyes_marseille,Ligue 1,Ligue 1,2026/27,2026-10-12,Monday,12:15 AM,Troyes,Marseille,scheduled,,false,false,6,MATCH_PREVIEW,Troyes vs Marseille,"Troyes vs Marseille

📅 Monday, 12 Oct 2026
⏰ 12:15 AM IST

#Ligue1 #Troyes #Marseille #Football"
match_fmb_it1_2026-27_20261011_cagliari_juventus,Serie A,Serie A,2026/27,2026-10-12,Monday,12:15 AM,Cagliari,Juventus,scheduled,,false,false,6,MATCH_PREVIEW,Cagliari vs Juventus,"Cagliari vs Juventus

📅 Monday, 12 Oct 2026
⏰ 12:15 AM IST

#SerieA #Cagliari #Juventus #Football"
match_fmb_es1_2026-27_20261011_racing_santander_valencia,La Liga,LaLiga,2026/27,2026-10-12,Monday,12:30 AM,Racing Santander,Valencia,scheduled,,false,false,6,MATCH_PREVIEW,Racing Santander vs Valencia,"Racing Santander vs Valencia

📅 Monday, 12 Oct 2026
⏰ 12:30 AM IST

#LaLiga #RacingSantander #Valencia #Football"
match_fmb_ucl_2026-27_20261013_lens_sporting_cp,Champions League,UCL,2026/27,2026-10-13,Tuesday,10:15 PM,Lens,Sporting CP,scheduled,,false,false,7,MATCH_PREVIEW,Lens vs Sporting CP,"Lens vs Sporting CP

📅 Tuesday, 13 Oct 2026
⏰ 10:15 PM IST

#ChampionsLeague #Lens #SportingCP #Football"
match_fmb_ucl_2026-27_20261013_sabah_fk_slavia_prague,Champions League,UCL,2026/27,2026-10-13,Tuesday,10:15 PM,Sabah FK,Slavia Prague,scheduled,,false,false,7,MATCH_PREVIEW,Sabah FK vs Slavia Prague,"Sabah FK vs Slavia Prague

📅 Tuesday, 13 Oct 2026
⏰ 10:15 PM IST

#ChampionsLeague #SabahFK #SlaviaPrague #Football"
match_fmb_it1_2026-27_20261012_torino_udinese,Serie A,Serie A,2026/27,2026-10-13,Tuesday,12:15 AM,Torino,Udinese,scheduled,,false,false,7,MATCH_PREVIEW,Torino vs Udinese,"Torino vs Udinese

📅 Tuesday, 13 Oct 2026
⏰ 12:15 AM IST

#SerieA #Torino #Udinese #Football"
match_fmb_es1_2026-27_20261012_levante_sevilla,La Liga,LaLiga,2026/27,2026-10-13,Tuesday,12:30 AM,Levante,Sevilla,scheduled,,false,false,7,MATCH_PREVIEW,Levante vs Sevilla,"Levante vs Sevilla

📅 Tuesday, 13 Oct 2026
⏰ 12:30 AM IST

#LaLiga #Levante #Sevilla #Football"
match_fmb_epl_2026-27_20261012_coventry_city_newcastle_united,Premier League,EPL,2026/27,2026-10-13,Tuesday,12:30 AM,Coventry City,Newcastle United,scheduled,,false,false,7,MATCH_PREVIEW,Coventry City vs Newcastle United,"Coventry City vs Newcastle United

📅 Tuesday, 13 Oct 2026
⏰ 12:30 AM IST

#PremierLeague #CoventryCity #NewcastleUnited #Football"
match_fmb_ucl_2026-27_20261014_feyenoord_como,Champions League,UCL,2026/27,2026-10-14,Wednesday,10:15 PM,Feyenoord,Como,scheduled,,false,false,8,MATCH_PREVIEW,Feyenoord vs Como,"Feyenoord vs Como

📅 Wednesday, 14 Oct 2026
⏰ 10:15 PM IST

#ChampionsLeague #Feyenoord #Como #Football"
match_fmb_ucl_2026-27_20261014_lask_liverpool,Champions League,UCL,2026/27,2026-10-14,Wednesday,10:15 PM,LASK,Liverpool,scheduled,,false,false,8,MATCH_PREVIEW,LASK vs Liverpool,"LASK vs Liverpool

📅 Wednesday, 14 Oct 2026
⏰ 10:15 PM IST

#ChampionsLeague #LASK #Liverpool #Football"
match_fmb_ucl_2026-27_20261013_arsenal_lille,Champions League,UCL,2026/27,2026-10-14,Wednesday,12:30 AM,Arsenal,Lille,scheduled,,false,false,8,MATCH_PREVIEW,Arsenal vs Lille,"Arsenal vs Lille

📅 Wednesday, 14 Oct 2026
⏰ 12:30 AM IST

#ChampionsLeague #Arsenal #Lille #Football"
match_fmb_ucl_2026-27_20261013_atletico_madrid_manchester_united,Champions League,UCL,2026/27,2026-10-14,Wednesday,12:30 AM,Atlético Madrid,Manchester United,scheduled,,false,false,8,MATCH_PREVIEW,Atlético Madrid vs Manchester United,"Atlético Madrid vs Manchester United

📅 Wednesday, 14 Oct 2026
⏰ 12:30 AM IST

#ChampionsLeague #AtlticoMadrid #ManchesterUnited #Football"
match_fmb_ucl_2026-27_20261013_galatasaray_barcelona,Champions League,UCL,2026/27,2026-10-14,Wednesday,12:30 AM,Galatasaray,Barcelona,scheduled,,false,false,8,MATCH_PREVIEW,Galatasaray vs Barcelona,"Galatasaray vs Barcelona

📅 Wednesday, 14 Oct 2026
⏰ 12:30 AM IST

#ChampionsLeague #Galatasaray #Barcelona #Football"
match_fmb_ucl_2026-27_20261013_inter_club_brugge,Champions League,UCL,2026/27,2026-10-14,Wednesday,12:30 AM,Inter,Club Brugge,scheduled,,false,false,8,MATCH_PREVIEW,Inter vs Club Brugge,"Inter vs Club Brugge

📅 Wednesday, 14 Oct 2026
⏰ 12:30 AM IST

#ChampionsLeague #Inter #ClubBrugge #Football"
match_fmb_ucl_2026-27_20261013_rb_leipzig_psv_eindhoven,Champions League,UCL,2026/27,2026-10-14,Wednesday,12:30 AM,RB Leipzig,PSV Eindhoven,scheduled,,false,false,8,MATCH_PREVIEW,RB Leipzig vs PSV Eindhoven,"RB Leipzig vs PSV Eindhoven

📅 Wednesday, 14 Oct 2026
⏰ 12:30 AM IST

#ChampionsLeague #RBLeipzig #PSVEindhoven #Football"
match_fmb_ucl_2026-27_20261013_viking_bayern_munchen,Champions League,UCL,2026/27,2026-10-14,Wednesday,12:30 AM,Viking,Bayern München,scheduled,,false,false,8,MATCH_PREVIEW,Viking vs Bayern München,"Viking vs Bayern München

📅 Wednesday, 14 Oct 2026
⏰ 12:30 AM IST

#ChampionsLeague #Viking #BayernMnchen #Football"
match_fmb_ucl_2026-27_20261013_villarreal_napoli,Champions League,UCL,2026/27,2026-10-14,Wednesday,12:30 AM,Villarreal,Napoli,scheduled,,false,false,8,MATCH_PREVIEW,Villarreal vs Napoli,"Villarreal vs Napoli

📅 Wednesday, 14 Oct 2026
⏰ 12:30 AM IST

#ChampionsLeague #Villarreal #Napoli #Football"
match_fmb_uecl_2026-27_20261015_cska_sofia_monaco,Conference League,UECL,2026/27,2026-10-15,Thursday,10:15 PM,CSKA Sofia,Monaco,scheduled,,false,false,9,MATCH_PREVIEW,CSKA Sofia vs Monaco,"CSKA Sofia vs Monaco

📅 Thursday, 15 Oct 2026
⏰ 10:15 PM IST

#ConferenceLeague #CSKASofia #Monaco #Football"
match_fmb_uecl_2026-27_20261015_egnatia_fc_midtjylland,Conference League,UECL,2026/27,2026-10-15,Thursday,10:15 PM,Egnatia,FC Midtjylland,scheduled,,false,false,9,MATCH_PREVIEW,Egnatia vs FC Midtjylland,"Egnatia vs FC Midtjylland

📅 Thursday, 15 Oct 2026
⏰ 10:15 PM IST

#ConferenceLeague #Egnatia #FCMidtjylland #Football"
match_fmb_uecl_2026-27_20261015_gent_agf,Conference League,UECL,2026/27,2026-10-15,Thursday,10:15 PM,Gent,AGF,scheduled,,false,false,9,MATCH_PREVIEW,Gent vs AGF,"Gent vs AGF

📅 Thursday, 15 Oct 2026
⏰ 10:15 PM IST

#ConferenceLeague #Gent #AGF #Football"
match_fmb_uecl_2026-27_20261015_hajduk_split_ajax,Conference League,UECL,2026/27,2026-10-15,Thursday,10:15 PM,Hajduk Split,Ajax,scheduled,,false,false,9,MATCH_PREVIEW,Hajduk Split vs Ajax,"Hajduk Split vs Ajax

📅 Thursday, 15 Oct 2026
⏰ 10:15 PM IST

#ConferenceLeague #HajdukSplit #Ajax #Football"
match_fmb_uecl_2026-27_20261015_kups_trabzonspor,Conference League,UECL,2026/27,2026-10-15,Thursday,10:15 PM,KuPS,Trabzonspor,scheduled,,false,false,9,MATCH_PREVIEW,KuPS vs Trabzonspor,"KuPS vs Trabzonspor

📅 Thursday, 15 Oct 2026
⏰ 10:15 PM IST

#ConferenceLeague #KuPS #Trabzonspor #Football"
match_fmb_uecl_2026-27_20261015_lugano_fk_crvena_zvezda,Conference League,UECL,2026/27,2026-10-15,Thursday,10:15 PM,Lugano,FK Crvena Zvezda,scheduled,,false,false,9,MATCH_PREVIEW,Lugano vs FK Crvena Zvezda,"Lugano vs FK Crvena Zvezda

📅 Thursday, 15 Oct 2026
⏰ 10:15 PM IST

#ConferenceLeague #Lugano #FKCrvenaZvezda #Football"
match_fmb_uecl_2026-27_20261015_mjallby_inter_club_d_escaldes,Conference League,UECL,2026/27,2026-10-15,Thursday,10:15 PM,Mjällby,Inter Club d'Escaldes,scheduled,,false,false,9,MATCH_PREVIEW,Mjällby vs Inter Club d'Escaldes,"Mjällby vs Inter Club d'Escaldes

📅 Thursday, 15 Oct 2026
⏰ 10:15 PM IST

#ConferenceLeague #Mjllby #InterClubdEscaldes #Football"
match_fmb_uecl_2026-27_20261015_panathinaikos_borac_banja_luka,Conference League,UECL,2026/27,2026-10-15,Thursday,10:15 PM,Panathinaikos,Borac Banja Luka,scheduled,,false,false,9,MATCH_PREVIEW,Panathinaikos vs Borac Banja Luka,"Panathinaikos vs Borac Banja Luka

📅 Thursday, 15 Oct 2026
⏰ 10:15 PM IST

#ConferenceLeague #Panathinaikos #BoracBanjaLuka #Football"
match_fmb_uecl_2026-27_20261015_riga_fc_kairat_almaty,Conference League,UECL,2026/27,2026-10-15,Thursday,10:15 PM,Riga FC,Kairat Almaty,scheduled,,false,false,9,MATCH_PREVIEW,Riga FC vs Kairat Almaty,"Riga FC vs Kairat Almaty

📅 Thursday, 15 Oct 2026
⏰ 10:15 PM IST

#ConferenceLeague #RigaFC #KairatAlmaty #Football"
match_fmb_uecl_2026-27_20261015_universitatea_craiova_getafe,Conference League,UECL,2026/27,2026-10-15,Thursday,10:15 PM,Universitatea Craiova,Getafe,scheduled,,false,false,9,MATCH_PREVIEW,Universitatea Craiova vs Getafe,"Universitatea Craiova vs Getafe

📅 Thursday, 15 Oct 2026
⏰ 10:15 PM IST

#ConferenceLeague #UniversitateaCraiova #Getafe #Football"
match_fmb_uel_2026-27_20261015_az_alkmaar_hapoel_beer_sheva,Europa League,UEL,2026/27,2026-10-15,Thursday,10:15 PM,AZ Alkmaar,Hapoel Beer Sheva,scheduled,,false,false,9,MATCH_PREVIEW,AZ Alkmaar vs Hapoel Beer Sheva,"AZ Alkmaar vs Hapoel Beer Sheva

📅 Thursday, 15 Oct 2026
⏰ 10:15 PM IST

#EuropaLeague #AZAlkmaar #HapoelBeerSheva #Football"
match_fmb_uel_2026-27_20261015_lech_poznan_bayer_leverkusen,Europa League,UEL,2026/27,2026-10-15,Thursday,10:15 PM,Lech Poznań,Bayer Leverkusen,scheduled,,false,false,9,MATCH_PREVIEW,Lech Poznań vs Bayer Leverkusen,"Lech Poznań vs Bayer Leverkusen

📅 Thursday, 15 Oct 2026
⏰ 10:15 PM IST

#EuropaLeague #LechPozna #BayerLeverkusen #Football"
match_fmb_uel_2026-27_20261015_lyon_crystal_palace,Europa League,UEL,2026/27,2026-10-15,Thursday,10:15 PM,Lyon,Crystal Palace,scheduled,,false,false,9,MATCH_PREVIEW,Lyon vs Crystal Palace,"Lyon vs Crystal Palace

📅 Thursday, 15 Oct 2026
⏰ 10:15 PM IST

#EuropaLeague #Lyon #CrystalPalace #Football"
match_fmb_uel_2026-27_20261015_nk_celje_omonia_nicosia,Europa League,UEL,2026/27,2026-10-15,Thursday,10:15 PM,NK Celje,Omonia Nicosia,scheduled,,false,false,9,MATCH_PREVIEW,NK Celje vs Omonia Nicosia,"NK Celje vs Omonia Nicosia

📅 Thursday, 15 Oct 2026
⏰ 10:15 PM IST

#EuropaLeague #NKCelje #OmoniaNicosia #Football"
match_fmb_uel_2026-27_20261015_salzburg_milan,Europa League,UEL,2026/27,2026-10-15,Thursday,10:15 PM,Salzburg,Milan,scheduled,,false,false,9,MATCH_PREVIEW,Salzburg vs Milan,"Salzburg vs Milan

📅 Thursday, 15 Oct 2026
⏰ 10:15 PM IST

#EuropaLeague #Salzburg #Milan #Football"
match_fmb_uel_2026-27_20261015_sparta_prague_lillestr_m,Europa League,UEL,2026/27,2026-10-15,Thursday,10:15 PM,Sparta Prague,Lillestrøm,scheduled,,false,false,9,MATCH_PREVIEW,Sparta Prague vs Lillestrøm,"Sparta Prague vs Lillestrøm

📅 Thursday, 15 Oct 2026
⏰ 10:15 PM IST

#EuropaLeague #SpartaPrague #Lillestrm #Football"
match_fmb_uel_2026-27_20261015_torreense_sunderland,Europa League,UEL,2026/27,2026-10-15,Thursday,10:15 PM,Torreense,Sunderland,scheduled,,false,false,9,MATCH_PREVIEW,Torreense vs Sunderland,"Torreense vs Sunderland

📅 Thursday, 15 Oct 2026
⏰ 10:15 PM IST

#EuropaLeague #Torreense #Sunderland #Football"
match_fmb_uel_2026-27_20261015_union_st_gilloise_real_sociedad,Europa League,UEL,2026/27,2026-10-15,Thursday,10:15 PM,Union St.Gilloise,Real Sociedad,scheduled,,false,false,9,MATCH_PREVIEW,Union St.Gilloise vs Real Sociedad,"Union St.Gilloise vs Real Sociedad

📅 Thursday, 15 Oct 2026
⏰ 10:15 PM IST

#EuropaLeague #UnionStGilloise #RealSociedad #Football"
match_fmb_ucl_2026-27_20261014_aston_villa_fenerbahce,Champions League,UCL,2026/27,2026-10-15,Thursday,12:30 AM,Aston Villa,Fenerbahçe,scheduled,,false,false,9,MATCH_PREVIEW,Aston Villa vs Fenerbahçe,"Aston Villa vs Fenerbahçe

📅 Thursday, 15 Oct 2026
⏰ 12:30 AM IST

#ChampionsLeague #AstonVilla #Fenerbahe #Football"
match_fmb_ucl_2026-27_20261014_bod_glimt_borussia_dortmund,Champions League,UCL,2026/27,2026-10-15,Thursday,12:30 AM,Bodø/Glimt,Borussia Dortmund,scheduled,,false,false,9,MATCH_PREVIEW,Bodø/Glimt vs Borussia Dortmund,"Bodø/Glimt vs Borussia Dortmund

📅 Thursday, 15 Oct 2026
⏰ 12:30 AM IST

#ChampionsLeague #BodGlimt #BorussiaDortmund #Football"
match_fmb_ucl_2026-27_20261014_manchester_city_paris_saint_germain,Champions League,UCL,2026/27,2026-10-15,Thursday,12:30 AM,Manchester City,Paris Saint-Germain,scheduled,,false,false,9,MATCH_PREVIEW,Manchester City vs Paris Saint-Germain,"Manchester City vs Paris Saint-Germain

📅 Thursday, 15 Oct 2026
⏰ 12:30 AM IST

#ChampionsLeague #ManchesterCity #ParisSaintGermain #Football"
match_fmb_ucl_2026-27_20261014_real_betis_fc_porto,Champions League,UCL,2026/27,2026-10-15,Thursday,12:30 AM,Real Betis,FC Porto,scheduled,,false,false,9,MATCH_PREVIEW,Real Betis vs FC Porto,"Real Betis vs FC Porto

📅 Thursday, 15 Oct 2026
⏰ 12:30 AM IST

#ChampionsLeague #RealBetis #FCPorto #Football"
match_fmb_ucl_2026-27_20261014_roma_real_madrid,Champions League,UCL,2026/27,2026-10-15,Thursday,12:30 AM,Roma,Real Madrid,scheduled,,false,false,9,MATCH_PREVIEW,Roma vs Real Madrid,"Roma vs Real Madrid

📅 Thursday, 15 Oct 2026
⏰ 12:30 AM IST

#ChampionsLeague #Roma #RealMadrid #Football"
match_fmb_ucl_2026-27_20261014_shakhtar_donetsk_aek_athens,Champions League,UCL,2026/27,2026-10-15,Thursday,12:30 AM,Shakhtar Donetsk,AEK Athens,scheduled,,false,false,9,MATCH_PREVIEW,Shakhtar Donetsk vs AEK Athens,"Shakhtar Donetsk vs AEK Athens

📅 Thursday, 15 Oct 2026
⏰ 12:30 AM IST

#ChampionsLeague #ShakhtarDonetsk #AEKAthens #Football"
match_fmb_ucl_2026-27_20261014_slovan_bratislava_vfb_stuttgart,Champions League,UCL,2026/27,2026-10-15,Thursday,12:30 AM,Slovan Bratislava,VfB Stuttgart,scheduled,,false,false,9,MATCH_PREVIEW,Slovan Bratislava vs VfB Stuttgart,"Slovan Bratislava vs VfB Stuttgart

📅 Thursday, 15 Oct 2026
⏰ 12:30 AM IST

#ChampionsLeague #SlovanBratislava #VfBStuttgart #Football"
match_fmb_uecl_2026-27_20261015_atalanta_pafos_fc,Conference League,UECL,2026/27,2026-10-16,Friday,12:30 AM,Atalanta,Pafos FC,scheduled,,false,false,10,MATCH_PREVIEW,Atalanta vs Pafos FC,"Atalanta vs Pafos FC

📅 Friday, 16 Oct 2026
⏰ 12:30 AM IST

#ConferenceLeague #Atalanta #PafosFC #Football"
match_fmb_uecl_2026-27_20261015_brann_lincoln_red_imps_fc,Conference League,UECL,2026/27,2026-10-16,Friday,12:30 AM,Brann,Lincoln Red Imps FC,scheduled,,false,false,10,MATCH_PREVIEW,Brann vs Lincoln Red Imps FC,"Brann vs Lincoln Red Imps FC

📅 Friday, 16 Oct 2026
⏰ 12:30 AM IST

#ConferenceLeague #Brann #LincolnRedImpsFC #Football"
match_fmb_uecl_2026-27_20261015_brighton_hove_albion_fk_kauno_zalgiris,Conference League,UECL,2026/27,2026-10-16,Friday,12:30 AM,Brighton & Hove Albion,FK Kauno Žalgiris,scheduled,,false,false,10,MATCH_PREVIEW,Brighton & Hove Albion vs FK Kauno Žalgiris,"Brighton & Hove Albion vs FK Kauno Žalgiris

📅 Friday, 16 Oct 2026
⏰ 12:30 AM IST

#ConferenceLeague #BrightonandHoveAlbion #FKKaunoalgiris #Football"
match_fmb_uecl_2026-27_20261015_fc_k_benhavn_braga,Conference League,UECL,2026/27,2026-10-16,Friday,12:30 AM,FC København,Braga,scheduled,,false,false,10,MATCH_PREVIEW,FC København vs Braga,"FC København vs Braga

📅 Friday, 16 Oct 2026
⏰ 12:30 AM IST

#ConferenceLeague #FCKbenhavn #Braga #Football"
match_fmb_uecl_2026-27_20261015_fc_twente_thun,Conference League,UECL,2026/27,2026-10-16,Friday,12:30 AM,FC Twente,Thun,scheduled,,false,false,10,MATCH_PREVIEW,FC Twente vs Thun,"FC Twente vs Thun

📅 Friday, 16 Oct 2026
⏰ 12:30 AM IST

#ConferenceLeague #FCTwente #Thun #Football"
match_fmb_uecl_2026-27_20261015_freiburg_jablonec,Conference League,UECL,2026/27,2026-10-16,Friday,12:30 AM,Freiburg,Jablonec,scheduled,,false,false,10,MATCH_PREVIEW,Freiburg vs Jablonec,"Freiburg vs Jablonec

📅 Friday, 16 Oct 2026
⏰ 12:30 AM IST

#ConferenceLeague #Freiburg #Jablonec #Football"
match_fmb_uecl_2026-27_20261015_heart_of_midlothian_nordsj_lland,Conference League,UECL,2026/27,2026-10-16,Friday,12:30 AM,Heart of Midlothian,Nordsjælland,scheduled,,false,false,10,MATCH_PREVIEW,Heart of Midlothian vs Nordsjælland,"Heart of Midlothian vs Nordsjælland

📅 Friday, 16 Oct 2026
⏰ 12:30 AM IST

#ConferenceLeague #HeartofMidlothian #Nordsjlland #Football"
match_fmb_uecl_2026-27_20261015_st_truiden_iberia_1999,Conference League,UECL,2026/27,2026-10-16,Friday,12:30 AM,St.Truiden,Iberia 1999,scheduled,,false,false,10,MATCH_PREVIEW,St.Truiden vs Iberia 1999,"St.Truiden vs Iberia 1999

📅 Friday, 16 Oct 2026
⏰ 12:30 AM IST

#ConferenceLeague #StTruiden #Iberia1999 #Football"
match_fmb_uel_2026-27_20261015_afc_bournemouth_sturm_graz,Europa League,UEL,2026/27,2026-10-16,Friday,12:30 AM,AFC Bournemouth,Sturm Graz,scheduled,,false,false,10,MATCH_PREVIEW,AFC Bournemouth vs Sturm Graz,"AFC Bournemouth vs Sturm Graz

📅 Friday, 16 Oct 2026
⏰ 12:30 AM IST

#EuropaLeague #AFCBournemouth #SturmGraz #Football"
match_fmb_uel_2026-27_20261015_benfica_celtic,Europa League,UEL,2026/27,2026-10-16,Friday,12:30 AM,Benfica,Celtic,scheduled,,false,false,10,MATCH_PREVIEW,Benfica vs Celtic,"Benfica vs Celtic

📅 Friday, 16 Oct 2026
⏰ 12:30 AM IST

#EuropaLeague #Benfica #Celtic #Football"
match_fmb_uel_2026-27_20261015_celta_vigo_juventus,Europa League,UEL,2026/27,2026-10-16,Friday,12:30 AM,Celta Vigo,Juventus,scheduled,,false,false,10,MATCH_PREVIEW,Celta Vigo vs Juventus,"Celta Vigo vs Juventus

📅 Friday, 16 Oct 2026
⏰ 12:30 AM IST

#EuropaLeague #CeltaVigo #Juventus #Football"
match_fmb_uel_2026-27_20261015_dinamo_zagreb_anderlecht,Europa League,UEL,2026/27,2026-10-16,Friday,12:30 AM,Dinamo Zagreb,Anderlecht,scheduled,,false,false,10,MATCH_PREVIEW,Dinamo Zagreb vs Anderlecht,"Dinamo Zagreb vs Anderlecht

📅 Friday, 16 Oct 2026
⏰ 12:30 AM IST

#EuropaLeague #DinamoZagreb #Anderlecht #Football"
match_fmb_uel_2026-27_20261015_ferencvaros_viktoria_plzen,Europa League,UEL,2026/27,2026-10-16,Friday,12:30 AM,Ferencváros,Viktoria Plzeň,scheduled,,false,false,10,MATCH_PREVIEW,Ferencváros vs Viktoria Plzeň,"Ferencváros vs Viktoria Plzeň

📅 Friday, 16 Oct 2026
⏰ 12:30 AM IST

#EuropaLeague #Ferencvros #ViktoriaPlze #Football"
match_fmb_uel_2026-27_20261015_hoffenheim_besiktas,Europa League,UEL,2026/27,2026-10-16,Friday,12:30 AM,Hoffenheim,Beşiktaş,scheduled,,false,false,10,MATCH_PREVIEW,Hoffenheim vs Beşiktaş,"Hoffenheim vs Beşiktaş

📅 Friday, 16 Oct 2026
⏰ 12:30 AM IST

#EuropaLeague #Hoffenheim #Beikta #Football"
match_fmb_uel_2026-27_20261015_jagiellonia_bia_ystok_ararat_armenia,Europa League,UEL,2026/27,2026-10-16,Friday,12:30 AM,Jagiellonia Białystok,Ararat Armenia,scheduled,,false,false,10,MATCH_PREVIEW,Jagiellonia Białystok vs Ararat Armenia,"Jagiellonia Białystok vs Ararat Armenia

📅 Friday, 16 Oct 2026
⏰ 12:30 AM IST

#EuropaLeague #JagielloniaBiaystok #AraratArmenia #Football"
match_fmb_uel_2026-27_20261015_marseille_olympiacos,Europa League,UEL,2026/27,2026-10-16,Friday,12:30 AM,Marseille,Olympiacos,scheduled,,false,false,10,MATCH_PREVIEW,Marseille vs Olympiacos,"Marseille vs Olympiacos

📅 Friday, 16 Oct 2026
⏰ 12:30 AM IST

#EuropaLeague #Marseille #Olympiacos #Football"
match_fmb_uel_2026-27_20261015_nec_nijmegen_levski_sofia,Europa League,UEL,2026/27,2026-10-16,Friday,12:30 AM,NEC Nijmegen,Levski Sofia,scheduled,,false,false,10,MATCH_PREVIEW,NEC Nijmegen vs Levski Sofia,"NEC Nijmegen vs Levski Sofia

📅 Friday, 16 Oct 2026
⏰ 12:30 AM IST

#EuropaLeague #NECNijmegen #LevskiSofia #Football"
match_fmb_uel_2026-27_20261015_rennes_ofi_crete,Europa League,UEL,2026/27,2026-10-16,Friday,12:30 AM,Rennes,OFI Crete,scheduled,,false,false,10,MATCH_PREVIEW,Rennes vs OFI Crete,"Rennes vs OFI Crete

📅 Friday, 16 Oct 2026
⏰ 12:30 AM IST

#EuropaLeague #Rennes #OFICrete #Football"
match_fmb_epl_2026-27_20261017_everton_chelsea,Premier League,EPL,2026/27,2026-10-17,Saturday,05:00 PM,Everton,Chelsea,scheduled,,false,false,11,MATCH_PREVIEW,Everton vs Chelsea,"Everton vs Chelsea

📅 Saturday, 17 Oct 2026
⏰ 05:00 PM IST

#PremierLeague #Everton #Chelsea #Football"
match_fmb_es1_2026-27_20261017_espanyol_atletico_madrid,La Liga,LaLiga,2026/27,2026-10-17,Saturday,05:30 PM,Espanyol,Atlético Madrid,scheduled,,false,false,11,MATCH_PREVIEW,Espanyol vs Atlético Madrid,"Espanyol vs Atlético Madrid

📅 Saturday, 17 Oct 2026
⏰ 05:30 PM IST

#LaLiga #Espanyol #AtlticoMadrid #Football"
match_fmb_it1_2026-27_20261017_venezia_napoli,Serie A,Serie A,2026/27,2026-10-17,Saturday,06:30 PM,Venezia,Napoli,scheduled,,false,false,11,MATCH_PREVIEW,Venezia vs Napoli,"Venezia vs Napoli

📅 Saturday, 17 Oct 2026
⏰ 06:30 PM IST

#SerieA #Venezia #Napoli #Football"
match_fmb_de1_2026-27_20261017_elversberg_augsburg,Bundesliga,Bundesliga,2026/27,2026-10-17,Saturday,07:00 PM,Elversberg,Augsburg,scheduled,,false,false,11,MATCH_PREVIEW,Elversberg vs Augsburg,"Elversberg vs Augsburg

📅 Saturday, 17 Oct 2026
⏰ 07:00 PM IST

#Bundesliga #Elversberg #Augsburg #Football"
match_fmb_de1_2026-27_20261017_hamburger_sv_vfb_stuttgart,Bundesliga,Bundesliga,2026/27,2026-10-17,Saturday,07:00 PM,Hamburger SV,VfB Stuttgart,scheduled,,false,false,11,MATCH_PREVIEW,Hamburger SV vs VfB Stuttgart,"Hamburger SV vs VfB Stuttgart

📅 Saturday, 17 Oct 2026
⏰ 07:00 PM IST

#Bundesliga #HamburgerSV #VfBStuttgart #Football"
match_fmb_de1_2026-27_20261017_schalke_04_mainz_05,Bundesliga,Bundesliga,2026/27,2026-10-17,Saturday,07:00 PM,Schalke 04,Mainz 05,scheduled,,false,false,11,MATCH_PREVIEW,Schalke 04 vs Mainz 05,"Schalke 04 vs Mainz 05

📅 Saturday, 17 Oct 2026
⏰ 07:00 PM IST

#Bundesliga #Schalke04 #Mainz05 #Football"
match_fmb_de1_2026-27_20261017_union_berlin_borussia_dortmund,Bundesliga,Bundesliga,2026/27,2026-10-17,Saturday,07:00 PM,Union Berlin,Borussia Dortmund,scheduled,,false,false,11,MATCH_PREVIEW,Union Berlin vs Borussia Dortmund,"Union Berlin vs Borussia Dortmund

📅 Saturday, 17 Oct 2026
⏰ 07:00 PM IST

#Bundesliga #UnionBerlin #BorussiaDortmund #Football"
match_fmb_de1_2026-27_20261017_werder_bremen_paderborn,Bundesliga,Bundesliga,2026/27,2026-10-17,Saturday,07:00 PM,Werder Bremen,Paderborn,scheduled,,false,false,11,MATCH_PREVIEW,Werder Bremen vs Paderborn,"Werder Bremen vs Paderborn

📅 Saturday, 17 Oct 2026
⏰ 07:00 PM IST

#Bundesliga #WerderBremen #Paderborn #Football"
match_fmb_epl_2026-27_20261017_brentford_liverpool,Premier League,EPL,2026/27,2026-10-17,Saturday,07:30 PM,Brentford,Liverpool,scheduled,,false,false,11,MATCH_PREVIEW,Brentford vs Liverpool,"Brentford vs Liverpool

📅 Saturday, 17 Oct 2026
⏰ 07:30 PM IST

#PremierLeague #Brentford #Liverpool #Football"
match_fmb_epl_2026-27_20261017_fulham_hull_city,Premier League,EPL,2026/27,2026-10-17,Saturday,07:30 PM,Fulham,Hull City,scheduled,,false,false,11,MATCH_PREVIEW,Fulham vs Hull City,"Fulham vs Hull City

📅 Saturday, 17 Oct 2026
⏰ 07:30 PM IST

#PremierLeague #Fulham #HullCity #Football"
match_fmb_epl_2026-27_20261017_manchester_city_ipswich_town,Premier League,EPL,2026/27,2026-10-17,Saturday,07:30 PM,Manchester City,Ipswich Town,scheduled,,false,false,11,MATCH_PREVIEW,Manchester City vs Ipswich Town,"Manchester City vs Ipswich Town

📅 Saturday, 17 Oct 2026
⏰ 07:30 PM IST

#PremierLeague #ManchesterCity #IpswichTown #Football"
match_fmb_es1_2026-27_20261017_villarreal_elche,La Liga,LaLiga,2026/27,2026-10-17,Saturday,07:45 PM,Villarreal,Elche,scheduled,,false,false,11,MATCH_PREVIEW,Villarreal vs Elche,"Villarreal vs Elche

📅 Saturday, 17 Oct 2026
⏰ 07:45 PM IST

#LaLiga #Villarreal #Elche #Football"
match_fmb_fr1_2026-27_20261017_strasbourg_paris_saint_germain,Ligue 1,Ligue 1,2026/27,2026-10-17,Saturday,08:45 PM,Strasbourg,Paris Saint-Germain,scheduled,,false,false,11,MATCH_PREVIEW,Strasbourg vs Paris Saint-Germain,"Strasbourg vs Paris Saint-Germain

📅 Saturday, 17 Oct 2026
⏰ 08:45 PM IST

#Ligue1 #Strasbourg #ParisSaintGermain #Football"
match_fmb_it1_2026-27_20261017_bologna_inter,Serie A,Serie A,2026/27,2026-10-17,Saturday,09:30 PM,Bologna,Inter,scheduled,,false,false,11,MATCH_PREVIEW,Bologna vs Inter,"Bologna vs Inter

📅 Saturday, 17 Oct 2026
⏰ 09:30 PM IST

#SerieA #Bologna #Inter #Football"
match_fmb_de1_2026-27_20261017_bayern_munchen_rb_leipzig,Bundesliga,Bundesliga,2026/27,2026-10-17,Saturday,10:00 PM,Bayern München,RB Leipzig,scheduled,,false,false,11,MATCH_PREVIEW,Bayern München vs RB Leipzig,"Bayern München vs RB Leipzig

📅 Saturday, 17 Oct 2026
⏰ 10:00 PM IST

#Bundesliga #BayernMnchen #RBLeipzig #Football"
match_fmb_es1_2026-27_20261017_real_betis_barcelona,La Liga,LaLiga,2026/27,2026-10-17,Saturday,10:00 PM,Real Betis,Barcelona,scheduled,,false,false,11,MATCH_PREVIEW,Real Betis vs Barcelona,"Real Betis vs Barcelona

📅 Saturday, 17 Oct 2026
⏰ 10:00 PM IST

#LaLiga #RealBetis #Barcelona #Football"
match_fmb_epl_2026-27_20261017_newcastle_united_aston_villa,Premier League,EPL,2026/27,2026-10-17,Saturday,10:00 PM,Newcastle United,Aston Villa,scheduled,,false,false,11,MATCH_PREVIEW,Newcastle United vs Aston Villa,"Newcastle United vs Aston Villa

📅 Saturday, 17 Oct 2026
⏰ 10:00 PM IST

#PremierLeague #NewcastleUnited #AstonVilla #Football"
match_fmb_de1_2026-27_20261016_eintracht_frankfurt_1_fc_koln,Bundesliga,Bundesliga,2026/27,2026-10-17,Saturday,12:00 AM,Eintracht Frankfurt,1. FC Köln,scheduled,,false,false,11,MATCH_PREVIEW,Eintracht Frankfurt vs 1. FC Köln,"Eintracht Frankfurt vs 1. FC Köln

📅 Saturday, 17 Oct 2026
⏰ 12:00 AM IST

#Bundesliga #EintrachtFrankfurt #1FCKln #Football"
match_fmb_fr1_2026-27_20261016_le_mans_toulouse,Ligue 1,Ligue 1,2026/27,2026-10-17,Saturday,12:15 AM,Le Mans,Toulouse,scheduled,,false,false,11,MATCH_PREVIEW,Le Mans vs Toulouse,"Le Mans vs Toulouse

📅 Saturday, 17 Oct 2026
⏰ 12:15 AM IST

#Ligue1 #LeMans #Toulouse #Football"
match_fmb_it1_2026-27_20261016_frosinone_sassuolo,Serie A,Serie A,2026/27,2026-10-17,Saturday,12:15 AM,Frosinone,Sassuolo,scheduled,,false,false,11,MATCH_PREVIEW,Frosinone vs Sassuolo,"Frosinone vs Sassuolo

📅 Saturday, 17 Oct 2026
⏰ 12:15 AM IST

#SerieA #Frosinone #Sassuolo #Football"
match_fmb_es1_2026-27_20261016_deportivo_a_coruna_levante,La Liga,LaLiga,2026/27,2026-10-17,Saturday,12:30 AM,Deportivo A Coruña,Levante,scheduled,,false,false,11,MATCH_PREVIEW,Deportivo A Coruña vs Levante,"Deportivo A Coruña vs Levante

📅 Saturday, 17 Oct 2026
⏰ 12:30 AM IST

#LaLiga #DeportivoACorua #Levante #Football"
match_fmb_it1_2026-27_20261018_udinese_lecce,Serie A,Serie A,2026/27,2026-10-18,Sunday,04:00 PM,Udinese,Lecce,scheduled,,false,false,12,MATCH_PREVIEW,Udinese vs Lecce,"Udinese vs Lecce

📅 Sunday, 18 Oct 2026
⏰ 04:00 PM IST

#SerieA #Udinese #Lecce #Football"
match_fmb_es1_2026-27_20261018_osasuna_racing_santander,La Liga,LaLiga,2026/27,2026-10-18,Sunday,05:30 PM,Osasuna,Racing Santander,scheduled,,false,false,12,MATCH_PREVIEW,Osasuna vs Racing Santander,"Osasuna vs Racing Santander

📅 Sunday, 18 Oct 2026
⏰ 05:30 PM IST

#LaLiga #Osasuna #RacingSantander #Football"
match_fmb_fr1_2026-27_20261018_angers_marseille,Ligue 1,Ligue 1,2026/27,2026-10-18,Sunday,06:30 PM,Angers,Marseille,scheduled,,false,false,12,MATCH_PREVIEW,Angers vs Marseille,"Angers vs Marseille

📅 Sunday, 18 Oct 2026
⏰ 06:30 PM IST

#Ligue1 #Angers #Marseille #Football"
match_fmb_epl_2026-27_20261018_afc_bournemouth_sunderland,Premier League,EPL,2026/27,2026-10-18,Sunday,06:30 PM,AFC Bournemouth,Sunderland,scheduled,,false,false,12,MATCH_PREVIEW,AFC Bournemouth vs Sunderland,"AFC Bournemouth vs Sunderland

📅 Sunday, 18 Oct 2026
⏰ 06:30 PM IST

#PremierLeague #AFCBournemouth #Sunderland #Football"
match_fmb_epl_2026-27_20261018_brighton_hove_albion_crystal_palace,Premier League,EPL,2026/27,2026-10-18,Sunday,06:30 PM,Brighton & Hove Albion,Crystal Palace,scheduled,,false,false,12,MATCH_PREVIEW,Brighton & Hove Albion vs Crystal Palace,"Brighton & Hove Albion vs Crystal Palace

📅 Sunday, 18 Oct 2026
⏰ 06:30 PM IST

#PremierLeague #BrightonandHoveAlbion #CrystalPalace #Football"
match_fmb_epl_2026-27_20261018_leeds_united_manchester_united,Premier League,EPL,2026/27,2026-10-18,Sunday,06:30 PM,Leeds United,Manchester United,scheduled,,false,false,12,MATCH_PREVIEW,Leeds United vs Manchester United,"Leeds United vs Manchester United

📅 Sunday, 18 Oct 2026
⏰ 06:30 PM IST

#PremierLeague #LeedsUnited #ManchesterUnited #Football"
match_fmb_it1_2026-27_20261018_fiorentina_como,Serie A,Serie A,2026/27,2026-10-18,Sunday,06:30 PM,Fiorentina,Como,scheduled,,false,false,12,MATCH_PREVIEW,Fiorentina vs Como,"Fiorentina vs Como

📅 Sunday, 18 Oct 2026
⏰ 06:30 PM IST

#SerieA #Fiorentina #Como #Football"
match_fmb_de1_2026-27_20261018_bayer_leverkusen_freiburg,Bundesliga,Bundesliga,2026/27,2026-10-18,Sunday,07:00 PM,Bayer Leverkusen,Freiburg,scheduled,,false,false,12,MATCH_PREVIEW,Bayer Leverkusen vs Freiburg,"Bayer Leverkusen vs Freiburg

📅 Sunday, 18 Oct 2026
⏰ 07:00 PM IST

#Bundesliga #BayerLeverkusen #Freiburg #Football"
match_fmb_es1_2026-27_20261018_celta_vigo_deportivo_alaves,La Liga,LaLiga,2026/27,2026-10-18,Sunday,07:45 PM,Celta Vigo,Deportivo Alavés,scheduled,,false,false,12,MATCH_PREVIEW,Celta Vigo vs Deportivo Alavés,"Celta Vigo vs Deportivo Alavés

📅 Sunday, 18 Oct 2026
⏰ 07:45 PM IST

#LaLiga #CeltaVigo #DeportivoAlavs #Football"
match_fmb_fr1_2026-27_20261018_le_havre_auxerre,Ligue 1,Ligue 1,2026/27,2026-10-18,Sunday,08:45 PM,Le Havre,Auxerre,scheduled,,false,false,12,MATCH_PREVIEW,Le Havre vs Auxerre,"Le Havre vs Auxerre

📅 Sunday, 18 Oct 2026
⏰ 08:45 PM IST

#Ligue1 #LeHavre #Auxerre #Football"
match_fmb_fr1_2026-27_20261018_lorient_monaco,Ligue 1,Ligue 1,2026/27,2026-10-18,Sunday,08:45 PM,Lorient,Monaco,scheduled,,false,false,12,MATCH_PREVIEW,Lorient vs Monaco,"Lorient vs Monaco

📅 Sunday, 18 Oct 2026
⏰ 08:45 PM IST

#Ligue1 #Lorient #Monaco #Football"
match_fmb_fr1_2026-27_20261018_paris_fc_rennes,Ligue 1,Ligue 1,2026/27,2026-10-18,Sunday,08:45 PM,Paris FC,Rennes,scheduled,,false,false,12,MATCH_PREVIEW,Paris FC vs Rennes,"Paris FC vs Rennes

📅 Sunday, 18 Oct 2026
⏰ 08:45 PM IST

#Ligue1 #ParisFC #Rennes #Football"
match_fmb_de1_2026-27_20261018_borussia_monchengladbach_hoffenheim,Bundesliga,Bundesliga,2026/27,2026-10-18,Sunday,09:00 PM,Borussia Mönchengladbach,Hoffenheim,scheduled,,false,false,12,MATCH_PREVIEW,Borussia Mönchengladbach vs Hoffenheim,"Borussia Mönchengladbach vs Hoffenheim

📅 Sunday, 18 Oct 2026
⏰ 09:00 PM IST

#Bundesliga #BorussiaMnchengladbach #Hoffenheim #Football"
match_fmb_epl_2026-27_20261018_nottingham_forest_arsenal,Premier League,EPL,2026/27,2026-10-18,Sunday,09:00 PM,Nottingham Forest,Arsenal,scheduled,,false,false,12,MATCH_PREVIEW,Nottingham Forest vs Arsenal,"Nottingham Forest vs Arsenal

📅 Sunday, 18 Oct 2026
⏰ 09:00 PM IST

#PremierLeague #NottinghamForest #Arsenal #Football"
match_fmb_it1_2026-27_20261018_milan_atalanta,Serie A,Serie A,2026/27,2026-10-18,Sunday,09:30 PM,Milan,Atalanta,scheduled,,false,false,12,MATCH_PREVIEW,Milan vs Atalanta,"Milan vs Atalanta

📅 Sunday, 18 Oct 2026
⏰ 09:30 PM IST

#SerieA #Milan #Atalanta #Football"
match_fmb_es1_2026-27_20261018_malaga_real_sociedad,La Liga,LaLiga,2026/27,2026-10-18,Sunday,10:00 PM,Málaga,Real Sociedad,scheduled,,false,false,12,MATCH_PREVIEW,Málaga vs Real Sociedad,"Málaga vs Real Sociedad

📅 Sunday, 18 Oct 2026
⏰ 10:00 PM IST

#LaLiga #Mlaga #RealSociedad #Football"
match_fmb_fr1_2026-27_20261017_lille_brest,Ligue 1,Ligue 1,2026/27,2026-10-18,Sunday,12:15 AM,Lille,Brest,scheduled,,false,false,12,MATCH_PREVIEW,Lille vs Brest,"Lille vs Brest

📅 Sunday, 18 Oct 2026
⏰ 12:15 AM IST

#Ligue1 #Lille #Brest #Football"
match_fmb_fr1_2026-27_20261017_troyes_lens,Ligue 1,Ligue 1,2026/27,2026-10-18,Sunday,12:15 AM,Troyes,Lens,scheduled,,false,false,12,MATCH_PREVIEW,Troyes vs Lens,"Troyes vs Lens

📅 Sunday, 18 Oct 2026
⏰ 12:15 AM IST

#Ligue1 #Troyes #Lens #Football"
match_fmb_it1_2026-27_20261017_roma_genoa,Serie A,Serie A,2026/27,2026-10-18,Sunday,12:15 AM,Roma,Genoa,scheduled,,false,false,12,MATCH_PREVIEW,Roma vs Genoa,"Roma vs Genoa

📅 Sunday, 18 Oct 2026
⏰ 12:15 AM IST

#SerieA #Roma #Genoa #Football"
match_fmb_es1_2026-27_20261017_valencia_athletic_club,La Liga,LaLiga,2026/27,2026-10-18,Sunday,12:30 AM,Valencia,Athletic Club,scheduled,,false,false,12,MATCH_PREVIEW,Valencia vs Athletic Club,"Valencia vs Athletic Club

📅 Sunday, 18 Oct 2026
⏰ 12:30 AM IST

#LaLiga #Valencia #AthleticClub #Football"
match_fmb_it1_2026-27_20261019_monza_cagliari,Serie A,Serie A,2026/27,2026-10-19,Monday,10:00 PM,Monza,Cagliari,scheduled,,false,false,13,MATCH_PREVIEW,Monza vs Cagliari,"Monza vs Cagliari

📅 Monday, 19 Oct 2026
⏰ 10:00 PM IST

#SerieA #Monza #Cagliari #Football"
match_fmb_fr1_2026-27_20261018_lyon_nice,Ligue 1,Ligue 1,2026/27,2026-10-19,Monday,12:15 AM,Lyon,Nice,scheduled,,false,false,13,MATCH_PREVIEW,Lyon vs Nice,"Lyon vs Nice

📅 Monday, 19 Oct 2026
⏰ 12:15 AM IST

#Ligue1 #Lyon #Nice #Football"
match_fmb_it1_2026-27_20261018_juventus_lazio,Serie A,Serie A,2026/27,2026-10-19,Monday,12:15 AM,Juventus,Lazio,scheduled,,false,false,13,MATCH_PREVIEW,Juventus vs Lazio,"Juventus vs Lazio

📅 Monday, 19 Oct 2026
⏰ 12:15 AM IST

#SerieA #Juventus #Lazio #Football"
match_fmb_es1_2026-27_20261018_real_madrid_sevilla,La Liga,LaLiga,2026/27,2026-10-19,Monday,12:30 AM,Real Madrid,Sevilla,scheduled,,false,false,13,MATCH_PREVIEW,Real Madrid vs Sevilla,"Real Madrid vs Sevilla

📅 Monday, 19 Oct 2026
⏰ 12:30 AM IST

#LaLiga #RealMadrid #Sevilla #Football"
match_fmb_ucl_2026-27_20261020_fenerbahce_slavia_prague,Champions League,UCL,2026/27,2026-10-20,Tuesday,10:15 PM,Fenerbahçe,Slavia Prague,scheduled,,false,false,14,MATCH_PREVIEW,Fenerbahçe vs Slavia Prague,"Fenerbahçe vs Slavia Prague

📅 Tuesday, 20 Oct 2026
⏰ 10:15 PM IST

#ChampionsLeague #Fenerbahe #SlaviaPrague #Football"
match_fmb_ucl_2026-27_20261020_sabah_fk_borussia_dortmund,Champions League,UCL,2026/27,2026-10-20,Tuesday,10:15 PM,Sabah FK,Borussia Dortmund,scheduled,,false,false,14,MATCH_PREVIEW,Sabah FK vs Borussia Dortmund,"Sabah FK vs Borussia Dortmund

📅 Tuesday, 20 Oct 2026
⏰ 10:15 PM IST

#ChampionsLeague #SabahFK #BorussiaDortmund #Football"
match_fmb_it1_2026-27_20261019_parma_torino,Serie A,Serie A,2026/27,2026-10-20,Tuesday,12:15 AM,Parma,Torino,scheduled,,false,false,14,MATCH_PREVIEW,Parma vs Torino,"Parma vs Torino

📅 Tuesday, 20 Oct 2026
⏰ 12:15 AM IST

#SerieA #Parma #Torino #Football"
match_fmb_es1_2026-27_20261019_getafe_rayo_vallecano,La Liga,LaLiga,2026/27,2026-10-20,Tuesday,12:30 AM,Getafe,Rayo Vallecano,scheduled,,false,false,14,MATCH_PREVIEW,Getafe vs Rayo Vallecano,"Getafe vs Rayo Vallecano

📅 Tuesday, 20 Oct 2026
⏰ 12:30 AM IST

#LaLiga #Getafe #RayoVallecano #Football"
match_fmb_epl_2026-27_20261019_tottenham_hotspur_coventry_city,Premier League,EPL,2026/27,2026-10-20,Tuesday,12:30 AM,Tottenham Hotspur,Coventry City,scheduled,,false,false,14,MATCH_PREVIEW,Tottenham Hotspur vs Coventry City,"Tottenham Hotspur vs Coventry City

📅 Tuesday, 20 Oct 2026
⏰ 12:30 AM IST

#PremierLeague #TottenhamHotspur #CoventryCity #Football"
match_fmb_ucl_2026-27_20261021_como_manchester_united,Champions League,UCL,2026/27,2026-10-21,Wednesday,10:15 PM,Como,Manchester United,scheduled,,false,false,15,MATCH_PREVIEW,Como vs Manchester United,"Como vs Manchester United

📅 Wednesday, 21 Oct 2026
⏰ 10:15 PM IST

#ChampionsLeague #Como #ManchesterUnited #Football"
match_fmb_ucl_2026-27_20261021_lille_galatasaray,Champions League,UCL,2026/27,2026-10-21,Wednesday,10:15 PM,Lille,Galatasaray,scheduled,,false,false,15,MATCH_PREVIEW,Lille vs Galatasaray,"Lille vs Galatasaray

📅 Wednesday, 21 Oct 2026
⏰ 10:15 PM IST

#ChampionsLeague #Lille #Galatasaray #Football"
match_fmb_es1_2026-27_20261021_levante_athletic_club,La Liga,LaLiga,2026/27,2026-10-21,Wednesday,11:30 PM,Levante,Athletic Club,scheduled,,false,false,15,MATCH_PREVIEW,Levante vs Athletic Club,"Levante vs Athletic Club

📅 Wednesday, 21 Oct 2026
⏰ 11:30 PM IST

#LaLiga #Levante #AthleticClub #Football"
match_fmb_ucl_2026-27_20261020_fc_porto_psv_eindhoven,Champions League,UCL,2026/27,2026-10-21,Wednesday,12:30 AM,FC Porto,PSV Eindhoven,scheduled,,false,false,15,MATCH_PREVIEW,FC Porto vs PSV Eindhoven,"FC Porto vs PSV Eindhoven

📅 Wednesday, 21 Oct 2026
⏰ 12:30 AM IST

#ChampionsLeague #FCPorto #PSVEindhoven #Football"
match_fmb_ucl_2026-27_20261020_liverpool_villarreal,Champions League,UCL,2026/27,2026-10-21,Wednesday,12:30 AM,Liverpool,Villarreal,scheduled,,false,false,15,MATCH_PREVIEW,Liverpool vs Villarreal,"Liverpool vs Villarreal

📅 Wednesday, 21 Oct 2026
⏰ 12:30 AM IST

#ChampionsLeague #Liverpool #Villarreal #Football"
match_fmb_ucl_2026-27_20261020_manchester_city_aek_athens,Champions League,UCL,2026/27,2026-10-21,Wednesday,12:30 AM,Manchester City,AEK Athens,scheduled,,false,false,15,MATCH_PREVIEW,Manchester City vs AEK Athens,"Manchester City vs AEK Athens

📅 Wednesday, 21 Oct 2026
⏰ 12:30 AM IST

#ChampionsLeague #ManchesterCity #AEKAthens #Football"
match_fmb_ucl_2026-27_20261020_napoli_bod_glimt,Champions League,UCL,2026/27,2026-10-21,Wednesday,12:30 AM,Napoli,Bodø/Glimt,scheduled,,false,false,15,MATCH_PREVIEW,Napoli vs Bodø/Glimt,"Napoli vs Bodø/Glimt

📅 Wednesday, 21 Oct 2026
⏰ 12:30 AM IST

#ChampionsLeague #Napoli #BodGlimt #Football"
match_fmb_ucl_2026-27_20261020_paris_saint_germain_barcelona,Champions League,UCL,2026/27,2026-10-21,Wednesday,12:30 AM,Paris Saint-Germain,Barcelona,scheduled,,false,false,15,MATCH_PREVIEW,Paris Saint-Germain vs Barcelona,"Paris Saint-Germain vs Barcelona

📅 Wednesday, 21 Oct 2026
⏰ 12:30 AM IST

#ChampionsLeague #ParisSaintGermain #Barcelona #Football"
match_fmb_ucl_2026-27_20261020_roma_slovan_bratislava,Champions League,UCL,2026/27,2026-10-21,Wednesday,12:30 AM,Roma,Slovan Bratislava,scheduled,,false,false,15,MATCH_PREVIEW,Roma vs Slovan Bratislava,"Roma vs Slovan Bratislava

📅 Wednesday, 21 Oct 2026
⏰ 12:30 AM IST

#ChampionsLeague #Roma #SlovanBratislava #Football"
match_fmb_ucl_2026-27_20261020_vfb_stuttgart_atletico_madrid,Champions League,UCL,2026/27,2026-10-21,Wednesday,12:30 AM,VfB Stuttgart,Atlético Madrid,scheduled,,false,false,15,MATCH_PREVIEW,VfB Stuttgart vs Atlético Madrid,"VfB Stuttgart vs Atlético Madrid

📅 Wednesday, 21 Oct 2026
⏰ 12:30 AM IST

#ChampionsLeague #VfBStuttgart #AtlticoMadrid #Football"
match_fmb_uecl_2026-27_20261022_kairat_almaty_panathinaikos,Conference League,UECL,2026/27,2026-10-22,Thursday,08:00 PM,Kairat Almaty,Panathinaikos,scheduled,,false,false,16,MATCH_PREVIEW,Kairat Almaty vs Panathinaikos,"Kairat Almaty vs Panathinaikos

📅 Thursday, 22 Oct 2026
⏰ 08:00 PM IST

#ConferenceLeague #KairatAlmaty #Panathinaikos #Football"
match_fmb_uecl_2026-27_20261022_fk_crvena_zvezda_fc_k_benhavn,Conference League,UECL,2026/27,2026-10-22,Thursday,10:15 PM,FK Crvena Zvezda,FC København,scheduled,,false,false,16,MATCH_PREVIEW,FK Crvena Zvezda vs FC København,"FK Crvena Zvezda vs FC København

📅 Thursday, 22 Oct 2026
⏰ 10:15 PM IST

#ConferenceLeague #FKCrvenaZvezda #FCKbenhavn #Football"
match_fmb_uecl_2026-27_20261022_fk_kauno_zalgiris_brann,Conference League,UECL,2026/27,2026-10-22,Thursday,10:15 PM,FK Kauno Žalgiris,Brann,scheduled,,false,false,16,MATCH_PREVIEW,FK Kauno Žalgiris vs Brann,"FK Kauno Žalgiris vs Brann

📅 Thursday, 22 Oct 2026
⏰ 10:15 PM IST

#ConferenceLeague #FKKaunoalgiris #Brann #Football"
match_fmb_uecl_2026-27_20261022_getafe_lugano,Conference League,UECL,2026/27,2026-10-22,Thursday,10:15 PM,Getafe,Lugano,scheduled,,false,false,16,MATCH_PREVIEW,Getafe vs Lugano,"Getafe vs Lugano

📅 Thursday, 22 Oct 2026
⏰ 10:15 PM IST

#ConferenceLeague #Getafe #Lugano #Football"
match_fmb_uecl_2026-27_20261022_iberia_1999_mjallby,Conference League,UECL,2026/27,2026-10-22,Thursday,10:15 PM,Iberia 1999,Mjällby,scheduled,,false,false,16,MATCH_PREVIEW,Iberia 1999 vs Mjällby,"Iberia 1999 vs Mjällby

📅 Thursday, 22 Oct 2026
⏰ 10:15 PM IST

#ConferenceLeague #Iberia1999 #Mjllby #Football"
match_fmb_uecl_2026-27_20261022_inter_club_d_escaldes_universitatea_craiova,Conference League,UECL,2026/27,2026-10-22,Thursday,10:15 PM,Inter Club d'Escaldes,Universitatea Craiova,scheduled,,false,false,16,MATCH_PREVIEW,Inter Club d'Escaldes vs Universitatea Craiova,"Inter Club d'Escaldes vs Universitatea Craiova

📅 Thursday, 22 Oct 2026
⏰ 10:15 PM IST

#ConferenceLeague #InterClubdEscaldes #UniversitateaCraiova #Football"
match_fmb_uecl_2026-27_20261022_jablonec_brighton_hove_albion,Conference League,UECL,2026/27,2026-10-22,Thursday,10:15 PM,Jablonec,Brighton & Hove Albion,scheduled,,false,false,16,MATCH_PREVIEW,Jablonec vs Brighton & Hove Albion,"Jablonec vs Brighton & Hove Albion

📅 Thursday, 22 Oct 2026
⏰ 10:15 PM IST

#ConferenceLeague #Jablonec #BrightonandHoveAlbion #Football"
match_fmb_uecl_2026-27_20261022_nordsj_lland_cska_sofia,Conference League,UECL,2026/27,2026-10-22,Thursday,10:15 PM,Nordsjælland,CSKA Sofia,scheduled,,false,false,16,MATCH_PREVIEW,Nordsjælland vs CSKA Sofia,"Nordsjælland vs CSKA Sofia

📅 Thursday, 22 Oct 2026
⏰ 10:15 PM IST

#ConferenceLeague #Nordsjlland #CSKASofia #Football"
match_fmb_uecl_2026-27_20261022_pafos_fc_riga_fc,Conference League,UECL,2026/27,2026-10-22,Thursday,10:15 PM,Pafos FC,Riga FC,scheduled,,false,false,16,MATCH_PREVIEW,Pafos FC vs Riga FC,"Pafos FC vs Riga FC

📅 Thursday, 22 Oct 2026
⏰ 10:15 PM IST

#ConferenceLeague #PafosFC #RigaFC #Football"
match_fmb_uecl_2026-27_20261022_trabzonspor_heart_of_midlothian,Conference League,UECL,2026/27,2026-10-22,Thursday,10:15 PM,Trabzonspor,Heart of Midlothian,scheduled,,false,false,16,MATCH_PREVIEW,Trabzonspor vs Heart of Midlothian,"Trabzonspor vs Heart of Midlothian

📅 Thursday, 22 Oct 2026
⏰ 10:15 PM IST

#ConferenceLeague #Trabzonspor #HeartofMidlothian #Football"
match_fmb_uel_2026-27_20261022_ararat_armenia_az_alkmaar,Europa League,UEL,2026/27,2026-10-22,Thursday,10:15 PM,Ararat Armenia,AZ Alkmaar,scheduled,,false,false,16,MATCH_PREVIEW,Ararat Armenia vs AZ Alkmaar,"Ararat Armenia vs AZ Alkmaar

📅 Thursday, 22 Oct 2026
⏰ 10:15 PM IST

#EuropaLeague #AraratArmenia #AZAlkmaar #Football"
match_fmb_uel_2026-27_20261022_dinamo_zagreb_nec_nijmegen,Europa League,UEL,2026/27,2026-10-22,Thursday,10:15 PM,Dinamo Zagreb,NEC Nijmegen,scheduled,,false,false,16,MATCH_PREVIEW,Dinamo Zagreb vs NEC Nijmegen,"Dinamo Zagreb vs NEC Nijmegen

📅 Thursday, 22 Oct 2026
⏰ 10:15 PM IST

#EuropaLeague #DinamoZagreb #NECNijmegen #Football"
match_fmb_uel_2026-27_20261022_ferencvaros_torreense,Europa League,UEL,2026/27,2026-10-22,Thursday,10:15 PM,Ferencváros,Torreense,scheduled,,false,false,16,MATCH_PREVIEW,Ferencváros vs Torreense,"Ferencváros vs Torreense

📅 Thursday, 22 Oct 2026
⏰ 10:15 PM IST

#EuropaLeague #Ferencvros #Torreense #Football"
match_fmb_uel_2026-27_20261022_juventus_rennes,Europa League,UEL,2026/27,2026-10-22,Thursday,10:15 PM,Juventus,Rennes,scheduled,,false,false,16,MATCH_PREVIEW,Juventus vs Rennes,"Juventus vs Rennes

📅 Thursday, 22 Oct 2026
⏰ 10:15 PM IST

#EuropaLeague #Juventus #Rennes #Football"
match_fmb_uel_2026-27_20261022_lech_poznan_sunderland,Europa League,UEL,2026/27,2026-10-22,Thursday,10:15 PM,Lech Poznań,Sunderland,scheduled,,false,false,16,MATCH_PREVIEW,Lech Poznań vs Sunderland,"Lech Poznań vs Sunderland

📅 Thursday, 22 Oct 2026
⏰ 10:15 PM IST

#EuropaLeague #LechPozna #Sunderland #Football"
match_fmb_uel_2026-27_20261022_ofi_crete_bayer_leverkusen,Europa League,UEL,2026/27,2026-10-22,Thursday,10:15 PM,OFI Crete,Bayer Leverkusen,scheduled,,false,false,16,MATCH_PREVIEW,OFI Crete vs Bayer Leverkusen,"OFI Crete vs Bayer Leverkusen

📅 Thursday, 22 Oct 2026
⏰ 10:15 PM IST

#EuropaLeague #OFICrete #BayerLeverkusen #Football"
match_fmb_uel_2026-27_20261022_sturm_graz_marseille,Europa League,UEL,2026/27,2026-10-22,Thursday,10:15 PM,Sturm Graz,Marseille,scheduled,,false,false,16,MATCH_PREVIEW,Sturm Graz vs Marseille,"Sturm Graz vs Marseille

📅 Thursday, 22 Oct 2026
⏰ 10:15 PM IST

#EuropaLeague #SturmGraz #Marseille #Football"
match_fmb_uel_2026-27_20261022_union_st_gilloise_hapoel_beer_sheva,Europa League,UEL,2026/27,2026-10-22,Thursday,10:15 PM,Union St.Gilloise,Hapoel Beer Sheva,scheduled,,false,false,16,MATCH_PREVIEW,Union St.Gilloise vs Hapoel Beer Sheva,"Union St.Gilloise vs Hapoel Beer Sheva

📅 Thursday, 22 Oct 2026
⏰ 10:15 PM IST

#EuropaLeague #UnionStGilloise #HapoelBeerSheva #Football"
match_fmb_ucl_2026-27_20261021_aston_villa_viking,Champions League,UCL,2026/27,2026-10-22,Thursday,12:30 AM,Aston Villa,Viking,scheduled,,false,false,16,MATCH_PREVIEW,Aston Villa vs Viking,"Aston Villa vs Viking

📅 Thursday, 22 Oct 2026
⏰ 12:30 AM IST

#ChampionsLeague #AstonVilla #Viking #Football"
match_fmb_ucl_2026-27_20261021_bayern_munchen_arsenal,Champions League,UCL,2026/27,2026-10-22,Thursday,12:30 AM,Bayern München,Arsenal,scheduled,,false,false,16,MATCH_PREVIEW,Bayern München vs Arsenal,"Bayern München vs Arsenal

📅 Thursday, 22 Oct 2026
⏰ 12:30 AM IST

#ChampionsLeague #BayernMnchen #Arsenal #Football"
match_fmb_ucl_2026-27_20261021_club_brugge_lens,Champions League,UCL,2026/27,2026-10-22,Thursday,12:30 AM,Club Brugge,Lens,scheduled,,false,false,16,MATCH_PREVIEW,Club Brugge vs Lens,"Club Brugge vs Lens

📅 Thursday, 22 Oct 2026
⏰ 12:30 AM IST

#ChampionsLeague #ClubBrugge #Lens #Football"
match_fmb_ucl_2026-27_20261021_inter_shakhtar_donetsk,Champions League,UCL,2026/27,2026-10-22,Thursday,12:30 AM,Inter,Shakhtar Donetsk,scheduled,,false,false,16,MATCH_PREVIEW,Inter vs Shakhtar Donetsk,"Inter vs Shakhtar Donetsk

📅 Thursday, 22 Oct 2026
⏰ 12:30 AM IST

#ChampionsLeague #Inter #ShakhtarDonetsk #Football"
match_fmb_ucl_2026-27_20261021_real_betis_feyenoord,Champions League,UCL,2026/27,2026-10-22,Thursday,12:30 AM,Real Betis,Feyenoord,scheduled,,false,false,16,MATCH_PREVIEW,Real Betis vs Feyenoord,"Real Betis vs Feyenoord

📅 Thursday, 22 Oct 2026
⏰ 12:30 AM IST

#ChampionsLeague #RealBetis #Feyenoord #Football"
match_fmb_ucl_2026-27_20261021_real_madrid_rb_leipzig,Champions League,UCL,2026/27,2026-10-22,Thursday,12:30 AM,Real Madrid,RB Leipzig,scheduled,,false,false,16,MATCH_PREVIEW,Real Madrid vs RB Leipzig,"Real Madrid vs RB Leipzig

📅 Thursday, 22 Oct 2026
⏰ 12:30 AM IST

#ChampionsLeague #RealMadrid #RBLeipzig #Football"
match_fmb_ucl_2026-27_20261021_sporting_cp_lask,Champions League,UCL,2026/27,2026-10-22,Thursday,12:30 AM,Sporting CP,LASK,scheduled,,false,false,16,MATCH_PREVIEW,Sporting CP vs LASK,"Sporting CP vs LASK

📅 Thursday, 22 Oct 2026
⏰ 12:30 AM IST

#ChampionsLeague #SportingCP #LASK #Football"
match_fmb_uecl_2026-27_20261022_agf_egnatia,Conference League,UECL,2026/27,2026-10-23,Friday,12:30 AM,AGF,Egnatia,scheduled,,false,false,17,MATCH_PREVIEW,AGF vs Egnatia,"AGF vs Egnatia

📅 Friday, 23 Oct 2026
⏰ 12:30 AM IST

#ConferenceLeague #AGF #Egnatia #Football"
match_fmb_uecl_2026-27_20261022_ajax_atalanta,Conference League,UECL,2026/27,2026-10-23,Friday,12:30 AM,Ajax,Atalanta,scheduled,,false,false,17,MATCH_PREVIEW,Ajax vs Atalanta,"Ajax vs Atalanta

📅 Friday, 23 Oct 2026
⏰ 12:30 AM IST

#ConferenceLeague #Ajax #Atalanta #Football"
match_fmb_uecl_2026-27_20261022_borac_banja_luka_kups,Conference League,UECL,2026/27,2026-10-23,Friday,12:30 AM,Borac Banja Luka,KuPS,scheduled,,false,false,17,MATCH_PREVIEW,Borac Banja Luka vs KuPS,"Borac Banja Luka vs KuPS

📅 Friday, 23 Oct 2026
⏰ 12:30 AM IST

#ConferenceLeague #BoracBanjaLuka #KuPS #Football"
match_fmb_uecl_2026-27_20261022_braga_gent,Conference League,UECL,2026/27,2026-10-23,Friday,12:30 AM,Braga,Gent,scheduled,,false,false,17,MATCH_PREVIEW,Braga vs Gent,"Braga vs Gent

📅 Friday, 23 Oct 2026
⏰ 12:30 AM IST

#ConferenceLeague #Braga #Gent #Football"
match_fmb_uecl_2026-27_20261022_fc_midtjylland_st_truiden,Conference League,UECL,2026/27,2026-10-23,Friday,12:30 AM,FC Midtjylland,St.Truiden,scheduled,,false,false,17,MATCH_PREVIEW,FC Midtjylland vs St.Truiden,"FC Midtjylland vs St.Truiden

📅 Friday, 23 Oct 2026
⏰ 12:30 AM IST

#ConferenceLeague #FCMidtjylland #StTruiden #Football"
match_fmb_uecl_2026-27_20261022_lincoln_red_imps_fc_fc_twente,Conference League,UECL,2026/27,2026-10-23,Friday,12:30 AM,Lincoln Red Imps FC,FC Twente,scheduled,,false,false,17,MATCH_PREVIEW,Lincoln Red Imps FC vs FC Twente,"Lincoln Red Imps FC vs FC Twente

📅 Friday, 23 Oct 2026
⏰ 12:30 AM IST

#ConferenceLeague #LincolnRedImpsFC #FCTwente #Football"
match_fmb_uecl_2026-27_20261022_monaco_freiburg,Conference League,UECL,2026/27,2026-10-23,Friday,12:30 AM,Monaco,Freiburg,scheduled,,false,false,17,MATCH_PREVIEW,Monaco vs Freiburg,"Monaco vs Freiburg

📅 Friday, 23 Oct 2026
⏰ 12:30 AM IST

#ConferenceLeague #Monaco #Freiburg #Football"
match_fmb_uecl_2026-27_20261022_thun_hajduk_split,Conference League,UECL,2026/27,2026-10-23,Friday,12:30 AM,Thun,Hajduk Split,scheduled,,false,false,17,MATCH_PREVIEW,Thun vs Hajduk Split,"Thun vs Hajduk Split

📅 Friday, 23 Oct 2026
⏰ 12:30 AM IST

#ConferenceLeague #Thun #HajdukSplit #Football"
match_fmb_uel_2026-27_20261022_afc_bournemouth_milan,Europa League,UEL,2026/27,2026-10-23,Friday,12:30 AM,AFC Bournemouth,Milan,scheduled,,false,false,17,MATCH_PREVIEW,AFC Bournemouth vs Milan,"AFC Bournemouth vs Milan

📅 Friday, 23 Oct 2026
⏰ 12:30 AM IST

#EuropaLeague #AFCBournemouth #Milan #Football"
match_fmb_uel_2026-27_20261022_besiktas_crystal_palace,Europa League,UEL,2026/27,2026-10-23,Friday,12:30 AM,Beşiktaş,Crystal Palace,scheduled,,false,false,17,MATCH_PREVIEW,Beşiktaş vs Crystal Palace,"Beşiktaş vs Crystal Palace

📅 Friday, 23 Oct 2026
⏰ 12:30 AM IST

#EuropaLeague #Beikta #CrystalPalace #Football"
match_fmb_uel_2026-27_20261022_celtic_celta_vigo,Europa League,UEL,2026/27,2026-10-23,Friday,12:30 AM,Celtic,Celta Vigo,scheduled,,false,false,17,MATCH_PREVIEW,Celtic vs Celta Vigo,"Celtic vs Celta Vigo

📅 Friday, 23 Oct 2026
⏰ 12:30 AM IST

#EuropaLeague #Celtic #CeltaVigo #Football"
match_fmb_uel_2026-27_20261022_hoffenheim_lyon,Europa League,UEL,2026/27,2026-10-23,Friday,12:30 AM,Hoffenheim,Lyon,scheduled,,false,false,17,MATCH_PREVIEW,Hoffenheim vs Lyon,"Hoffenheim vs Lyon

📅 Friday, 23 Oct 2026
⏰ 12:30 AM IST

#EuropaLeague #Hoffenheim #Lyon #Football"
match_fmb_uel_2026-27_20261022_jagiellonia_bia_ystok_anderlecht,Europa League,UEL,2026/27,2026-10-23,Friday,12:30 AM,Jagiellonia Białystok,Anderlecht,scheduled,,false,false,17,MATCH_PREVIEW,Jagiellonia Białystok vs Anderlecht,"Jagiellonia Białystok vs Anderlecht

📅 Friday, 23 Oct 2026
⏰ 12:30 AM IST

#EuropaLeague #JagielloniaBiaystok #Anderlecht #Football"
match_fmb_uel_2026-27_20261022_lillestr_m_real_sociedad,Europa League,UEL,2026/27,2026-10-23,Friday,12:30 AM,Lillestrøm,Real Sociedad,scheduled,,false,false,17,MATCH_PREVIEW,Lillestrøm vs Real Sociedad,"Lillestrøm vs Real Sociedad

📅 Friday, 23 Oct 2026
⏰ 12:30 AM IST

#EuropaLeague #Lillestrm #RealSociedad #Football"
match_fmb_uel_2026-27_20261022_nk_celje_salzburg,Europa League,UEL,2026/27,2026-10-23,Friday,12:30 AM,NK Celje,Salzburg,scheduled,,false,false,17,MATCH_PREVIEW,NK Celje vs Salzburg,"NK Celje vs Salzburg

📅 Friday, 23 Oct 2026
⏰ 12:30 AM IST

#EuropaLeague #NKCelje #Salzburg #Football"
match_fmb_uel_2026-27_20261022_olympiacos_sparta_prague,Europa League,UEL,2026/27,2026-10-23,Friday,12:30 AM,Olympiacos,Sparta Prague,scheduled,,false,false,17,MATCH_PREVIEW,Olympiacos vs Sparta Prague,"Olympiacos vs Sparta Prague

📅 Friday, 23 Oct 2026
⏰ 12:30 AM IST

#EuropaLeague #Olympiacos #SpartaPrague #Football"
match_fmb_uel_2026-27_20261022_omonia_nicosia_benfica,Europa League,UEL,2026/27,2026-10-23,Friday,12:30 AM,Omonia Nicosia,Benfica,scheduled,,false,false,17,MATCH_PREVIEW,Omonia Nicosia vs Benfica,"Omonia Nicosia vs Benfica

📅 Friday, 23 Oct 2026
⏰ 12:30 AM IST

#EuropaLeague #OmoniaNicosia #Benfica #Football"
match_fmb_uel_2026-27_20261022_viktoria_plzen_levski_sofia,Europa League,UEL,2026/27,2026-10-23,Friday,12:30 AM,Viktoria Plzeň,Levski Sofia,scheduled,,false,false,17,MATCH_PREVIEW,Viktoria Plzeň vs Levski Sofia,"Viktoria Plzeň vs Levski Sofia

📅 Friday, 23 Oct 2026
⏰ 12:30 AM IST

#EuropaLeague #ViktoriaPlze #LevskiSofia #Football"
match_fmb_epl_2026-27_20261024_aston_villa_manchester_city,Premier League,EPL,2026/27,2026-10-24,Saturday,05:00 PM,Aston Villa,Manchester City,scheduled,,false,false,18,MATCH_PREVIEW,Aston Villa vs Manchester City,"Aston Villa vs Manchester City

📅 Saturday, 24 Oct 2026
⏰ 05:00 PM IST

#PremierLeague #AstonVilla #ManchesterCity #Football"
match_fmb_es1_2026-27_20261024_rayo_vallecano_elche,La Liga,LaLiga,2026/27,2026-10-24,Saturday,05:30 PM,Rayo Vallecano,Elche,scheduled,,false,false,18,MATCH_PREVIEW,Rayo Vallecano vs Elche,"Rayo Vallecano vs Elche

📅 Saturday, 24 Oct 2026
⏰ 05:30 PM IST

#LaLiga #RayoVallecano #Elche #Football"
match_fmb_it1_2026-27_20261024_cagliari_bologna,Serie A,Serie A,2026/27,2026-10-24,Saturday,06:30 PM,Cagliari,Bologna,scheduled,,false,false,18,MATCH_PREVIEW,Cagliari vs Bologna,"Cagliari vs Bologna

📅 Saturday, 24 Oct 2026
⏰ 06:30 PM IST

#SerieA #Cagliari #Bologna #Football"
match_fmb_it1_2026-27_20261024_como_sassuolo,Serie A,Serie A,2026/27,2026-10-24,Saturday,06:30 PM,Como,Sassuolo,scheduled,,false,false,18,MATCH_PREVIEW,Como vs Sassuolo,"Como vs Sassuolo

📅 Saturday, 24 Oct 2026
⏰ 06:30 PM IST

#SerieA #Como #Sassuolo #Football"
match_fmb_de1_2026-27_20261024_1_fc_koln_schalke_04,Bundesliga,Bundesliga,2026/27,2026-10-24,Saturday,07:00 PM,1. FC Köln,Schalke 04,scheduled,,false,false,18,MATCH_PREVIEW,1. FC Köln vs Schalke 04,"1. FC Köln vs Schalke 04

📅 Saturday, 24 Oct 2026
⏰ 07:00 PM IST

#Bundesliga #1FCKln #Schalke04 #Football"
match_fmb_de1_2026-27_20261024_augsburg_union_berlin,Bundesliga,Bundesliga,2026/27,2026-10-24,Saturday,07:00 PM,Augsburg,Union Berlin,scheduled,,false,false,18,MATCH_PREVIEW,Augsburg vs Union Berlin,"Augsburg vs Union Berlin

📅 Saturday, 24 Oct 2026
⏰ 07:00 PM IST

#Bundesliga #Augsburg #UnionBerlin #Football"
match_fmb_de1_2026-27_20261024_mainz_05_werder_bremen,Bundesliga,Bundesliga,2026/27,2026-10-24,Saturday,07:00 PM,Mainz 05,Werder Bremen,scheduled,,false,false,18,MATCH_PREVIEW,Mainz 05 vs Werder Bremen,"Mainz 05 vs Werder Bremen

📅 Saturday, 24 Oct 2026
⏰ 07:00 PM IST

#Bundesliga #Mainz05 #WerderBremen #Football"
match_fmb_de1_2026-27_20261024_paderborn_hamburger_sv,Bundesliga,Bundesliga,2026/27,2026-10-24,Saturday,07:00 PM,Paderborn,Hamburger SV,scheduled,,false,false,18,MATCH_PREVIEW,Paderborn vs Hamburger SV,"Paderborn vs Hamburger SV

📅 Saturday, 24 Oct 2026
⏰ 07:00 PM IST

#Bundesliga #Paderborn #HamburgerSV #Football"
match_fmb_de1_2026-27_20261024_rb_leipzig_elversberg,Bundesliga,Bundesliga,2026/27,2026-10-24,Saturday,07:00 PM,RB Leipzig,Elversberg,scheduled,,false,false,18,MATCH_PREVIEW,RB Leipzig vs Elversberg,"RB Leipzig vs Elversberg

📅 Saturday, 24 Oct 2026
⏰ 07:00 PM IST

#Bundesliga #RBLeipzig #Elversberg #Football"
match_fmb_epl_2026-27_20261024_arsenal_everton,Premier League,EPL,2026/27,2026-10-24,Saturday,07:30 PM,Arsenal,Everton,scheduled,,false,false,18,MATCH_PREVIEW,Arsenal vs Everton,"Arsenal vs Everton

📅 Saturday, 24 Oct 2026
⏰ 07:30 PM IST

#PremierLeague #Arsenal #Everton #Football"
match_fmb_epl_2026-27_20261024_coventry_city_fulham,Premier League,EPL,2026/27,2026-10-24,Saturday,07:30 PM,Coventry City,Fulham,scheduled,,false,false,18,MATCH_PREVIEW,Coventry City vs Fulham,"Coventry City vs Fulham

📅 Saturday, 24 Oct 2026
⏰ 07:30 PM IST

#PremierLeague #CoventryCity #Fulham #Football"
match_fmb_es1_2026-27_20261024_racing_santander_espanyol,La Liga,LaLiga,2026/27,2026-10-24,Saturday,07:45 PM,Racing Santander,Espanyol,scheduled,,false,false,18,MATCH_PREVIEW,Racing Santander vs Espanyol,"Racing Santander vs Espanyol

📅 Saturday, 24 Oct 2026
⏰ 07:45 PM IST

#LaLiga #RacingSantander #Espanyol #Football"
match_fmb_fr1_2026-27_20261024_toulouse_troyes,Ligue 1,Ligue 1,2026/27,2026-10-24,Saturday,08:45 PM,Toulouse,Troyes,scheduled,,false,false,18,MATCH_PREVIEW,Toulouse vs Troyes,"Toulouse vs Troyes

📅 Saturday, 24 Oct 2026
⏰ 08:45 PM IST

#Ligue1 #Toulouse #Troyes #Football"
match_fmb_it1_2026-27_20261024_napoli_roma,Serie A,Serie A,2026/27,2026-10-24,Saturday,09:30 PM,Napoli,Roma,scheduled,,false,false,18,MATCH_PREVIEW,Napoli vs Roma,"Napoli vs Roma

📅 Saturday, 24 Oct 2026
⏰ 09:30 PM IST

#SerieA #Napoli #Roma #Football"
match_fmb_de1_2026-27_20261024_borussia_dortmund_eintracht_frankfurt,Bundesliga,Bundesliga,2026/27,2026-10-24,Saturday,10:00 PM,Borussia Dortmund,Eintracht Frankfurt,scheduled,,false,false,18,MATCH_PREVIEW,Borussia Dortmund vs Eintracht Frankfurt,"Borussia Dortmund vs Eintracht Frankfurt

📅 Saturday, 24 Oct 2026
⏰ 10:00 PM IST

#Bundesliga #BorussiaDortmund #EintrachtFrankfurt #Football"
match_fmb_es1_2026-27_20261024_valencia_villarreal,La Liga,LaLiga,2026/27,2026-10-24,Saturday,10:00 PM,Valencia,Villarreal,scheduled,,false,false,18,MATCH_PREVIEW,Valencia vs Villarreal,"Valencia vs Villarreal

📅 Saturday, 24 Oct 2026
⏰ 10:00 PM IST

#LaLiga #Valencia #Villarreal #Football"
match_fmb_epl_2026-27_20261024_chelsea_tottenham_hotspur,Premier League,EPL,2026/27,2026-10-24,Saturday,10:00 PM,Chelsea,Tottenham Hotspur,scheduled,,false,false,18,MATCH_PREVIEW,Chelsea vs Tottenham Hotspur,"Chelsea vs Tottenham Hotspur

📅 Saturday, 24 Oct 2026
⏰ 10:00 PM IST

#PremierLeague #Chelsea #TottenhamHotspur #Football"
match_fmb_de1_2026-27_20261023_vfb_stuttgart_borussia_monchengladbach,Bundesliga,Bundesliga,2026/27,2026-10-24,Saturday,12:00 AM,VfB Stuttgart,Borussia Mönchengladbach,scheduled,,false,false,18,MATCH_PREVIEW,VfB Stuttgart vs Borussia Mönchengladbach,"VfB Stuttgart vs Borussia Mönchengladbach

📅 Saturday, 24 Oct 2026
⏰ 12:00 AM IST

#Bundesliga #VfBStuttgart #BorussiaMnchengladbach #Football"
match_fmb_fr1_2026-27_20261023_brest_nice,Ligue 1,Ligue 1,2026/27,2026-10-24,Saturday,12:15 AM,Brest,Nice,scheduled,,false,false,18,MATCH_PREVIEW,Brest vs Nice,"Brest vs Nice

📅 Saturday, 24 Oct 2026
⏰ 12:15 AM IST

#Ligue1 #Brest #Nice #Football"
match_fmb_it1_2026-27_20261023_torino_monza,Serie A,Serie A,2026/27,2026-10-24,Saturday,12:15 AM,Torino,Monza,scheduled,,false,false,18,MATCH_PREVIEW,Torino vs Monza,"Torino vs Monza

📅 Saturday, 24 Oct 2026
⏰ 12:15 AM IST

#SerieA #Torino #Monza #Football"
match_fmb_es1_2026-27_20261023_deportivo_alaves_malaga,La Liga,LaLiga,2026/27,2026-10-24,Saturday,12:30 AM,Deportivo Alavés,Málaga,scheduled,,false,false,18,MATCH_PREVIEW,Deportivo Alavés vs Málaga,"Deportivo Alavés vs Málaga

📅 Saturday, 24 Oct 2026
⏰ 12:30 AM IST

#LaLiga #DeportivoAlavs #Mlaga #Football"
match_fmb_epl_2026-27_20261023_ipswich_town_nottingham_forest,Premier League,EPL,2026/27,2026-10-24,Saturday,12:30 AM,Ipswich Town,Nottingham Forest,scheduled,,false,false,18,MATCH_PREVIEW,Ipswich Town vs Nottingham Forest,"Ipswich Town vs Nottingham Forest

📅 Saturday, 24 Oct 2026
⏰ 12:30 AM IST

#PremierLeague #IpswichTown #NottinghamForest #Football"
match_fmb_it1_2026-27_20261025_inter_fiorentina,Serie A,Serie A,2026/27,2026-10-25,Sunday,05:00 PM,Inter,Fiorentina,scheduled,,false,false,19,MATCH_PREVIEW,Inter vs Fiorentina,"Inter vs Fiorentina

📅 Sunday, 25 Oct 2026
⏰ 05:00 PM IST

#SerieA #Inter #Fiorentina #Football"
match_fmb_es1_2026-27_20261025_athletic_club_getafe,La Liga,LaLiga,2026/27,2026-10-25,Sunday,06:30 PM,Athletic Club,Getafe,scheduled,,false,false,19,MATCH_PREVIEW,Athletic Club vs Getafe,"Athletic Club vs Getafe

📅 Sunday, 25 Oct 2026
⏰ 06:30 PM IST

#LaLiga #AthleticClub #Getafe #Football"
match_fmb_fr1_2026-27_20261025_monaco_lille,Ligue 1,Ligue 1,2026/27,2026-10-25,Sunday,07:30 PM,Monaco,Lille,scheduled,,false,false,19,MATCH_PREVIEW,Monaco vs Lille,"Monaco vs Lille

📅 Sunday, 25 Oct 2026
⏰ 07:30 PM IST

#Ligue1 #Monaco #Lille #Football"
match_fmb_epl_2026-27_20261025_crystal_palace_newcastle_united,Premier League,EPL,2026/27,2026-10-25,Sunday,07:30 PM,Crystal Palace,Newcastle United,scheduled,,false,false,19,MATCH_PREVIEW,Crystal Palace vs Newcastle United,"Crystal Palace vs Newcastle United

📅 Sunday, 25 Oct 2026
⏰ 07:30 PM IST

#PremierLeague #CrystalPalace #NewcastleUnited #Football"
match_fmb_epl_2026-27_20261025_hull_city_brentford,Premier League,EPL,2026/27,2026-10-25,Sunday,07:30 PM,Hull City,Brentford,scheduled,,false,false,19,MATCH_PREVIEW,Hull City vs Brentford,"Hull City vs Brentford

📅 Sunday, 25 Oct 2026
⏰ 07:30 PM IST

#PremierLeague #HullCity #Brentford #Football"
match_fmb_epl_2026-27_20261025_liverpool_brighton_hove_albion,Premier League,EPL,2026/27,2026-10-25,Sunday,07:30 PM,Liverpool,Brighton & Hove Albion,scheduled,,false,false,19,MATCH_PREVIEW,Liverpool vs Brighton & Hove Albion,"Liverpool vs Brighton & Hove Albion

📅 Sunday, 25 Oct 2026
⏰ 07:30 PM IST

#PremierLeague #Liverpool #BrightonandHoveAlbion #Football"
match_fmb_epl_2026-27_20261025_manchester_united_afc_bournemouth,Premier League,EPL,2026/27,2026-10-25,Sunday,07:30 PM,Manchester United,AFC Bournemouth,scheduled,,false,false,19,MATCH_PREVIEW,Manchester United vs AFC Bournemouth,"Manchester United vs AFC Bournemouth

📅 Sunday, 25 Oct 2026
⏰ 07:30 PM IST

#PremierLeague #ManchesterUnited #AFCBournemouth #Football"
match_fmb_it1_2026-27_20261025_atalanta_frosinone,Serie A,Serie A,2026/27,2026-10-25,Sunday,07:30 PM,Atalanta,Frosinone,scheduled,,false,false,19,MATCH_PREVIEW,Atalanta vs Frosinone,"Atalanta vs Frosinone

📅 Sunday, 25 Oct 2026
⏰ 07:30 PM IST

#SerieA #Atalanta #Frosinone #Football"
match_fmb_it1_2026-27_20261025_genoa_venezia,Serie A,Serie A,2026/27,2026-10-25,Sunday,07:30 PM,Genoa,Venezia,scheduled,,false,false,19,MATCH_PREVIEW,Genoa vs Venezia,"Genoa vs Venezia

📅 Sunday, 25 Oct 2026
⏰ 07:30 PM IST

#SerieA #Genoa #Venezia #Football"
match_fmb_de1_2026-27_20261025_hoffenheim_bayer_leverkusen,Bundesliga,Bundesliga,2026/27,2026-10-25,Sunday,08:00 PM,Hoffenheim,Bayer Leverkusen,scheduled,,false,false,19,MATCH_PREVIEW,Hoffenheim vs Bayer Leverkusen,"Hoffenheim vs Bayer Leverkusen

📅 Sunday, 25 Oct 2026
⏰ 08:00 PM IST

#Bundesliga #Hoffenheim #BayerLeverkusen #Football"
match_fmb_es1_2026-27_20261025_celta_vigo_real_betis,La Liga,LaLiga,2026/27,2026-10-25,Sunday,08:45 PM,Celta Vigo,Real Betis,scheduled,,false,false,19,MATCH_PREVIEW,Celta Vigo vs Real Betis,"Celta Vigo vs Real Betis

📅 Sunday, 25 Oct 2026
⏰ 08:45 PM IST

#LaLiga #CeltaVigo #RealBetis #Football"
match_fmb_fr1_2026-27_20261025_angers_lorient,Ligue 1,Ligue 1,2026/27,2026-10-25,Sunday,09:45 PM,Angers,Lorient,scheduled,,false,false,19,MATCH_PREVIEW,Angers vs Lorient,"Angers vs Lorient

📅 Sunday, 25 Oct 2026
⏰ 09:45 PM IST

#Ligue1 #Angers #Lorient #Football"
match_fmb_fr1_2026-27_20261025_auxerre_le_mans,Ligue 1,Ligue 1,2026/27,2026-10-25,Sunday,09:45 PM,Auxerre,Le Mans,scheduled,,false,false,19,MATCH_PREVIEW,Auxerre vs Le Mans,"Auxerre vs Le Mans

📅 Sunday, 25 Oct 2026
⏰ 09:45 PM IST

#Ligue1 #Auxerre #LeMans #Football"
match_fmb_fr1_2026-27_20261025_marseille_le_havre,Ligue 1,Ligue 1,2026/27,2026-10-25,Sunday,09:45 PM,Marseille,Le Havre,scheduled,,false,false,19,MATCH_PREVIEW,Marseille vs Le Havre,"Marseille vs Le Havre

📅 Sunday, 25 Oct 2026
⏰ 09:45 PM IST

#Ligue1 #Marseille #LeHavre #Football"
match_fmb_fr1_2026-27_20261025_rennes_strasbourg,Ligue 1,Ligue 1,2026/27,2026-10-25,Sunday,09:45 PM,Rennes,Strasbourg,scheduled,,false,false,19,MATCH_PREVIEW,Rennes vs Strasbourg,"Rennes vs Strasbourg

📅 Sunday, 25 Oct 2026
⏰ 09:45 PM IST

#Ligue1 #Rennes #Strasbourg #Football"
match_fmb_de1_2026-27_20261025_freiburg_bayern_munchen,Bundesliga,Bundesliga,2026/27,2026-10-25,Sunday,10:00 PM,Freiburg,Bayern München,scheduled,,false,false,19,MATCH_PREVIEW,Freiburg vs Bayern München,"Freiburg vs Bayern München

📅 Sunday, 25 Oct 2026
⏰ 10:00 PM IST

#Bundesliga #Freiburg #BayernMnchen #Football"
match_fmb_epl_2026-27_20261025_sunderland_leeds_united,Premier League,EPL,2026/27,2026-10-25,Sunday,10:00 PM,Sunderland,Leeds United,scheduled,,false,false,19,MATCH_PREVIEW,Sunderland vs Leeds United,"Sunderland vs Leeds United

📅 Sunday, 25 Oct 2026
⏰ 10:00 PM IST

#PremierLeague #Sunderland #LeedsUnited #Football"
match_fmb_it1_2026-27_20261025_lecce_juventus,Serie A,Serie A,2026/27,2026-10-25,Sunday,10:30 PM,Lecce,Juventus,scheduled,,false,false,19,MATCH_PREVIEW,Lecce vs Juventus,"Lecce vs Juventus

📅 Sunday, 25 Oct 2026
⏰ 10:30 PM IST

#SerieA #Lecce #Juventus #Football"
match_fmb_es1_2026-27_20261025_real_sociedad_levante,La Liga,LaLiga,2026/27,2026-10-25,Sunday,11:00 PM,Real Sociedad,Levante,scheduled,,false,false,19,MATCH_PREVIEW,Real Sociedad vs Levante,"Real Sociedad vs Levante

📅 Sunday, 25 Oct 2026
⏰ 11:00 PM IST

#LaLiga #RealSociedad #Levante #Football"
match_fmb_fr1_2026-27_20261024_lens_paris_fc,Ligue 1,Ligue 1,2026/27,2026-10-25,Sunday,12:15 AM,Lens,Paris FC,scheduled,,false,false,19,MATCH_PREVIEW,Lens vs Paris FC,"Lens vs Paris FC

📅 Sunday, 25 Oct 2026
⏰ 12:15 AM IST

#Ligue1 #Lens #ParisFC #Football"
match_fmb_it1_2026-27_20261024_lazio_parma,Serie A,Serie A,2026/27,2026-10-25,Sunday,12:15 AM,Lazio,Parma,scheduled,,false,false,19,MATCH_PREVIEW,Lazio vs Parma,"Lazio vs Parma

📅 Sunday, 25 Oct 2026
⏰ 12:15 AM IST

#SerieA #Lazio #Parma #Football"
match_fmb_es1_2026-27_20261024_atletico_madrid_deportivo_a_coruna,La Liga,LaLiga,2026/27,2026-10-25,Sunday,12:30 AM,Atlético Madrid,Deportivo A Coruña,scheduled,,false,false,19,MATCH_PREVIEW,Atlético Madrid vs Deportivo A Coruña,"Atlético Madrid vs Deportivo A Coruña

📅 Sunday, 25 Oct 2026
⏰ 12:30 AM IST

#LaLiga #AtlticoMadrid #DeportivoACorua #Football"
match_fmb_fr1_2026-27_20261025_paris_saint_germain_lyon,Ligue 1,Ligue 1,2026/27,2026-10-26,Monday,01:15 AM,Paris Saint-Germain,Lyon,scheduled,,false,false,20,MATCH_PREVIEW,Paris Saint-Germain vs Lyon,"Paris Saint-Germain vs Lyon

📅 Monday, 26 Oct 2026
⏰ 01:15 AM IST

#Ligue1 #ParisSaintGermain #Lyon #Football"
match_fmb_it1_2026-27_20261025_udinese_milan,Serie A,Serie A,2026/27,2026-10-26,Monday,01:15 AM,Udinese,Milan,scheduled,,false,false,20,MATCH_PREVIEW,Udinese vs Milan,"Udinese vs Milan

📅 Monday, 26 Oct 2026
⏰ 01:15 AM IST

#SerieA #Udinese #Milan #Football"
match_fmb_es1_2026-27_20261025_barcelona_real_madrid,La Liga,LaLiga,2026/27,2026-10-26,Monday,01:30 AM,Barcelona,Real Madrid,scheduled,,false,false,20,MATCH_PREVIEW,Barcelona vs Real Madrid,"Barcelona vs Real Madrid

📅 Monday, 26 Oct 2026
⏰ 01:30 AM IST

#LaLiga #Barcelona #RealMadrid #Football"
match_fmb_es1_2026-27_20261026_sevilla_osasuna,La Liga,LaLiga,2026/27,2026-10-27,Tuesday,01:30 AM,Sevilla,Osasuna,scheduled,,false,false,21,MATCH_PREVIEW,Sevilla vs Osasuna,"Sevilla vs Osasuna

📅 Tuesday, 27 Oct 2026
⏰ 01:30 AM IST

#LaLiga #Sevilla #Osasuna #Football"
match_fmb_it1_2026-27_20261027_sassuolo_lazio,Serie A,Serie A,2026/27,2026-10-27,Tuesday,11:00 PM,Sassuolo,Lazio,scheduled,,false,false,21,MATCH_PREVIEW,Sassuolo vs Lazio,"Sassuolo vs Lazio

📅 Tuesday, 27 Oct 2026
⏰ 11:00 PM IST

#SerieA #Sassuolo #Lazio #Football"
match_fmb_it1_2026-27_20261027_roma_cagliari,Serie A,Serie A,2026/27,2026-10-28,Wednesday,01:15 AM,Roma,Cagliari,scheduled,,false,false,22,MATCH_PREVIEW,Roma vs Cagliari,"Roma vs Cagliari

📅 Wednesday, 28 Oct 2026
⏰ 01:15 AM IST

#SerieA #Roma #Cagliari #Football"
match_fmb_it1_2026-27_20261027_torino_como,Serie A,Serie A,2026/27,2026-10-28,Wednesday,01:15 AM,Torino,Como,scheduled,,false,false,22,MATCH_PREVIEW,Torino vs Como,"Torino vs Como

📅 Wednesday, 28 Oct 2026
⏰ 01:15 AM IST

#SerieA #Torino #Como #Football"
match_fmb_it1_2026-27_20261028_milan_bologna,Serie A,Serie A,2026/27,2026-10-28,Wednesday,11:00 PM,Milan,Bologna,scheduled,,false,false,22,MATCH_PREVIEW,Milan vs Bologna,"Milan vs Bologna

📅 Wednesday, 28 Oct 2026
⏰ 11:00 PM IST

#SerieA #Milan #Bologna #Football"
match_fmb_it1_2026-27_20261028_parma_udinese,Serie A,Serie A,2026/27,2026-10-28,Wednesday,11:00 PM,Parma,Udinese,scheduled,,false,false,22,MATCH_PREVIEW,Parma vs Udinese,"Parma vs Udinese

📅 Wednesday, 28 Oct 2026
⏰ 11:00 PM IST

#SerieA #Parma #Udinese #Football"
match_fmb_it1_2026-27_20261028_venezia_inter,Serie A,Serie A,2026/27,2026-10-28,Wednesday,11:00 PM,Venezia,Inter,scheduled,,false,false,22,MATCH_PREVIEW,Venezia vs Inter,"Venezia vs Inter

📅 Wednesday, 28 Oct 2026
⏰ 11:00 PM IST

#SerieA #Venezia #Inter #Football"
match_fmb_it1_2026-27_20261028_genoa_juventus,Serie A,Serie A,2026/27,2026-10-29,Thursday,01:15 AM,Genoa,Juventus,scheduled,,false,false,23,MATCH_PREVIEW,Genoa vs Juventus,"Genoa vs Juventus

📅 Thursday, 29 Oct 2026
⏰ 01:15 AM IST

#SerieA #Genoa #Juventus #Football"
match_fmb_it1_2026-27_20261028_monza_napoli,Serie A,Serie A,2026/27,2026-10-29,Thursday,01:15 AM,Monza,Napoli,scheduled,,false,false,23,MATCH_PREVIEW,Monza vs Napoli,"Monza vs Napoli

📅 Thursday, 29 Oct 2026
⏰ 01:15 AM IST

#SerieA #Monza #Napoli #Football"
match_fmb_it1_2026-27_20261029_frosinone_lecce,Serie A,Serie A,2026/27,2026-10-29,Thursday,11:00 PM,Frosinone,Lecce,scheduled,,false,false,23,MATCH_PREVIEW,Frosinone vs Lecce,"Frosinone vs Lecce

📅 Thursday, 29 Oct 2026
⏰ 11:00 PM IST

#SerieA #Frosinone #Lecce #Football"
match_fmb_it1_2026-27_20261029_fiorentina_atalanta,Serie A,Serie A,2026/27,2026-10-30,Friday,01:15 AM,Fiorentina,Atalanta,scheduled,,false,false,24,MATCH_PREVIEW,Fiorentina vs Atalanta,"Fiorentina vs Atalanta

📅 Friday, 30 Oct 2026
⏰ 01:15 AM IST

#SerieA #Fiorentina #Atalanta #Football"
match_fmb_fr1_2026-27_20261030_le_havre_paris_saint_germain,Ligue 1,Ligue 1,2026/27,2026-10-30,Friday,11:30 PM,Le Havre,Paris Saint-Germain,scheduled,,false,false,24,MATCH_PREVIEW,Le Havre vs Paris Saint-Germain,"Le Havre vs Paris Saint-Germain

📅 Friday, 30 Oct 2026
⏰ 11:30 PM IST

#Ligue1 #LeHavre #ParisSaintGermain #Football"
match_fmb_de1_2026-27_20261030_elversberg_mainz_05,Bundesliga,Bundesliga,2026/27,2026-10-31,Saturday,01:00 AM,Elversberg,Mainz 05,scheduled,,false,false,25,MATCH_PREVIEW,Elversberg vs Mainz 05,"Elversberg vs Mainz 05

📅 Saturday, 31 Oct 2026
⏰ 01:00 AM IST

#Bundesliga #Elversberg #Mainz05 #Football"
match_fmb_fr1_2026-27_20261030_lille_lens,Ligue 1,Ligue 1,2026/27,2026-10-31,Saturday,01:35 AM,Lille,Lens,scheduled,,false,false,25,MATCH_PREVIEW,Lille vs Lens,"Lille vs Lens

📅 Saturday, 31 Oct 2026
⏰ 01:35 AM IST

#Ligue1 #Lille #Lens #Football"
match_fmb_epl_2026-27_20261031_chelsea_manchester_united,Premier League,EPL,2026/27,2026-10-31,Saturday,06:00 PM,Chelsea,Manchester United,scheduled,,false,false,25,MATCH_PREVIEW,Chelsea vs Manchester United,"Chelsea vs Manchester United

📅 Saturday, 31 Oct 2026
⏰ 06:00 PM IST

#PremierLeague #Chelsea #ManchesterUnited #Football"
match_fmb_it1_2026-27_20261031_bologna_monza,Serie A,Serie A,2026/27,2026-10-31,Saturday,07:30 PM,Bologna,Monza,scheduled,,false,false,25,MATCH_PREVIEW,Bologna vs Monza,"Bologna vs Monza

📅 Saturday, 31 Oct 2026
⏰ 07:30 PM IST

#SerieA #Bologna #Monza #Football"
match_fmb_de1_2026-27_20261031_augsburg_freiburg,Bundesliga,Bundesliga,2026/27,2026-10-31,Saturday,08:00 PM,Augsburg,Freiburg,scheduled,,false,false,25,MATCH_PREVIEW,Augsburg vs Freiburg,"Augsburg vs Freiburg

📅 Saturday, 31 Oct 2026
⏰ 08:00 PM IST

#Bundesliga #Augsburg #Freiburg #Football"
match_fmb_de1_2026-27_20261031_bayer_leverkusen_vfb_stuttgart,Bundesliga,Bundesliga,2026/27,2026-10-31,Saturday,08:00 PM,Bayer Leverkusen,VfB Stuttgart,scheduled,,false,false,25,MATCH_PREVIEW,Bayer Leverkusen vs VfB Stuttgart,"Bayer Leverkusen vs VfB Stuttgart

📅 Saturday, 31 Oct 2026
⏰ 08:00 PM IST

#Bundesliga #BayerLeverkusen #VfBStuttgart #Football"
match_fmb_de1_2026-27_20261031_borussia_monchengladbach_paderborn,Bundesliga,Bundesliga,2026/27,2026-10-31,Saturday,08:00 PM,Borussia Mönchengladbach,Paderborn,scheduled,,false,false,25,MATCH_PREVIEW,Borussia Mönchengladbach vs Paderborn,"Borussia Mönchengladbach vs Paderborn

📅 Saturday, 31 Oct 2026
⏰ 08:00 PM IST

#Bundesliga #BorussiaMnchengladbach #Paderborn #Football"
match_fmb_de1_2026-27_20261031_schalke_04_rb_leipzig,Bundesliga,Bundesliga,2026/27,2026-10-31,Saturday,08:00 PM,Schalke 04,RB Leipzig,scheduled,,false,false,25,MATCH_PREVIEW,Schalke 04 vs RB Leipzig,"Schalke 04 vs RB Leipzig

📅 Saturday, 31 Oct 2026
⏰ 08:00 PM IST

#Bundesliga #Schalke04 #RBLeipzig #Football"
match_fmb_de1_2026-27_20261031_werder_bremen_hoffenheim,Bundesliga,Bundesliga,2026/27,2026-10-31,Saturday,08:00 PM,Werder Bremen,Hoffenheim,scheduled,,false,false,25,MATCH_PREVIEW,Werder Bremen vs Hoffenheim,"Werder Bremen vs Hoffenheim

📅 Saturday, 31 Oct 2026
⏰ 08:00 PM IST

#Bundesliga #WerderBremen #Hoffenheim #Football"
match_fmb_epl_2026-27_20261031_afc_bournemouth_leeds_united,Premier League,EPL,2026/27,2026-10-31,Saturday,08:30 PM,AFC Bournemouth,Leeds United,scheduled,,false,false,25,MATCH_PREVIEW,AFC Bournemouth vs Leeds United,"AFC Bournemouth vs Leeds United

📅 Saturday, 31 Oct 2026
⏰ 08:30 PM IST

#PremierLeague #AFCBournemouth #LeedsUnited #Football"
match_fmb_epl_2026-27_20261031_brentford_nottingham_forest,Premier League,EPL,2026/27,2026-10-31,Saturday,08:30 PM,Brentford,Nottingham Forest,scheduled,,false,false,25,MATCH_PREVIEW,Brentford vs Nottingham Forest,"Brentford vs Nottingham Forest

📅 Saturday, 31 Oct 2026
⏰ 08:30 PM IST

#PremierLeague #Brentford #NottinghamForest #Football"
match_fmb_epl_2026-27_20261031_coventry_city_sunderland,Premier League,EPL,2026/27,2026-10-31,Saturday,08:30 PM,Coventry City,Sunderland,scheduled,,false,false,25,MATCH_PREVIEW,Coventry City vs Sunderland,"Coventry City vs Sunderland

📅 Saturday, 31 Oct 2026
⏰ 08:30 PM IST

#PremierLeague #CoventryCity #Sunderland #Football"
match_fmb_epl_2026-27_20261031_hull_city_ipswich_town,Premier League,EPL,2026/27,2026-10-31,Saturday,08:30 PM,Hull City,Ipswich Town,scheduled,,false,false,25,MATCH_PREVIEW,Hull City vs Ipswich Town,"Hull City vs Ipswich Town

📅 Saturday, 31 Oct 2026
⏰ 08:30 PM IST

#PremierLeague #HullCity #IpswichTown #Football"
match_fmb_epl_2026-27_20261031_manchester_city_brighton_hove_albion,Premier League,EPL,2026/27,2026-10-31,Saturday,08:30 PM,Manchester City,Brighton & Hove Albion,scheduled,,false,false,25,MATCH_PREVIEW,Manchester City vs Brighton & Hove Albion,"Manchester City vs Brighton & Hove Albion

📅 Saturday, 31 Oct 2026
⏰ 08:30 PM IST

#PremierLeague #ManchesterCity #BrightonandHoveAlbion #Football"
match_fmb_fr1_2026-27_20261031_nice_rennes,Ligue 1,Ligue 1,2026/27,2026-10-31,Saturday,09:45 PM,Nice,Rennes,scheduled,,false,false,25,MATCH_PREVIEW,Nice vs Rennes,"Nice vs Rennes

📅 Saturday, 31 Oct 2026
⏰ 09:45 PM IST

#Ligue1 #Nice #Rennes #Football"
match_fmb_it1_2026-27_20261031_udinese_roma,Serie A,Serie A,2026/27,2026-10-31,Saturday,10:30 PM,Udinese,Roma,scheduled,,false,false,25,MATCH_PREVIEW,Udinese vs Roma,"Udinese vs Roma

📅 Saturday, 31 Oct 2026
⏰ 10:30 PM IST

#SerieA #Udinese #Roma #Football"
match_fmb_de1_2026-27_20261031_bayern_munchen_borussia_dortmund,Bundesliga,Bundesliga,2026/27,2026-10-31,Saturday,11:00 PM,Bayern München,Borussia Dortmund,scheduled,,false,false,25,MATCH_PREVIEW,Bayern München vs Borussia Dortmund,"Bayern München vs Borussia Dortmund

📅 Saturday, 31 Oct 2026
⏰ 11:00 PM IST

#Bundesliga #BayernMnchen #BorussiaDortmund #Football"
match_fmb_epl_2026-27_20261031_tottenham_hotspur_crystal_palace,Premier League,EPL,2026/27,2026-10-31,Saturday,11:00 PM,Tottenham Hotspur,Crystal Palace,scheduled,,false,false,25,MATCH_PREVIEW,Tottenham Hotspur vs Crystal Palace,"Tottenham Hotspur vs Crystal Palace

📅 Saturday, 31 Oct 2026
⏰ 11:00 PM IST

#PremierLeague #TottenhamHotspur #CrystalPalace #Football"
match_fmb_fr1_2026-27_20261031_lorient_brest,Ligue 1,Ligue 1,2026/27,2026-11-01,Sunday,01:15 AM,Lorient,Brest,scheduled,,false,false,26,MATCH_PREVIEW,Lorient vs Brest,"Lorient vs Brest

📅 Sunday, 01 Nov 2026
⏰ 01:15 AM IST

#Ligue1 #Lorient #Brest #Football"
match_fmb_fr1_2026-27_20261031_lyon_angers,Ligue 1,Ligue 1,2026/27,2026-11-01,Sunday,01:15 AM,Lyon,Angers,scheduled,,false,false,26,MATCH_PREVIEW,Lyon vs Angers,"Lyon vs Angers

📅 Sunday, 01 Nov 2026
⏰ 01:15 AM IST

#Ligue1 #Lyon #Angers #Football"
match_fmb_fr1_2026-27_20261031_troyes_le_mans,Ligue 1,Ligue 1,2026/27,2026-11-01,Sunday,01:15 AM,Troyes,Le Mans,scheduled,,false,false,26,MATCH_PREVIEW,Troyes vs Le Mans,"Troyes vs Le Mans

📅 Sunday, 01 Nov 2026
⏰ 01:15 AM IST

#Ligue1 #Troyes #LeMans #Football"
match_fmb_it1_2026-27_20261031_milan_inter,Serie A,Serie A,2026/27,2026-11-01,Sunday,01:15 AM,Milan,Inter,scheduled,,false,false,26,MATCH_PREVIEW,Milan vs Inter,"Milan vs Inter

📅 Sunday, 01 Nov 2026
⏰ 01:15 AM IST

#SerieA #Milan #Inter #Football"
match_fmb_epl_2026-27_20261031_aston_villa_fulham,Premier League,EPL,2026/27,2026-11-01,Sunday,01:30 AM,Aston Villa,Fulham,scheduled,,false,false,26,MATCH_PREVIEW,Aston Villa vs Fulham,"Aston Villa vs Fulham

📅 Sunday, 01 Nov 2026
⏰ 01:30 AM IST

#PremierLeague #AstonVilla #Fulham #Football"
match_fmb_it1_2026-27_20261101_como_venezia,Serie A,Serie A,2026/27,2026-11-01,Sunday,05:00 PM,Como,Venezia,scheduled,,false,false,26,MATCH_PREVIEW,Como vs Venezia,"Como vs Venezia

📅 Sunday, 01 Nov 2026
⏰ 05:00 PM IST

#SerieA #Como #Venezia #Football"
match_fmb_es1_2026-27_20261101_athletic_club_real_sociedad,La Liga,LaLiga,2026/27,2026-11-01,Sunday,07:30 PM,Athletic Club,Real Sociedad,scheduled,,false,false,26,MATCH_PREVIEW,Athletic Club vs Real Sociedad,"Athletic Club vs Real Sociedad

📅 Sunday, 01 Nov 2026
⏰ 07:30 PM IST

#LaLiga #AthleticClub #RealSociedad #Football"
match_fmb_es1_2026-27_20261101_barcelona_deportivo_alaves,La Liga,LaLiga,2026/27,2026-11-01,Sunday,07:30 PM,Barcelona,Deportivo Alavés,scheduled,,false,false,26,MATCH_PREVIEW,Barcelona vs Deportivo Alavés,"Barcelona vs Deportivo Alavés

📅 Sunday, 01 Nov 2026
⏰ 07:30 PM IST

#LaLiga #Barcelona #DeportivoAlavs #Football"
match_fmb_es1_2026-27_20261101_deportivo_a_coruna_osasuna,La Liga,LaLiga,2026/27,2026-11-01,Sunday,07:30 PM,Deportivo A Coruña,Osasuna,scheduled,,false,false,26,MATCH_PREVIEW,Deportivo A Coruña vs Osasuna,"Deportivo A Coruña vs Osasuna

📅 Sunday, 01 Nov 2026
⏰ 07:30 PM IST

#LaLiga #DeportivoACorua #Osasuna #Football"
match_fmb_es1_2026-27_20261101_elche_valencia,La Liga,LaLiga,2026/27,2026-11-01,Sunday,07:30 PM,Elche,Valencia,scheduled,,false,false,26,MATCH_PREVIEW,Elche vs Valencia,"Elche vs Valencia

📅 Sunday, 01 Nov 2026
⏰ 07:30 PM IST

#LaLiga #Elche #Valencia #Football"
match_fmb_es1_2026-27_20261101_getafe_sevilla,La Liga,LaLiga,2026/27,2026-11-01,Sunday,07:30 PM,Getafe,Sevilla,scheduled,,false,false,26,MATCH_PREVIEW,Getafe vs Sevilla,"Getafe vs Sevilla

📅 Sunday, 01 Nov 2026
⏰ 07:30 PM IST

#LaLiga #Getafe #Sevilla #Football"
match_fmb_es1_2026-27_20261101_levante_atletico_madrid,La Liga,LaLiga,2026/27,2026-11-01,Sunday,07:30 PM,Levante,Atlético Madrid,scheduled,,false,false,26,MATCH_PREVIEW,Levante vs Atlético Madrid,"Levante vs Atlético Madrid

📅 Sunday, 01 Nov 2026
⏰ 07:30 PM IST

#LaLiga #Levante #AtlticoMadrid #Football"
match_fmb_es1_2026-27_20261101_racing_santander_real_madrid,La Liga,LaLiga,2026/27,2026-11-01,Sunday,07:30 PM,Racing Santander,Real Madrid,scheduled,,false,false,26,MATCH_PREVIEW,Racing Santander vs Real Madrid,"Racing Santander vs Real Madrid

📅 Sunday, 01 Nov 2026
⏰ 07:30 PM IST

#LaLiga #RacingSantander #RealMadrid #Football"
match_fmb_es1_2026-27_20261101_rayo_vallecano_celta_vigo,La Liga,LaLiga,2026/27,2026-11-01,Sunday,07:30 PM,Rayo Vallecano,Celta Vigo,scheduled,,false,false,26,MATCH_PREVIEW,Rayo Vallecano vs Celta Vigo,"Rayo Vallecano vs Celta Vigo

📅 Sunday, 01 Nov 2026
⏰ 07:30 PM IST

#LaLiga #RayoVallecano #CeltaVigo #Football"
match_fmb_es1_2026-27_20261101_real_betis_malaga,La Liga,LaLiga,2026/27,2026-11-01,Sunday,07:30 PM,Real Betis,Málaga,scheduled,,false,false,26,MATCH_PREVIEW,Real Betis vs Málaga,"Real Betis vs Málaga

📅 Sunday, 01 Nov 2026
⏰ 07:30 PM IST

#LaLiga #RealBetis #Mlaga #Football"
match_fmb_es1_2026-27_20261101_villarreal_espanyol,La Liga,LaLiga,2026/27,2026-11-01,Sunday,07:30 PM,Villarreal,Espanyol,scheduled,,false,false,26,MATCH_PREVIEW,Villarreal vs Espanyol,"Villarreal vs Espanyol

📅 Sunday, 01 Nov 2026
⏰ 07:30 PM IST

#LaLiga #Villarreal #Espanyol #Football"
match_fmb_fr1_2026-27_20261101_strasbourg_auxerre,Ligue 1,Ligue 1,2026/27,2026-11-01,Sunday,07:30 PM,Strasbourg,Auxerre,scheduled,,false,false,26,MATCH_PREVIEW,Strasbourg vs Auxerre,"Strasbourg vs Auxerre

📅 Sunday, 01 Nov 2026
⏰ 07:30 PM IST

#Ligue1 #Strasbourg #Auxerre #Football"
match_fmb_it1_2026-27_20261101_frosinone_torino,Serie A,Serie A,2026/27,2026-11-01,Sunday,07:30 PM,Frosinone,Torino,scheduled,,false,false,26,MATCH_PREVIEW,Frosinone vs Torino,"Frosinone vs Torino

📅 Sunday, 01 Nov 2026
⏰ 07:30 PM IST

#SerieA #Frosinone #Torino #Football"
match_fmb_it1_2026-27_20261101_lazio_cagliari,Serie A,Serie A,2026/27,2026-11-01,Sunday,07:30 PM,Lazio,Cagliari,scheduled,,false,false,26,MATCH_PREVIEW,Lazio vs Cagliari,"Lazio vs Cagliari

📅 Sunday, 01 Nov 2026
⏰ 07:30 PM IST

#SerieA #Lazio #Cagliari #Football"
match_fmb_de1_2026-27_20261101_union_berlin_1_fc_koln,Bundesliga,Bundesliga,2026/27,2026-11-01,Sunday,08:00 PM,Union Berlin,1. FC Köln,scheduled,,false,false,26,MATCH_PREVIEW,Union Berlin vs 1. FC Köln,"Union Berlin vs 1. FC Köln

📅 Sunday, 01 Nov 2026
⏰ 08:00 PM IST

#Bundesliga #UnionBerlin #1FCKln #Football"
match_fmb_fr1_2026-27_20261101_paris_fc_monaco,Ligue 1,Ligue 1,2026/27,2026-11-01,Sunday,09:45 PM,Paris FC,Monaco,scheduled,,false,false,26,MATCH_PREVIEW,Paris FC vs Monaco,"Paris FC vs Monaco

📅 Sunday, 01 Nov 2026
⏰ 09:45 PM IST

#Ligue1 #ParisFC #Monaco #Football"
match_fmb_de1_2026-27_20261101_eintracht_frankfurt_hamburger_sv,Bundesliga,Bundesliga,2026/27,2026-11-01,Sunday,10:00 PM,Eintracht Frankfurt,Hamburger SV,scheduled,,false,false,26,MATCH_PREVIEW,Eintracht Frankfurt vs Hamburger SV,"Eintracht Frankfurt vs Hamburger SV

📅 Sunday, 01 Nov 2026
⏰ 10:00 PM IST

#Bundesliga #EintrachtFrankfurt #HamburgerSV #Football"
match_fmb_epl_2026-27_20261101_liverpool_arsenal,Premier League,EPL,2026/27,2026-11-01,Sunday,10:00 PM,Liverpool,Arsenal,scheduled,,false,false,26,MATCH_PREVIEW,Liverpool vs Arsenal,"Liverpool vs Arsenal

📅 Sunday, 01 Nov 2026
⏰ 10:00 PM IST

#PremierLeague #Liverpool #Arsenal #Football"
match_fmb_it1_2026-27_20261101_lecce_genoa,Serie A,Serie A,2026/27,2026-11-01,Sunday,10:30 PM,Lecce,Genoa,scheduled,,false,false,26,MATCH_PREVIEW,Lecce vs Genoa,"Lecce vs Genoa

📅 Sunday, 01 Nov 2026
⏰ 10:30 PM IST

#SerieA #Lecce #Genoa #Football"
match_fmb_fr1_2026-27_20261101_marseille_toulouse,Ligue 1,Ligue 1,2026/27,2026-11-02,Monday,01:15 AM,Marseille,Toulouse,scheduled,,false,false,27,MATCH_PREVIEW,Marseille vs Toulouse,"Marseille vs Toulouse

📅 Monday, 02 Nov 2026
⏰ 01:15 AM IST

#Ligue1 #Marseille #Toulouse #Football"
match_fmb_it1_2026-27_20261101_juventus_napoli,Serie A,Serie A,2026/27,2026-11-02,Monday,01:15 AM,Juventus,Napoli,scheduled,,false,false,27,MATCH_PREVIEW,Juventus vs Napoli,"Juventus vs Napoli

📅 Monday, 02 Nov 2026
⏰ 01:15 AM IST

#SerieA #Juventus #Napoli #Football"
match_fmb_uecl_2026-27_20261105_agf_braga,Conference League,UECL,2026/27,2026-11-05,Thursday,11:15 PM,AGF,Braga,scheduled,,false,false,30,MATCH_PREVIEW,AGF vs Braga,"AGF vs Braga

📅 Thursday, 05 Nov 2026
⏰ 11:15 PM IST

#ConferenceLeague #AGF #Braga #Football"
match_fmb_uecl_2026-27_20261105_atalanta_kairat_almaty,Conference League,UECL,2026/27,2026-11-05,Thursday,11:15 PM,Atalanta,Kairat Almaty,scheduled,,false,false,30,MATCH_PREVIEW,Atalanta vs Kairat Almaty,"Atalanta vs Kairat Almaty

📅 Thursday, 05 Nov 2026
⏰ 11:15 PM IST

#ConferenceLeague #Atalanta #KairatAlmaty #Football"
match_fmb_uecl_2026-27_20261105_fc_midtjylland_ajax,Conference League,UECL,2026/27,2026-11-05,Thursday,11:15 PM,FC Midtjylland,Ajax,scheduled,,false,false,30,MATCH_PREVIEW,FC Midtjylland vs Ajax,"FC Midtjylland vs Ajax

📅 Thursday, 05 Nov 2026
⏰ 11:15 PM IST

#ConferenceLeague #FCMidtjylland #Ajax #Football"
match_fmb_uecl_2026-27_20261105_fk_crvena_zvezda_inter_club_d_escaldes,Conference League,UECL,2026/27,2026-11-05,Thursday,11:15 PM,FK Crvena Zvezda,Inter Club d'Escaldes,scheduled,,false,false,30,MATCH_PREVIEW,FK Crvena Zvezda vs Inter Club d'Escaldes,"FK Crvena Zvezda vs Inter Club d'Escaldes

📅 Thursday, 05 Nov 2026
⏰ 11:15 PM IST

#ConferenceLeague #FKCrvenaZvezda #InterClubdEscaldes #Football"
match_fmb_uecl_2026-27_20261105_kups_gent,Conference League,UECL,2026/27,2026-11-05,Thursday,11:15 PM,KuPS,Gent,scheduled,,false,false,30,MATCH_PREVIEW,KuPS vs Gent,"KuPS vs Gent

📅 Thursday, 05 Nov 2026
⏰ 11:15 PM IST

#ConferenceLeague #KuPS #Gent #Football"
match_fmb_uecl_2026-27_20261105_lincoln_red_imps_fc_hajduk_split,Conference League,UECL,2026/27,2026-11-05,Thursday,11:15 PM,Lincoln Red Imps FC,Hajduk Split,scheduled,,false,false,30,MATCH_PREVIEW,Lincoln Red Imps FC vs Hajduk Split,"Lincoln Red Imps FC vs Hajduk Split

📅 Thursday, 05 Nov 2026
⏰ 11:15 PM IST

#ConferenceLeague #LincolnRedImpsFC #HajdukSplit #Football"
match_fmb_uecl_2026-27_20261105_mjallby_borac_banja_luka,Conference League,UECL,2026/27,2026-11-05,Thursday,11:15 PM,Mjällby,Borac Banja Luka,scheduled,,false,false,30,MATCH_PREVIEW,Mjällby vs Borac Banja Luka,"Mjällby vs Borac Banja Luka

📅 Thursday, 05 Nov 2026
⏰ 11:15 PM IST

#ConferenceLeague #Mjllby #BoracBanjaLuka #Football"
match_fmb_uecl_2026-27_20261105_thun_heart_of_midlothian,Conference League,UECL,2026/27,2026-11-05,Thursday,11:15 PM,Thun,Heart of Midlothian,scheduled,,false,false,30,MATCH_PREVIEW,Thun vs Heart of Midlothian,"Thun vs Heart of Midlothian

📅 Thursday, 05 Nov 2026
⏰ 11:15 PM IST

#ConferenceLeague #Thun #HeartofMidlothian #Football"
match_fmb_uecl_2026-27_20261105_trabzonspor_freiburg,Conference League,UECL,2026/27,2026-11-05,Thursday,11:15 PM,Trabzonspor,Freiburg,scheduled,,false,false,30,MATCH_PREVIEW,Trabzonspor vs Freiburg,"Trabzonspor vs Freiburg

📅 Thursday, 05 Nov 2026
⏰ 11:15 PM IST

#ConferenceLeague #Trabzonspor #Freiburg #Football"
match_fmb_uecl_2026-27_20261105_fc_k_benhavn_iberia_1999,Conference League,UECL,2026/27,2026-11-06,Friday,01:30 AM,FC København,Iberia 1999,scheduled,,false,false,31,MATCH_PREVIEW,FC København vs Iberia 1999,"FC København vs Iberia 1999

📅 Friday, 06 Nov 2026
⏰ 01:30 AM IST

#ConferenceLeague #FCKbenhavn #Iberia1999 #Football"
match_fmb_uecl_2026-27_20261105_fc_twente_pafos_fc,Conference League,UECL,2026/27,2026-11-06,Friday,01:30 AM,FC Twente,Pafos FC,scheduled,,false,false,31,MATCH_PREVIEW,FC Twente vs Pafos FC,"FC Twente vs Pafos FC

📅 Friday, 06 Nov 2026
⏰ 01:30 AM IST

#ConferenceLeague #FCTwente #PafosFC #Football"
match_fmb_uecl_2026-27_20261105_getafe_brighton_hove_albion,Conference League,UECL,2026/27,2026-11-06,Friday,01:30 AM,Getafe,Brighton & Hove Albion,scheduled,,false,false,31,MATCH_PREVIEW,Getafe vs Brighton & Hove Albion,"Getafe vs Brighton & Hove Albion

📅 Friday, 06 Nov 2026
⏰ 01:30 AM IST

#ConferenceLeague #Getafe #BrightonandHoveAlbion #Football"
match_fmb_uecl_2026-27_20261105_lugano_fk_kauno_zalgiris,Conference League,UECL,2026/27,2026-11-06,Friday,01:30 AM,Lugano,FK Kauno Žalgiris,scheduled,,false,false,31,MATCH_PREVIEW,Lugano vs FK Kauno Žalgiris,"Lugano vs FK Kauno Žalgiris

📅 Friday, 06 Nov 2026
⏰ 01:30 AM IST

#ConferenceLeague #Lugano #FKKaunoalgiris #Football"
match_fmb_uecl_2026-27_20261105_monaco_nordsj_lland,Conference League,UECL,2026/27,2026-11-06,Friday,01:30 AM,Monaco,Nordsjælland,scheduled,,false,false,31,MATCH_PREVIEW,Monaco vs Nordsjælland,"Monaco vs Nordsjælland

📅 Friday, 06 Nov 2026
⏰ 01:30 AM IST

#ConferenceLeague #Monaco #Nordsjlland #Football"
